source,competition_year,name,age,school,country,project,award,rank,likely_under_20_today,source_url,parse_notes
ISEF,2022,Yi-Shan Hung,,Taipei Municipal Zhongshan Girls High School,Chinese Taipei,Mechanisms of High-Salt Diet-Induced Learning Deficit in Drosophila,ANIMAL SCIENCES — First Award,,true,https://www.societyforscience.org/press-release/regeneron-isef-full-awards-2022/,age_missing
ISEF,2022,Varun Madan,,"Lake Highland Preparatory School, FL",United States of America,Year 5: Developing a Novel Multiple Linear Regression Model To Optimize Honey Bee Gut Immunity Using a Lactic Acid Bacteria Probiotic Mixture,ANIMAL SCIENCES — First Award,,true,https://www.societyforscience.org/press-release/regeneron-isef-full-awards-2022/,age_missing
ISEF,2022,Chinmayi Ramasubramanian,,"Sri Kumaran Children’s Home – CBSE, Karnataka",India,Averting Human-Elephant Conflict Using Machine Learning on Elephant Vocalizations,ANIMAL SCIENCES — Second Award,,true,https://www.societyforscience.org/press-release/regeneron-isef-full-awards-2022/,age_missing
ISEF,2022,Minjun Shin,,"Hankuk Academy of Foreign Studies, Gyeonggido",South Korea,"What You Eat, What You Are: Diet-induced Epigenetic Alteration of Tenebrio molitor’s Pigmentation",ANIMAL SCIENCES — Second Award,,true,https://www.societyforscience.org/press-release/regeneron-isef-full-awards-2022/,age_missing
ISEF,2022,Lauren Van,,"Portola High School, CA",United States of America,Uncovering the Origin and Evolution of the Firefly Bioluminescence Storage Protein,ANIMAL SCIENCES — Second Award,,true,https://www.societyforscience.org/press-release/regeneron-isef-full-awards-2022/,age_missing
ISEF,2022,Emma Markowitz,,"Maine Homeschool, ME",United States of America,A Non-Invasive Approach to the Treatment of Equine White Line Disease Using Poly-Wrap and Manuka Honey Topical,ANIMAL SCIENCES — Second Award,,true,https://www.societyforscience.org/press-release/regeneron-isef-full-awards-2022/,age_missing
ISEF,2022,Jrasnatt Vongkampun,,"Princess Chulabhon Science High School Pathumthani, Pathumthani, Thailand Marisa Arjananont, Princess Chulabhon Science High School Pathumthani, Pathumthani",Thailand,Rearing Crickets Teleogryllus mitratus in Green LED Light Can Significantly Reduce Limb Autotomy and Mortality,ANIMAL SCIENCES — Third Award,,true,https://www.societyforscience.org/press-release/regeneron-isef-full-awards-2022/,age_missing
ISEF,2022,Hisaaki Kawahara,,"Mie Prefectural Ise High School, Mie",Japan,"The Mechanism of Female Parasitoid Wasps, That Do Not Oviposit in the Hosts, Interrupt the Oviposition of the Other Female Wasps",ANIMAL SCIENCES — Third Award,,true,https://www.societyforscience.org/press-release/regeneron-isef-full-awards-2022/,age_missing
ISEF,2022,Sarah Schubel,,"Smithtown High School East, NY",United States of America,Loss of NMDA Receptor Signaling Results in Excess Proliferation of CNS and Neural Crest-Derived Cells,ANIMAL SCIENCES — Third Award,,true,https://www.societyforscience.org/press-release/regeneron-isef-full-awards-2022/,age_missing
ISEF,2022,Amara Orth,,"Lewis Central High School, IA",United States of America,Secret Sounds of Bees: Analysis of Honey Bee Vibroacoustics Using Hidden Markov Models,ANIMAL SCIENCES — Third Award,,true,https://www.societyforscience.org/press-release/regeneron-isef-full-awards-2022/,age_missing
ISEF,2022,Grant Gallagher,,"Sage Hill School, CA",United States of America,Robotic Microinjection of Embryos for Producing Transgenic Mosquitoes,ANIMAL SCIENCES — Third Award,,true,https://www.societyforscience.org/press-release/regeneron-isef-full-awards-2022/,age_missing
ISEF,2022,Caleb Smith,,"Southwest Metro High School, MN",United States of America,"Harms and Benefits of Oral Sucrose To Reduce Adverse Events, Pain and Distress During Veterinary Needle Prick Procedures in Domestic Rabbits: Random Control Trial",ANIMAL SCIENCES — Third Award,,true,https://www.societyforscience.org/press-release/regeneron-isef-full-awards-2022/,age_missing
ISEF,2022,Asmi Kumar,,"Milton High School, GA",United States of America,FollowMe: AI To Revolutionize Cortical Visual Impairment,BEHAVIORAL AND SOCIAL SCIENCES — First Award,,true,https://www.societyforscience.org/press-release/regeneron-isef-full-awards-2022/,age_missing
ISEF,2022,Vivek Kogilathota,,"Rick Reedy High School, TX",United States of America,iPonder: A Multimodal and Anonymous Approach to Remote Teen Mental Health Diagnosis and Peer-Based Conversational Therapy via Deep Transfer Learning and Computer Vision,BEHAVIORAL AND SOCIAL SCIENCES — First Award,,true,https://www.societyforscience.org/press-release/regeneron-isef-full-awards-2022/,age_missing
ISEF,2022,Siddhanth Pachipala,,"College Park High School, TX",United States of America,"SuiSensor: A Novel, Low-Cost Machine Learning System for Real-Time Suicide Risk Identification and Treatment Optimization via Computational Linguistics",BEHAVIORAL AND SOCIAL SCIENCES — Second Award,,true,https://www.societyforscience.org/press-release/regeneron-isef-full-awards-2022/,age_missing
ISEF,2022,Olivia Wagner,,"H.H. Dow High School, MI",United States of America,A Quantitative Graphic Study and Wilcoxon Signed Rank Analysis To Determine If There Is a Significant Gender Difference in Summer Olympic Uniforms,BEHAVIORAL AND SOCIAL SCIENCES — Second Award,,true,https://www.societyforscience.org/press-release/regeneron-isef-full-awards-2022/,age_missing
ISEF,2022,Haolin Li,,"Crescent School, Ontario",Canada,Decoding the Underlying Neural Activity of Neurodegeneration in Traumatic Brain Injury,BEHAVIORAL AND SOCIAL SCIENCES — Second Award,,true,https://www.societyforscience.org/press-release/regeneron-isef-full-awards-2022/,age_missing
ISEF,2022,Tadiswa-Chloe Mafara,,"Peterhouse Girls School, Mashonaland East, Zimbabwe Tanatswa Matonda, Peterhouse Girls School, Mashonaland East",Zimbabwe,Mechatronics in a Zimbabwean Girl’s World: Cultivating Interest in STEM Among Female Students in Zimbabwe by Using Mechatronics,BEHAVIORAL AND SOCIAL SCIENCES — Second Award,,true,https://www.societyforscience.org/press-release/regeneron-isef-full-awards-2022/,age_missing
ISEF,2022,Sarah Park,,"The Bolles School, FL",United States of America,Spark Care+: Personalized Music Therapy Device Utilizing Artificial Intelligence Model,BEHAVIORAL AND SOCIAL SCIENCES — Third Award,,true,https://www.societyforscience.org/press-release/regeneron-isef-full-awards-2022/,age_missing
ISEF,2022,Mawaddah Ali,,"Umm Salamah, Makkah",Saudi Arabia,A Novel Application of Three-Dimensional Printing in Personalizing Drug Dosage,BEHAVIORAL AND SOCIAL SCIENCES — Third Award,,true,https://www.societyforscience.org/press-release/regeneron-isef-full-awards-2022/,age_missing
ISEF,2022,Eloize Quintal Ferreira,,"Escola Municipal de Ensino Fundamental Aristóteles Emiliano de Castro, Pará, Brazil Oscar Paraguassu, Escola Municipal de Ensino Fundamental Aristóteles Emiliano de Castro, Pará",Brazil,Animated Legends: Recovering the Imaginary From the Amazonian Region City of Igarape-Miri Through Audiovisual Productions Based on Oral Narratives,BEHAVIORAL AND SOCIAL SCIENCES — Third Award,,true,https://www.societyforscience.org/press-release/regeneron-isef-full-awards-2022/,age_missing
ISEF,2022,Edith Bachmann,,"Byram Hills High School, NY",United States of America,Tell Me a Story: The Effects of Storytelling vs. Story-Reading on the Executive Functions of Fourth Graders,BEHAVIORAL AND SOCIAL SCIENCES — Third Award,,true,https://www.societyforscience.org/press-release/regeneron-isef-full-awards-2022/,age_missing
ISEF,2022,Dara Neumann,,"Plainview-Old Bethpage John F. Kennedy High School, NY",United States of America,A Novel Evaluation of Current Psychiatric Treatment Paradigms Involving Polypharmacy via Resting-State Functional Magnetic Resonance Imaging (fMRI) in a Sample of Patients With Bipolar I Disorder,BEHAVIORAL AND SOCIAL SCIENCES — Third Award,,true,https://www.societyforscience.org/press-release/regeneron-isef-full-awards-2022/,age_missing
ISEF,2022,Kosha Upadhyay,,"Bellevue Senior High School, WA",United States of America,Cognitive Profiling and Personalized Therapy Recommendation for Dementia Through a Language-Aware Multi-Model Artificially Intelligent System,BEHAVIORAL AND SOCIAL SCIENCES — Third Award,,true,https://www.societyforscience.org/press-release/regeneron-isef-full-awards-2022/,age_missing
ISEF,2022,Maya Butani,,"Moorestown High School, NJ",United States of America,Novel Plant-Derived Scaffolds Influence Cellular Mechanotransduction and Differentiation,BIOCHEMISTRY — First Award,,true,https://www.societyforscience.org/press-release/regeneron-isef-full-awards-2022/,age_missing
ISEF,2022,Aarya Morgaonkar,,"Irvington High School, CA",United States of America,"Computational Design, Docking, and Analysis of Novel Aryl Sulfone Compounds as Potential NNRTIs",BIOCHEMISTRY — Second Award,,true,https://www.societyforscience.org/press-release/regeneron-isef-full-awards-2022/,age_missing
ISEF,2022,Andy Zhang,,"Irvington High School, CA",United States of America,"Computational Design, Docking, and Analysis of Novel Aryl Sulfone Compounds as Potential NNRTIs",BIOCHEMISTRY — Second Award,,true,https://www.societyforscience.org/press-release/regeneron-isef-full-awards-2022/,age_missing
ISEF,2022,Rohan Adwankar,,"Irvington High School, CA",United States of America,"Computational Design, Docking, and Analysis of Novel Aryl Sulfone Compounds as Potential NNRTIs",BIOCHEMISTRY — Second Award,,true,https://www.societyforscience.org/press-release/regeneron-isef-full-awards-2022/,age_missing
ISEF,2022,Rohan Bhosale,,"Carmel High School, IN",United States of America,Accelerated Bio-Chemical Depolymerization of Plastics From Surgical Face Masks: A Proactive Solution to the Impending Environmental Pandemic,BIOCHEMISTRY — Second Award,,true,https://www.societyforscience.org/press-release/regeneron-isef-full-awards-2022/,age_missing
ISEF,2022,Sarvesh Prabhu,,"FIITJEE Junior College, Telangana",India,A Novel Study of the Bio-insecticidal Properties of Annona reticulata L.,BIOCHEMISTRY — Third Award,,true,https://www.societyforscience.org/press-release/regeneron-isef-full-awards-2022/,age_missing
ISEF,2022,Matthew Noto,,"Canyon Crest Academy, CA",United States of America,Novel Inhibitors for Conserved Regions of RecA To Slow Bacterial Antibiotic Resistance,BIOCHEMISTRY — Third Award,,true,https://www.societyforscience.org/press-release/regeneron-isef-full-awards-2022/,age_missing
ISEF,2022,Halley Compuesto,,"Vista Ridge High School, TX",United States of America,An Integrative Approach of Utilizing Antipsychotic Supplements Designated for Schizophrenia and Endogenous Firing Rate Differential Equation Models To Induce Neuronal Synaptic Activity in PINK-1 Gene Mutated C. elegans With Parkinson’s Disease,BIOCHEMISTRY — Third Award,,true,https://www.societyforscience.org/press-release/regeneron-isef-full-awards-2022/,age_missing
ISEF,2022,Mehak Gaba,,"Vista Ridge High School, TX",United States of America,An Integrative Approach of Utilizing Antipsychotic Supplements Designated for Schizophrenia and Endogenous Firing Rate Differential Equation Models To Induce Neuronal Synaptic Activity in PINK-1 Gene Mutated C. elegans With Parkinson’s Disease,BIOCHEMISTRY — Third Award,,true,https://www.societyforscience.org/press-release/regeneron-isef-full-awards-2022/,age_missing
ISEF,2022,Rajvi Babaria,,"Vista Ridge High School, TX",United States of America,An Integrative Approach of Utilizing Antipsychotic Supplements Designated for Schizophrenia and Endogenous Firing Rate Differential Equation Models To Induce Neuronal Synaptic Activity in PINK-1 Gene Mutated C. elegans With Parkinson’s Disease,BIOCHEMISTRY — Third Award,,true,https://www.societyforscience.org/press-release/regeneron-isef-full-awards-2022/,age_missing
ISEF,2022,Jonathan Crawford,,"University School of Milwaukee, WI",United States of America,Defining the Mechanism of Fibroblast Death in Pulmonary Emphysema To Target Novel Therapies for COPD,BIOMEDICAL AND HEALTH SCIENCES — First Award,,true,https://www.societyforscience.org/press-release/regeneron-isef-full-awards-2022/,age_missing
ISEF,2022,Ambika Grover,,"Greenwich High School, CT",United States of America,"Design of a Novel, Dual-Functioning, Tissue Plasminogen Activator and Anticoagulant Therapeutic for Rapid Ischemic Stroke Treatment",BIOMEDICAL AND HEALTH SCIENCES — First Award,,true,https://www.societyforscience.org/press-release/regeneron-isef-full-awards-2022/,age_missing
ISEF,2022,Kristi Biswas,,"Paxon School for Advanced Studies, FL",United States of America,"Associations of Genetic SNPs With AD, Neuropathology, and Gene Expression Offers Novel Insight Into AD",BIOMEDICAL AND HEALTH SCIENCES — Second Award,,true,https://www.societyforscience.org/press-release/regeneron-isef-full-awards-2022/,age_missing
ISEF,2022,Griffin Hon,,"Syosset High School, NY",United States of America,Repurposed Cephalexin Causes Multifaceted Pro-Cancer Effects by Way of Wnt Signaling Pathway,BIOMEDICAL AND HEALTH SCIENCES — Second Award,,true,https://www.societyforscience.org/press-release/regeneron-isef-full-awards-2022/,age_missing
ISEF,2022,Christine Song,,"Mayo High School, MN",United States of America,Cure of Breast Cancer – Year 5: A Novel Approach to Treating Hormonal Breast Cancer Using Diabetic Medication Through Clinical Database and 3D ex vivo Model,BIOMEDICAL AND HEALTH SCIENCES — Second Award,,true,https://www.societyforscience.org/press-release/regeneron-isef-full-awards-2022/,age_missing
ISEF,2022,Katelyn Wasilenko,,"Ossining High School, NY",United States of America,Pediatric BMSC Exosome Treatment Requires Interaction With Bone Tissue Defect Environment To Improve Bone Repair,BIOMEDICAL AND HEALTH SCIENCES — Second Award,,true,https://www.societyforscience.org/press-release/regeneron-isef-full-awards-2022/,age_missing
ISEF,2022,Nicholas Wei,,"The Harker School, CA",United States of America,Investigating Epigenetic Modifications in Chromosome Structure in Cardiomyocyte Differentiation Mechanisms for Heart Disease Treatment,BIOMEDICAL AND HEALTH SCIENCES — Second Award,,true,https://www.societyforscience.org/press-release/regeneron-isef-full-awards-2022/,age_missing
ISEF,2022,Aditi Avinash,,"Rock Canyon High School, CO",United States of America,Quantitative Methods To Analyze the Synergism of Digestive Enzymes for Gluten Breakdown: A Step Closer to Making Glu-Relief Pills,BIOMEDICAL AND HEALTH SCIENCES — Third Award,,true,https://www.societyforscience.org/press-release/regeneron-isef-full-awards-2022/,age_missing
ISEF,2022,Alexander Lan,,"The Harker School, CA",United States of America,Variant Effect Prediction Using Deep Neural Networks for Alzheimer’s Disease,BIOMEDICAL AND HEALTH SCIENCES — Third Award,,true,https://www.societyforscience.org/press-release/regeneron-isef-full-awards-2022/,age_missing
ISEF,2022,Ella Lan,,"The Harker School, CA",United States of America,Performer: A Novel PPG to ECG Reconstruction Transformer for a Digital Biomarker of Cardiovascular Disease Detection,BIOMEDICAL AND HEALTH SCIENCES — Third Award,,true,https://www.societyforscience.org/press-release/regeneron-isef-full-awards-2022/,age_missing
ISEF,2022,Emily Dodd,,"Somers High School, NY",United States of America,Altered Homer1b/c Volumes and mGluR1/5-Homer1b/c Colocalization in Parkinson’s Disease-Linked LRRK2 G2019S Mice,BIOMEDICAL AND HEALTH SCIENCES — Third Award,,true,https://www.societyforscience.org/press-release/regeneron-isef-full-awards-2022/,age_missing
ISEF,2022,Adhvaith Sridhar,,"Wayzata High School, MN",United States of America,Immune System Innovation: Ushering in a New Era of Immunology Research by Characterizing Cell Populations Most Impacted by Normal Microbial Exposure for Preclinical Research and Healthcare Treatment Development Success,BIOMEDICAL AND HEALTH SCIENCES — Third Award,,true,https://www.societyforscience.org/press-release/regeneron-isef-full-awards-2022/,age_missing
ISEF,2022,Aaron George,,"Saint Dominic Savio Catholic High School, TX",United States of America,Reusable Screening Method for Malaria Infections From Thin Blood Smear Images Using Convolutional Neural Network,BIOMEDICAL AND HEALTH SCIENCES — Third Award,,true,https://www.societyforscience.org/press-release/regeneron-isef-full-awards-2022/,age_missing
ISEF,2022,Gabriel Ralston,,"Governor’s School at Innovation Park, VA",United States of America,Staying Ahead of the Hit: Concussion Recovery in Youth Optimized Using a Comprehensive App-Based Program (CRYO CAP),BIOMEDICAL AND HEALTH SCIENCES — Third Award,,true,https://www.societyforscience.org/press-release/regeneron-isef-full-awards-2022/,age_missing
ISEF,2022,Hamza Lateef,,"Governor’s School at Innovation Park, VA",United States of America,Staying Ahead of the Hit: Concussion Recovery in Youth Optimized Using a Comprehensive App-Based Program (CRYO CAP),BIOMEDICAL AND HEALTH SCIENCES — Third Award,,true,https://www.societyforscience.org/press-release/regeneron-isef-full-awards-2022/,age_missing
ISEF,2022,Tony Bright,,"Governor’s School at Innovation Park, VA",United States of America,Staying Ahead of the Hit: Concussion Recovery in Youth Optimized Using a Comprehensive App-Based Program (CRYO CAP),BIOMEDICAL AND HEALTH SCIENCES — Third Award,,true,https://www.societyforscience.org/press-release/regeneron-isef-full-awards-2022/,age_missing
ISEF,2022,Emirhan Kurtulus,,"Cagaloglu Anadolu Lisesi, Fatih",Turkey,A Novel End-to-End Deep Learning Pipeline for Stereotactic Cranial Surgery Planning,BIOMEDICAL ENGINEERING — First Award,,true,https://www.societyforscience.org/press-release/regeneron-isef-full-awards-2022/,age_missing
ISEF,2022,Rishab Jain,,"Westview High School, OR",United States of America,"Synthetic DNA Engineering With ICOR: Improving Codon Optimization With Recurrent Neural Networks Towards Efficient, Low-Cost, High-Efficacy Recombinant Vaccine and Pharmaceutical Manufacturing",BIOMEDICAL ENGINEERING — First Award,,true,https://www.societyforscience.org/press-release/regeneron-isef-full-awards-2022/,age_missing
ISEF,2022,Aditya Mehta,,"Dhirubhai Ambani International School, Maharashtra, India Maanav Kothari, Dhirubhai Ambani International School, Maharashtra",India,Mouthscope: Autonomous Detection of Oral Precancerous Lesions Using Fluorescent-Imaging and Computer-Vision,BIOMEDICAL ENGINEERING — Second Award,,true,https://www.societyforscience.org/press-release/regeneron-isef-full-awards-2022/,age_missing
ISEF,2022,Aryan Kalluvila,,"Hartford Union High School, WI",United States of America,An Efficient and Accurate Super-Resolution Approach to Low-Field MRI via U-Net Architecture With Logarithmic Loss and L2 Regularization,BIOMEDICAL ENGINEERING — Second Award,,true,https://www.societyforscience.org/press-release/regeneron-isef-full-awards-2022/,age_missing
ISEF,2022,Okezue Bell,,"Moravian Academy, PA",United States of America,A Novel Robust and Low-Cost Anthropomorphic Myoprosthesis: Utilizing an Articulated Soft Robotic System and Convolution Kernel Compensation-Based Non-Invasive EMG Decoding for Bionic Restoration of Upper Limb Function to Amputees,BIOMEDICAL ENGINEERING — Second Award,,true,https://www.societyforscience.org/press-release/regeneron-isef-full-awards-2022/,age_missing
ISEF,2022,Vladimir Mamchik,,"Jesuit High School, OR",United States of America,"Dynamic Extraocular Filtering: A Novel Method for Active Correction of Color Vision Deficiency, Validated With Steady-State Visual Evoked Potentials",BIOMEDICAL ENGINEERING — Second Award,,true,https://www.societyforscience.org/press-release/regeneron-isef-full-awards-2022/,age_missing
ISEF,2022,Liberty Jacob,,"Barker College, New South Wales",Australia,Walking Tall,BIOMEDICAL ENGINEERING — Third Award,,true,https://www.societyforscience.org/press-release/regeneron-isef-full-awards-2022/,age_missing
ISEF,2022,Neha Sangani,,"Hathaway Brown School, OH",United States of America,Procoagulant Synthetic Platelets To Restore Hemostatic Clot Quality in Platelet Dysfunction Settings,BIOMEDICAL ENGINEERING — Third Award,,true,https://www.societyforscience.org/press-release/regeneron-isef-full-awards-2022/,age_missing
ISEF,2022,Natalia Pahlavan,,"Jericho High School, NY",United States of America,Automatic Diagnosis of Cardiovascular Disease: 12-Lead Electrocardiogram and Elucidating Sex Differences via Deep Learning,BIOMEDICAL ENGINEERING — Third Award,,true,https://www.societyforscience.org/press-release/regeneron-isef-full-awards-2022/,age_missing
ISEF,2022,Rachel Pizzolato,,"Elearning Academy, LA",United States of America,Incorporating an Articulating Facemask Into a Multi-Directional Self-Centering Linear Damping Football Helmet System,BIOMEDICAL ENGINEERING — Third Award,,true,https://www.societyforscience.org/press-release/regeneron-isef-full-awards-2022/,age_missing
ISEF,2022,Gopalaniruddh Tadinada,,"duPont Manual High School, KY",United States of America,The Development of a Low-Cost Holistic System for the Stratified Screening of Pancreatic Ductal Adenocarcinoma Utilizing Urinary miRNA Biomarkers,BIOMEDICAL ENGINEERING — Third Award,,true,https://www.societyforscience.org/press-release/regeneron-isef-full-awards-2022/,age_missing
ISEF,2022,Rishabh Ranjan,,"duPont Manual High School, KY",United States of America,The Development of a Low-Cost Holistic System for the Stratified Screening of Pancreatic Ductal Adenocarcinoma Utilizing Urinary miRNA Biomarkers,BIOMEDICAL ENGINEERING — Third Award,,true,https://www.societyforscience.org/press-release/regeneron-isef-full-awards-2022/,age_missing
ISEF,2022,Hardit Singh,,"Cameron Heights Collegiate Institute, Ontario",Canada,Speculor: A Comprehensive Teleophthalmology Platform for People Centered Eyecare,BIOMEDICAL ENGINEERING — Third Award,,true,https://www.societyforscience.org/press-release/regeneron-isef-full-awards-2022/,age_missing
ISEF,2022,Gitanjali Rao,,"STEM School Highlands Ranch, CO",United States of America,A Novel Approach to Early Directional Diagnosis of Prescription Opioid Addiction,BIOMEDICAL ENGINEERING — Third Award,,true,https://www.societyforscience.org/press-release/regeneron-isef-full-awards-2022/,age_missing
ISEF,2022,Shivani Babu,,"Auburn High School, AL",United States of America,Attenuation of Adipocyte Hypertrophy in a Palmitic Acid-Induced 3T3 Cell Model Through Lupeol Treatment,CELLULAR AND MOLECULAR BIOLOGY — First Award,,true,https://www.societyforscience.org/press-release/regeneron-isef-full-awards-2022/,age_missing
ISEF,2022,Zehra Jaffery,,"Jasper High School, TX",United States of America,The Mechanism of Methylmercury Permeation Through the Blood-Brain Barrier Using C. elegans,CELLULAR AND MOLECULAR BIOLOGY — Second Award,,true,https://www.societyforscience.org/press-release/regeneron-isef-full-awards-2022/,age_missing
ISEF,2022,Bhavana Sridharan,,"Little Rock Central High School, AR",United States of America,In vitro Evaluation of the Antioxidant Potential and Differential Effects of Punicalagin in Normal and Breast Cancer Cells,CELLULAR AND MOLECULAR BIOLOGY — Second Award,,true,https://www.societyforscience.org/press-release/regeneron-isef-full-awards-2022/,age_missing
ISEF,2022,Miah Margiano,,"Saint Anthony’s High School, NY",United States of America,LncRNAs Influence on NK Cells: Potential Therapeutic Target for Neuroblastoma,CELLULAR AND MOLECULAR BIOLOGY — Third Award,,true,https://www.societyforscience.org/press-release/regeneron-isef-full-awards-2022/,age_missing
ISEF,2022,Benjamin Persily,,"King School, CT",United States of America,The Use of Prime Editing To Induce and Correct the CFTR-F508del Mutation in Induced Pluripotent Stem Cells,CELLULAR AND MOLECULAR BIOLOGY — Third Award,,true,https://www.societyforscience.org/press-release/regeneron-isef-full-awards-2022/,age_missing
ISEF,2022,Michael Gao,,"North Hills High School, PA",United States of America,A Novel Autophagy-Related Gene Regulates Autophagy Through Endolysosomal Pathway,CELLULAR AND MOLECULAR BIOLOGY — Third Award,,true,https://www.societyforscience.org/press-release/regeneron-isef-full-awards-2022/,age_missing
ISEF,2022,Dana Al Aithan,,"Al-Anjal Private School, Eastern",Saudi Arabia,Selective Dehydrogenation of Formic Acid Using an Efficient Cost-Effective Ruthenium-Based Catalyst for Generating Power in Automobiles,CHEMISTRY — First Award,,true,https://www.societyforscience.org/press-release/regeneron-isef-full-awards-2022/,age_missing
ISEF,2022,Nishant Lahiri,,"Corning-Painted Post High School, NY",United States of America,Polyethyleneimine Impregnated Adsorbents for a Community-Based Carbon Capture and Sequestration Approach,CHEMISTRY — First Award,,true,https://www.societyforscience.org/press-release/regeneron-isef-full-awards-2022/,age_missing
ISEF,2022,Pavel Karasek,,"Gymnazium Brno, Trida Kapitana Jarose, Prispevkova Organizace, South Moravian Region",Czech Republic,Modification of Silica Surface With Supercritical Water as a Tool Indicating New Possibilities of Existing Separation Methods,CHEMISTRY — Second Award,,true,https://www.societyforscience.org/press-release/regeneron-isef-full-awards-2022/,age_missing
ISEF,2022,Ryan McGinnis,,"West Geauga High School, OH",United States of America,Electrolysis of 3D Polylactic Acid (PLA) for Custom Fabrication of Sustainable Electromagnets,CHEMISTRY — Second Award,,true,https://www.societyforscience.org/press-release/regeneron-isef-full-awards-2022/,age_missing
ISEF,2022,Steven Liu,,"Shady Side Academy, PA",United States of America,Techno-Economic Assessment of a Cost and Quality-Based Algal Biodiesel Production Process,CHEMISTRY — Second Award,,true,https://www.societyforscience.org/press-release/regeneron-isef-full-awards-2022/,age_missing
ISEF,2022,Kyra Henriques,,"Oviedo High School, FL",United States of America,Analysis of Microplastic Removal Efficiency of Synthesized Ferrofluids and the Development of an Automated Prototype for Aquatic Environments,CHEMISTRY — Second Award,,true,https://www.societyforscience.org/press-release/regeneron-isef-full-awards-2022/,age_missing
ISEF,2022,Devaj Gupta,,"DPS International, Delhi",India,Graphene Oxide-Based Nanoformulations: A Novel Solution To Manage Aedes aegypti,CHEMISTRY — Third Award,,true,https://www.societyforscience.org/press-release/regeneron-isef-full-awards-2022/,age_missing
ISEF,2022,Lu-An Lin,,"Taipei First Girls High School, Chinese Taipei Ti-An Hsu, Taipei First Girls High School",Chinese Taipei,Degradation of rPLA With the Non-Metal Catalyst (PLADEG) and Its Application in Vitrimer Synthesis,CHEMISTRY — Third Award,,true,https://www.societyforscience.org/press-release/regeneron-isef-full-awards-2022/,age_missing
ISEF,2022,Alex Wang,,"Syosset High School, NY",United States of America,Computational Assessment of Macrocyclic Host-Guest Ion-Dipole Interactions With Negative Pores,CHEMISTRY — Third Award,,true,https://www.societyforscience.org/press-release/regeneron-isef-full-awards-2022/,age_missing
ISEF,2022,Rishi Hazra,,"Skyline High School, WA",United States of America,"Characterization of Enzymes, Chalcone Synthase, Chalcone Isomerase, and Dihydroflavonol 4-Reductase, by X-Ray Crystallography To Improve the Efficacy of Crops Panicum virgatum and Sorghum bicolor as Potential USDA Biofuel Sources",CHEMISTRY — Third Award,,true,https://www.societyforscience.org/press-release/regeneron-isef-full-awards-2022/,age_missing
ISEF,2022,Aditi Kiran,,"BASIS Independent Fremont, CA",United States of America,The Effect of Carbon Quantum Dots Derived From Yucca filamentosa on the Photosensitivity of a Dye-Sensitized Solar Cell,CHEMISTRY — Third Award,,true,https://www.societyforscience.org/press-release/regeneron-isef-full-awards-2022/,age_missing
ISEF,2022,Taytum Stratton,,"SUCCESS Academy – SUU, UT",United States of America,Novel Synthesis and Characterization of Manganese Nanoparticles: A Third Year Study,CHEMISTRY — Third Award,,true,https://www.societyforscience.org/press-release/regeneron-isef-full-awards-2022/,age_missing
ISEF,2022,Kevin Zhu,,"Jericho High School, NY",United States of America,Recurrent Repeat Contractions: Investigating a Novel Genomic Factor of Polymorphism in 10 Human Cancers,COMPUTATIONAL BIOLOGY AND BIOINFORMATICS — First Award,,true,https://www.societyforscience.org/press-release/regeneron-isef-full-awards-2022/,age_missing
ISEF,2022,Nattawin Yamprasert,,"Mahidol Wittayanusorn School, Nakhon Pathom, Thailand Pawit Kaewnuratchadasorn, Mahidol Wittayanusorn School, Nakhon Pathom, Thailand Wutthipong Chongchareansanti, Mahidol Wittayanusorn School, Nakhon Pathom",Thailand,CANDraGAT: A Hybrid Fragment-Based Graph Attention Network To Improve Cancer Drug Response Prediction,COMPUTATIONAL BIOLOGY AND BIOINFORMATICS — First Award,,true,https://www.societyforscience.org/press-release/regeneron-isef-full-awards-2022/,age_missing
ISEF,2022,Rithvik Ganesh,,"Plano West Senior High School, TX",United States of America,Experimental Characterization of Inhibitors of the MSUT-2 Protein for the Treatment of Neurodegenerative Diseases (Year 2),COMPUTATIONAL BIOLOGY AND BIOINFORMATICS — Second Award,,true,https://www.societyforscience.org/press-release/regeneron-isef-full-awards-2022/,age_missing
ISEF,2022,Ryan Park,,"Millburn High School, NJ",United States of America,ARIEL: Adversarial Neural Evolution for Unified Variant Forecasting and Proactive Therapeutic Design,COMPUTATIONAL BIOLOGY AND BIOINFORMATICS — Second Award,,true,https://www.societyforscience.org/press-release/regeneron-isef-full-awards-2022/,age_missing
ISEF,2022,Minnie Liang,,"West Lafayette Junior/Senior High School, IN",United States of America,Identification of Pancreatic Cancer Driver Genes With a Novel Machine Learning Approach,COMPUTATIONAL BIOLOGY AND BIOINFORMATICS — Second Award,,true,https://www.societyforscience.org/press-release/regeneron-isef-full-awards-2022/,age_missing
ISEF,2022,Khushi Parikh,,"Gilbert Classical Academy, AZ",United States of America,Machine Learning To Detect Fusarium Wilt of Banana,COMPUTATIONAL BIOLOGY AND BIOINFORMATICS — Second Award,,true,https://www.societyforscience.org/press-release/regeneron-isef-full-awards-2022/,age_missing
ISEF,2022,Amber Luo,,"Ward Melville High School, NY",United States of America,RiboBayes: Assessing the Transcriptome-Wide Expression of Ribosome Pause Sites in Ribosome Profiling Data With Bayesian Wavelet Thresholding,COMPUTATIONAL BIOLOGY AND BIOINFORMATICS — Third Award,,true,https://www.societyforscience.org/press-release/regeneron-isef-full-awards-2022/,age_missing
ISEF,2022,Amogh Chaturvedi,,"Canyon Crest Academy, CA",United States of America,DIANE: A Novel Multi-Omics Data Integration Framework Using Attributed Network Embedding Paired With Machine Learning for More Accurate Biomedical Classification,COMPUTATIONAL BIOLOGY AND BIOINFORMATICS — Third Award,,true,https://www.societyforscience.org/press-release/regeneron-isef-full-awards-2022/,age_missing
ISEF,2022,Edward Jung,,"University High School, CA",United States of America,Exploring the Effects of Supervised Contrastive Learning on Alzheimer’s Disease Classification With the F-18 AV45 PET Modality,COMPUTATIONAL BIOLOGY AND BIOINFORMATICS — Third Award,,true,https://www.societyforscience.org/press-release/regeneron-isef-full-awards-2022/,age_missing
ISEF,2022,Satvik Dasariraju,,"The Lawrenceville School, NJ",United States of America,RARE: Machine Learning Approach for Binning Rare Variant Features to Detect Association With Disease,COMPUTATIONAL BIOLOGY AND BIOINFORMATICS — Third Award,,true,https://www.societyforscience.org/press-release/regeneron-isef-full-awards-2022/,age_missing
ISEF,2022,Caroline Huang,,"Abbey Park High School, Ontario",Canada,Chaos in Cancer: Analyzing Network Morphology To Predict Tumor Angiogenesis Using Chaos Theory,COMPUTATIONAL BIOLOGY AND BIOINFORMATICS — Third Award,,true,https://www.societyforscience.org/press-release/regeneron-isef-full-awards-2022/,age_missing
ISEF,2022,Alice Liu,,"Boston Latin School, MA",United States of America,Quantum Support Vector Machines (QSVMs) for Breast Cancer Detection on IBM’s Hardware,COMPUTATIONAL BIOLOGY AND BIOINFORMATICS — Third Award,,true,https://www.societyforscience.org/press-release/regeneron-isef-full-awards-2022/,age_missing
ISEF,2022,Rebecca Cho,,"Jericho High School, NY",United States of America,Reconstruction Modeling Using Tectonics and Climate of Western North America,EARTH AND ENVIRONMENTAL SCIENCES — First Award,,true,https://www.societyforscience.org/press-release/regeneron-isef-full-awards-2022/,age_missing
ISEF,2022,Anika Puri,,"Horace Greeley High School, NY",United States of America,ElSa: A Novel Real-Time Wildlife Poacher Detection Solution Leveraging Machine Learning-Driven Spatio-Temporal Analysis of Nighttime UAV Thermal Infrared Videos,EARTH AND ENVIRONMENTAL SCIENCES — First Award,,true,https://www.societyforscience.org/press-release/regeneron-isef-full-awards-2022/,age_missing
ISEF,2022,Rishita Ghosh,,"Learning Paths School, Punjab",India,Designing of Nitrogen Doped Melamine Foam-Graphene-CNT-Metal Oxide Heterostructure Photocatalyst for Industrial Waste Management,EARTH AND ENVIRONMENTAL SCIENCES — Second Award,,true,https://www.societyforscience.org/press-release/regeneron-isef-full-awards-2022/,age_missing
ISEF,2022,Tarunika Sasikumar,,"Plainview-Old Bethpage John F. Kennedy High School, NY",United States of America,Assessing the Efficacy of the U.S. Endangered Species Act Through the Novel Quantification of Species Charisma and Respective Population Trends,EARTH AND ENVIRONMENTAL SCIENCES — Second Award,,true,https://www.societyforscience.org/press-release/regeneron-isef-full-awards-2022/,age_missing
ISEF,2022,Artash Nath,,"Bloor Collegiate Institute, Ontario",Canada,The Silence of Global Oceans: Acoustic Impact of the COVID-19 Lockdown,EARTH AND ENVIRONMENTAL SCIENCES — Second Award,,true,https://www.societyforscience.org/press-release/regeneron-isef-full-awards-2022/,age_missing
ISEF,2022,Eyrin Kim,,"Farragut High School, TN",United States of America,Planning Equitable Accessibility to Dialysis Care: A Case Study of Hurricane Ida,EARTH AND ENVIRONMENTAL SCIENCES — Second Award,,true,https://www.societyforscience.org/press-release/regeneron-isef-full-awards-2022/,age_missing
ISEF,2022,Jirapon Sengnongban,,"Princess Chulabhon Science High School Pathumthani, Pathumthani, Thailand Thitipong Larndate, Princess Chulabhon Science High School Pathumthani, Pathumthani",Thailand,A Novel Floatable Planting Material for Inner Mangrove Forest Inspired by Barringtonia asiatica,EARTH AND ENVIRONMENTAL SCIENCES — Second Award,,true,https://www.societyforscience.org/press-release/regeneron-isef-full-awards-2022/,age_missing
ISEF,2022,Sunny You,,"Miami Palmetto Senior High School, FL",United States of America,Predicting Future Tropical Cyclone Intensity Using a Convolutional Neural Network,EARTH AND ENVIRONMENTAL SCIENCES — Third Award,,true,https://www.societyforscience.org/press-release/regeneron-isef-full-awards-2022/,age_missing
ISEF,2022,Arjun Gupta,,"Quest for Education and Arts, AZ",United States of America,Nouveau-AI-Plastic-Degen: A Novel Approach Using AI-Based Enzyme Engineering To Design New and Highly Efficient Marine Plastic Degrading Enzymes,EARTH AND ENVIRONMENTAL SCIENCES — Third Award,,true,https://www.societyforscience.org/press-release/regeneron-isef-full-awards-2022/,age_missing
ISEF,2022,Maria Chzhen,,"Westdale Secondary School, Ontario",Canada,Multiple Factor Regression Analysis of Vegetation Changes and Land Degradation in Drylands,EARTH AND ENVIRONMENTAL SCIENCES — Third Award,,true,https://www.societyforscience.org/press-release/regeneron-isef-full-awards-2022/,age_missing
ISEF,2022,Eliana Juarez,,"V. Sue Cleveland High School, NM",United States of America,Urban Ozone Forecasting and Policy Recommendations Through Photochemical Modeling and Machine Learning,EARTH AND ENVIRONMENTAL SCIENCES — Third Award,,true,https://www.societyforscience.org/press-release/regeneron-isef-full-awards-2022/,age_missing
ISEF,2022,Cameron Dunn,,"Boston College High School, MA",United States of America,Effects of Copper Sulfate Exposure on the Nervous System of the Hirudo verbana Leech,EARTH AND ENVIRONMENTAL SCIENCES — Third Award,,true,https://www.societyforscience.org/press-release/regeneron-isef-full-awards-2022/,age_missing
ISEF,2022,Ashton Ryan,,"Rochester High School, IL",United States of America,Zooplankton Studies in Lentic Ecosystems – Phase VI: Vertical Migration,EARTH AND ENVIRONMENTAL SCIENCES — Third Award,,true,https://www.societyforscience.org/press-release/regeneron-isef-full-awards-2022/,age_missing
ISEF,2022,Suraj Vaddi,,"Thomas Jefferson High School for Science and Technology, VA",United States of America,Tar Print: Novel Convolutional Remote Sensing Techniques To Quantify Urbanization and Study Water Quality,EARTH AND ENVIRONMENTAL SCIENCES — Third Award,,true,https://www.societyforscience.org/press-release/regeneron-isef-full-awards-2022/,age_missing
ISEF,2022,James Nagler,,"Garden City High School, NY",United States of America,Project Vision: Virtual Environment Through Artificial Intelligence Recognition,EMBEDDED SYSTEMS — First Award,,true,https://www.societyforscience.org/press-release/regeneron-isef-full-awards-2022/,age_missing
ISEF,2022,Harrison Gover,,"The Carol Martin Gatton Academy of Mathematics and Science in Kentucky, KY",United States of America,Water Pollution Detection Using Autonomous Drone Hardware and Software,EMBEDDED SYSTEMS — Second Award,,true,https://www.societyforscience.org/press-release/regeneron-isef-full-awards-2022/,age_missing
ISEF,2022,Nishu Anekere,,"The Carol Martin Gatton Academy of Mathematics and Science in Kentucky, KY",United States of America,Water Pollution Detection Using Autonomous Drone Hardware and Software,EMBEDDED SYSTEMS — Second Award,,true,https://www.societyforscience.org/press-release/regeneron-isef-full-awards-2022/,age_missing
ISEF,2022,Sahil Krishnani,,"The Carol Martin Gatton Academy of Mathematics and Science in Kentucky, KY",United States of America,Water Pollution Detection Using Autonomous Drone Hardware and Software,EMBEDDED SYSTEMS — Second Award,,true,https://www.societyforscience.org/press-release/regeneron-isef-full-awards-2022/,age_missing
ISEF,2022,Dawen Cheng,,"Barrington High School, RI",United States of America,A Dangerous Occasion Monitoring and Management System,EMBEDDED SYSTEMS — Second Award,,true,https://www.societyforscience.org/press-release/regeneron-isef-full-awards-2022/,age_missing
ISEF,2022,Yike Chen,,"Barrington High School, RI",United States of America,A Dangerous Occasion Monitoring and Management System,EMBEDDED SYSTEMS — Second Award,,true,https://www.societyforscience.org/press-release/regeneron-isef-full-awards-2022/,age_missing
ISEF,2022,Yiming Xiong,,"Barrington High School, RI",United States of America,A Dangerous Occasion Monitoring and Management System,EMBEDDED SYSTEMS — Second Award,,true,https://www.societyforscience.org/press-release/regeneron-isef-full-awards-2022/,age_missing
ISEF,2022,Sarang Goel,,"Coppell High School, TX",United States of America,IVY – Intelligent Vision System for the Visually Impaired,EMBEDDED SYSTEMS — Third Award,,true,https://www.societyforscience.org/press-release/regeneron-isef-full-awards-2022/,age_missing
ISEF,2022,Eric Zou,,"BASIS San Antonio Shavano Campus, TX",United States of America,Finding Perfect Watermelons: Non-Destructive Ripeness Detection via Photoacoustics – A Pilot Study,EMBEDDED SYSTEMS — Third Award,,true,https://www.societyforscience.org/press-release/regeneron-isef-full-awards-2022/,age_missing
ISEF,2022,Aditi Bhaskar,,"Wilsonville High School, OR",United States of America,Invisible Blues (Novel Device for Detection and Measurement of Nitrogen Traces in a Sample),EMBEDDED SYSTEMS — Third Award,,true,https://www.societyforscience.org/press-release/regeneron-isef-full-awards-2022/,age_missing
ISEF,2022,Abdullah Al-Ghamdi,,"Al-Hussan High School, Eastern",Saudi Arabia,Engineering a Bifunctional Metal: Organic Framework for Efficient and Cost-Effective Hydrogen Production and Storage,ENERGY: SUSTAINABLE MATERIALS AND DESIGN — First Award,,true,https://www.societyforscience.org/press-release/regeneron-isef-full-awards-2022/,age_missing
ISEF,2022,Jordan Prawira,,"Mountain House High School, CA",United States of America,"Pura Aer: A Low-Cost, Energy-Efficient Portable Air Purifier System Using Disposable Face Mask for Emergency and Daily Uses",ENERGY: SUSTAINABLE MATERIALS AND DESIGN — Second Award,,true,https://www.societyforscience.org/press-release/regeneron-isef-full-awards-2022/,age_missing
ISEF,2022,Otto Beall,,"Plano East Senior High School, TX",United States of America,Redesigning Surface Conduction Manifolds To Improve the Efficiency and Reliability of Solar Cells,ENERGY: SUSTAINABLE MATERIALS AND DESIGN — Second Award,,true,https://www.societyforscience.org/press-release/regeneron-isef-full-awards-2022/,age_missing
ISEF,2022,Mars Kapadia,,"Gilbert Classical Academy, AZ",United States of America,The Use of Alternative Non-Solid Chemicals To Create an Advanced Energy Storage System With a Machine Learning Charging System,ENERGY: SUSTAINABLE MATERIALS AND DESIGN — Second Award,,true,https://www.societyforscience.org/press-release/regeneron-isef-full-awards-2022/,age_missing
ISEF,2022,Memory Bvungo,,Dominican Convent High School Harare,Zimbabwe,Typhi capensis (Reed) Biofuel,ENERGY: SUSTAINABLE MATERIALS AND DESIGN — Third Award,,true,https://www.societyforscience.org/press-release/regeneron-isef-full-awards-2022/,age_missing
ISEF,2022,Abdullah Al Hamadat,,"AL Bassam-IGCSE, Eastern",Saudi Arabia,Co-Ferrite Modified Hematite Films for All-Day Active Photo-Electrocatalyst Electrode in Water Splitting,ENERGY: SUSTAINABLE MATERIALS AND DESIGN — Third Award,,true,https://www.societyforscience.org/press-release/regeneron-isef-full-awards-2022/,age_missing
ISEF,2022,Calvin Karthik,,"Kenner Collegiate Vocational Institute, Ontario",Canada,A Mighty Mushroom and the Power of Poop: Testing Biogas Production Using Spent Mushroom Substrate V2,ENERGY: SUSTAINABLE MATERIALS AND DESIGN — Third Award,,true,https://www.societyforscience.org/press-release/regeneron-isef-full-awards-2022/,age_missing
ISEF,2022,Margaret Yang,,"Cranbrook Kingswood School, MI",United States of America,Engineering Compositionally Uniform Whole-Cell Biocatalyst for Biofuel,ENERGY: SUSTAINABLE MATERIALS AND DESIGN — Third Award,,true,https://www.societyforscience.org/press-release/regeneron-isef-full-awards-2022/,age_missing
ISEF,2022,Amon Schumann,,Robert-Havemann-Gymnasium,Germany,Around the World in Eighty Days: Small Radiosondes on a Great Mission,ENGINEERING TECHNOLOGY: STATICS & DYNAMICS — First Award,,true,https://www.societyforscience.org/press-release/regeneron-isef-full-awards-2022/,age_missing
ISEF,2022,Robert Sansone,17,"Fort Pierce Central High School, FL",United States of America,First Insights Into a Novel Synchronous Reluctance Electric Motor Design,ENGINEERING TECHNOLOGY: STATICS & DYNAMICS — First Award,,true,https://www.societyforscience.org/press-release/regeneron-isef-full-awards-2022/,
ISEF,2022,Grayson Barron,,"John Curtis Christian School, LA",United States of America,The Buoy: A Novel Pool Alarm To Save Lives,ENGINEERING TECHNOLOGY: STATICS & DYNAMICS — Second Award,,true,https://www.societyforscience.org/press-release/regeneron-isef-full-awards-2022/,age_missing
ISEF,2022,Carlton Cort,,"University School, OH",United States of America,Designing and Testing a Prototype Automatic Electronic Control System for Active Magnetic Levitation of a Ferromagnet Towards Magnetically Deflected Ballistic Mass Technology,ENGINEERING TECHNOLOGY: STATICS & DYNAMICS — Second Award,,true,https://www.societyforscience.org/press-release/regeneron-isef-full-awards-2022/,age_missing
ISEF,2022,Cayden Shaffer,,"Whitewater High School, GA",United States of America,Designing and Fabricating a Vortex Aerospike Rocket Engine,ENGINEERING TECHNOLOGY: STATICS & DYNAMICS — Second Award,,true,https://www.societyforscience.org/press-release/regeneron-isef-full-awards-2022/,age_missing
ISEF,2022,Charlotte Lenore Michaluk,,"Hopewell Valley Central High School, NJ",United States of America,Innovative Climate Change Emissions Reduction: Flettner Vortex Scrubber With Active Seakeeping,ENGINEERING TECHNOLOGY: STATICS & DYNAMICS — Second Award,,true,https://www.societyforscience.org/press-release/regeneron-isef-full-awards-2022/,age_missing
ISEF,2022,Xin Yu Ai,,"Shanghai American School – Pudong Campus, Shanghai",China,A Novel Design of W-Shaped Pipe-Climbing Robot,ENGINEERING TECHNOLOGY: STATICS & DYNAMICS — Third Award,,true,https://www.societyforscience.org/press-release/regeneron-isef-full-awards-2022/,age_missing
ISEF,2022,Joey Gorman,,"Gwinnett School of Mathematics, Science, and Technology, GA",United States of America,Small Satellite and Launch Vehicle for Climate Change Research,ENGINEERING TECHNOLOGY: STATICS & DYNAMICS — Third Award,,true,https://www.societyforscience.org/press-release/regeneron-isef-full-awards-2022/,age_missing
ISEF,2022,Jonathan Gutknecht,,"Gwinnett School of Mathematics, Science, and Technology, GA",United States of America,Small Satellite and Launch Vehicle for Climate Change Research,ENGINEERING TECHNOLOGY: STATICS & DYNAMICS — Third Award,,true,https://www.societyforscience.org/press-release/regeneron-isef-full-awards-2022/,age_missing
ISEF,2022,Guan-Yu Chen,,"Taipei Municipal Jianguo High School, Chinese Taipei Yu-Sheng Wang, Taipei Municipal Jianguo High School",Chinese Taipei,Performance Enhancement of PMMA/GOx Hybrid Rocket Engine Using Swirling Injection,ENGINEERING TECHNOLOGY: STATICS & DYNAMICS — Third Award,,true,https://www.societyforscience.org/press-release/regeneron-isef-full-awards-2022/,age_missing
ISEF,2022,Matej Gurnak,,High School of Jura Hronca,Slovakia,Open-Source DIY Unmanned Aerial System for Remote Sensing: Open Plane Project,ENGINEERING TECHNOLOGY: STATICS & DYNAMICS — Third Award,,true,https://www.societyforscience.org/press-release/regeneron-isef-full-awards-2022/,age_missing
ISEF,2022,Samuel Rossberg,,"The Bronx High School of Science, NY",United States of America,Design and Control of a Three-DoF Ball Joint With Applications in Robotic COVID-19­ Swabbing and Surgery,ENGINEERING TECHNOLOGY: STATICS & DYNAMICS — Third Award,,true,https://www.societyforscience.org/press-release/regeneron-isef-full-awards-2022/,age_missing
ISEF,2022,Rhys Hanson,,"Conifer High School, CO",United States of America,To Apogee and Beyond: A Home-Grown Space Program,ENGINEERING TECHNOLOGY: STATICS & DYNAMICS — Third Award,,true,https://www.societyforscience.org/press-release/regeneron-isef-full-awards-2022/,age_missing
ISEF,2022,Eugene Choi,,"Thomas Jefferson High School for Science and Technology, VA",United States of America,Decentralized Shared Intelligence of Autonomous Vehicles With Real-Time Multi-Agent Reinforcement Learning,ENGINEERING TECHNOLOGY: STATICS & DYNAMICS — Third Award,,true,https://www.societyforscience.org/press-release/regeneron-isef-full-awards-2022/,age_missing
ISEF,2022,Irfan Nafi,,"Thomas Jefferson High School for Science and Technology, VA",United States of America,Decentralized Shared Intelligence of Autonomous Vehicles With Real-Time Multi-Agent Reinforcement Learning,ENGINEERING TECHNOLOGY: STATICS & DYNAMICS — Third Award,,true,https://www.societyforscience.org/press-release/regeneron-isef-full-awards-2022/,age_missing
ISEF,2022,Raffu Khondaker,,"Thomas Jefferson High School for Science and Technology, VA",United States of America,Decentralized Shared Intelligence of Autonomous Vehicles With Real-Time Multi-Agent Reinforcement Learning,ENGINEERING TECHNOLOGY: STATICS & DYNAMICS — Third Award,,true,https://www.societyforscience.org/press-release/regeneron-isef-full-awards-2022/,age_missing
ISEF,2022,Yanbing Jin,,Shanghai Pinghe Bilingual School,China,Improving the Degrading Rate of PETase and Developing Highly Efficient Enzyme Activity Screening Strategies,ENVIRONMENTAL ENGINEERING — First Award,,true,https://www.societyforscience.org/press-release/regeneron-isef-full-awards-2022/,age_missing
ISEF,2022,Vedant Srinivas,,"Eastlake High School, WA",United States of America,Eqwis: Rapid Animal Detection and Driver Warning System To Mitigate Animal Vehicle Collisions Using Artificial Intelligence,ENVIRONMENTAL ENGINEERING — First Award,,true,https://www.societyforscience.org/press-release/regeneron-isef-full-awards-2022/,age_missing
ISEF,2022,Sam Rogers,,"Proserpine State High School, QLD",Australia,Artificially Intelligent Electronic Waste Sorting Selective Compliance Robot Arm,ENVIRONMENTAL ENGINEERING — Second Award,,true,https://www.societyforscience.org/press-release/regeneron-isef-full-awards-2022/,age_missing
ISEF,2022,Mansour Al Marzooqi,,Riyadh School for Boys and Girls,Saudi Arabia,Synthesis of a Photo-induced Multifunctional Zr Based Metal-Organic Framework for CO2 Capture and Conversion,ENVIRONMENTAL ENGINEERING — Second Award,,true,https://www.societyforscience.org/press-release/regeneron-isef-full-awards-2022/,age_missing
ISEF,2022,Jaden Luna,,"Sanger High School, CA",United States of America,Engineering and Testing of Metakaolin Al2Si2O7 and Calcium Bentonite Al2H2O12Si4 Concretion-Spheres: A Novel Composite for the Remediation of Hydrocarbons and Heavy Metals,ENVIRONMENTAL ENGINEERING — Second Award,,true,https://www.societyforscience.org/press-release/regeneron-isef-full-awards-2022/,age_missing
ISEF,2022,Naomi Park,,"Greenwich High School, CT",United States of America,"Biomimetic Removal of Microsphere Water Contaminants, via Calcite-Infused, Coral-Like Melamine Sponges",ENVIRONMENTAL ENGINEERING — Second Award,,true,https://www.societyforscience.org/press-release/regeneron-isef-full-awards-2022/,age_missing
ISEF,2022,Varun Hariprasad,,"Paul Laurence Dunbar High School, KY",United States of America,Developing a Novel Autonomous Swarm-Based Beach Cleaning Robot,ENVIRONMENTAL ENGINEERING — Second Award,,true,https://www.societyforscience.org/press-release/regeneron-isef-full-awards-2022/,age_missing
ISEF,2022,Marek Rauchfleisz,,"University High School, Kuyavian-Pomeranian",Poland,Specialized Drone for Tropospheric Ozone Research With Precise Positioning and Wireless Data Transmission,ENVIRONMENTAL ENGINEERING — Third Award,,true,https://www.societyforscience.org/press-release/regeneron-isef-full-awards-2022/,age_missing
ISEF,2022,Xinning Zhang,,"No. 2 High School of East China Normal University, Shanghai",China,Design and Performance of a Plant-Microbial Fuel Cell To Treat Kitchen Wastewater,ENVIRONMENTAL ENGINEERING — Third Award,,true,https://www.societyforscience.org/press-release/regeneron-isef-full-awards-2022/,age_missing
ISEF,2022,Haoyu Wang,,"Centennial High School, NM",United States of America,Clean Hydrogen Production From Photocatalytic Degradation of Plastic Wastes,ENVIRONMENTAL ENGINEERING — Third Award,,true,https://www.societyforscience.org/press-release/regeneron-isef-full-awards-2022/,age_missing
ISEF,2022,Emily Kim,,"Jericho High School, NY",United States of America,RB5 Dye Removal Using Activated Carbon Under UV Irradiation,ENVIRONMENTAL ENGINEERING — Third Award,,true,https://www.societyforscience.org/press-release/regeneron-isef-full-awards-2022/,age_missing
ISEF,2022,Sasha Masson,,"The Harker School, CA",United States of America,Testing the Effectiveness of a Polyvinyl Alcohol Polymer Layer Bonded to Lead-Chelating Agents versus a Phosphate Salt Layer on the Minimization of Lead Iodide Leaching in Perovskite Solar Cells,ENVIRONMENTAL ENGINEERING — Third Award,,true,https://www.societyforscience.org/press-release/regeneron-isef-full-awards-2022/,age_missing
ISEF,2022,Johan DeMessie,,"William Mason High School, OH",United States of America,"Removal of Arsenic(III) and Chromium(VI) From Contaminated Water Using Novel Chitosan Coated Polyamide Adsorbent With Ethylenediaminetetraacetic Acid, EDTA, Regeneration",ENVIRONMENTAL ENGINEERING — Third Award,,true,https://www.societyforscience.org/press-release/regeneron-isef-full-awards-2022/,age_missing
ISEF,2022,Chloe Hindes,,"Monte Vista High School, CO",United States of America,"Reduce, Reuse, Digest? Optimizing pETase Function Within k-12 E. coli",ENVIRONMENTAL ENGINEERING — Third Award,,true,https://www.societyforscience.org/press-release/regeneron-isef-full-awards-2022/,age_missing
ISEF,2022,Aseel Rawashdeh,,"L C Anderson High School, TX",United States of America,"Low-Cost Electrochemical Arsenic Detection (LEAD): A Novel Quantitative, Portable and Ultra-Sensitive Arsenic Sensor Using Pencil Lead",ENVIRONMENTAL ENGINEERING — Third Award,,true,https://www.societyforscience.org/press-release/regeneron-isef-full-awards-2022/,age_missing
ISEF,2022,Sohi Patel,,"College Park High School, TX",United States of America,"Programmable Matter: A Microscale, Self-Reconfigurable, Modular Robotic Metamaterial",MATERIALS SCIENCE — First Award,,true,https://www.societyforscience.org/press-release/regeneron-isef-full-awards-2022/,age_missing
ISEF,2022,Devika Girish,,"St. Peter’s Senior Secondary School, Kerala, India Sara Varghese, St.Peter’s Senior Secondary School, Kerala",India,Preparation of a Superhydrophobic and Oleophilic Membrane Inspired by Taro Leaves for Oil-Water Separation,MATERIALS SCIENCE — Second Award,,true,https://www.societyforscience.org/press-release/regeneron-isef-full-awards-2022/,age_missing
ISEF,2022,Jacqueline Prawira,,"Mountain House High School, CA",United States of America,Cyclo.Cloud: Development of Fish Scale Waste-Derived Materials for Adsorbance of Aquatic Pollutants,MATERIALS SCIENCE — Second Award,,true,https://www.societyforscience.org/press-release/regeneron-isef-full-awards-2022/,age_missing
ISEF,2022,Neel Redkar,,"Dougherty Valley High School, CA",United States of America,CarbNN: A Novel Active Transfer Learning Neural Network to Build De Novo Metal Organic Frameworks (MOFs) for Carbon Capture,MATERIALS SCIENCE — Second Award,,true,https://www.societyforscience.org/press-release/regeneron-isef-full-awards-2022/,age_missing
ISEF,2022,Tahani Ahmed,,"KFUPM Schools, Eastern Province",Saudi Arabia,Development of Highly Efficient and Environmentally Friendly CsSnI3 Perovskite Materials for Solar and Thermoelectric Energy Harvesting,MATERIALS SCIENCE — Third Award,,true,https://www.societyforscience.org/press-release/regeneron-isef-full-awards-2022/,age_missing
ISEF,2022,Elaf Muayqil,,Riyadh School for Boys and Girls,Saudi Arabia,Boosting the Photoelectrochemical Water Splitting Performance of CuO-Cu2O Heterojunction Thin Films,MATERIALS SCIENCE — Third Award,,true,https://www.societyforscience.org/press-release/regeneron-isef-full-awards-2022/,age_missing
ISEF,2022,Marianne Liu,,"West High School, UT",United States of America,DiSCoVeR: An Attention and Density-Based Machine Learning Algorithm for Discovering Novel Superhard Materials,MATERIALS SCIENCE — Third Award,,true,https://www.societyforscience.org/press-release/regeneron-isef-full-awards-2022/,age_missing
ISEF,2022,Evan Kim,,"Nikola Tesla STEM High School, WA",United States of America,ScGAN: A Generative Adversarial Network To Predict Hypothetical Superconductors,MATERIALS SCIENCE — Third Award,,true,https://www.societyforscience.org/press-release/regeneron-isef-full-awards-2022/,age_missing
ISEF,2022,Malcolm Sow,,"National University of Singapore High School of Mathematics and Science, Singapore",Singapore,"One Fish, Two Fish, Bright Fish, Clean Fish: Thermal Induced Biofluorescence of Fish Scale for Enhanced Chemical Adsorptivity",MATERIALS SCIENCE — Third Award,,true,https://www.societyforscience.org/press-release/regeneron-isef-full-awards-2022/,age_missing
ISEF,2022,Akilan Sankaran,,"Albuquerque Academy, NM",United States of America,Modifying the ABCs of Number Theory,MATHEMATICS — First Award,,true,https://www.societyforscience.org/press-release/regeneron-isef-full-awards-2022/,age_missing
ISEF,2022,Jiahui Li,,"Emma Willard School, NY",United States of America,From the Manhattan Project to Statistics of Zeros of L-Functions,MATHEMATICS — Second Award,,true,https://www.societyforscience.org/press-release/regeneron-isef-full-awards-2022/,age_missing
ISEF,2022,Shirley Xu,,"The Bishop’s School, CA",United States of America,A Heuristic Solution to the Closest String Problem Using Wave Function Collapse Techniques,MATHEMATICS — Second Award,,true,https://www.societyforscience.org/press-release/regeneron-isef-full-awards-2022/,age_missing
ISEF,2022,Daniel Salkinder,,"Half Hollow Hills High School East, NY",United States of America,Nxnxn Rubik’s Cubes and God’s Number,MATHEMATICS — Third Award,,true,https://www.societyforscience.org/press-release/regeneron-isef-full-awards-2022/,age_missing
ISEF,2022,Donald Liveoak,,"Allen Park High School, MI",United States of America,Schrodinger Bridges on Discrete Domains,MATHEMATICS — Third Award,,true,https://www.societyforscience.org/press-release/regeneron-isef-full-awards-2022/,age_missing
ISEF,2022,Ram Goel,,"Krishna Homeschool, OR",United States of America,Products of Reflections in Smooth Bruhat Intervals,MATHEMATICS — Third Award,,true,https://www.societyforscience.org/press-release/regeneron-isef-full-awards-2022/,age_missing
ISEF,2022,Shriya Bhat,,"Plano East Senior High School, TX",United States of America,Computational Analysis of the Cystic Fibrosis Lung Microbiome and Development of a Non-Toxic Quorum Quenching Cocktail Therapy To Inhibit Multispecies Biofilm Proliferation,MICROBIOLOGY — First Award,,true,https://www.societyforscience.org/press-release/regeneron-isef-full-awards-2022/,age_missing
ISEF,2022,Yujia Ji,,"No. 2 High School of East China Normal University, Shanghai",China,Decomposition of Microplastics by Tenebrio molitor (Mealworm) Intestinal Facultative Anaerobes Facilitate Wheat Growth,MICROBIOLOGY — Second Award,,true,https://www.societyforscience.org/press-release/regeneron-isef-full-awards-2022/,age_missing
ISEF,2022,Shloke Patel,,"Hillsborough High School, FL",United States of America,"Developing a Monomolecular Model To Describe the Disease Progress Curve for Early Blight in Tomato (Solanum lycopersicum), Potato (Solanum tuberosum), and Bell Pepper (Capsicum annuum), Treated With Novel Microbial Formulations",MICROBIOLOGY — Second Award,,true,https://www.societyforscience.org/press-release/regeneron-isef-full-awards-2022/,age_missing
ISEF,2022,Nanna Kalmar,,"Egaa Gymnasium, Midtjylland",Denmark,The Influence of Sound Frequencies on Bacterial Growth: A New Perspective on a New Research Field,MICROBIOLOGY — Second Award,,true,https://www.societyforscience.org/press-release/regeneron-isef-full-awards-2022/,age_missing
ISEF,2022,Pinyu Liao,,"Inglemoor High School, WA",United States of America,Exploiting Plasmid-Mediated Resistance: Discovery of Small-Molecule Inhibitors for the Artificial Activation of the Kid-Kis Toxin-Antitoxin System in Plasmid R1,MICROBIOLOGY — Second Award,,true,https://www.societyforscience.org/press-release/regeneron-isef-full-awards-2022/,age_missing
ISEF,2022,Tahlia Martignago,,"Menai High School, New South Wales",Australia,The Clash of the Modern Crises: A Study Investigating the Development of Antibiotic Resistance in Escherichia coli Under Increasing Carbon Dioxide,MICROBIOLOGY — Third Award,,true,https://www.societyforscience.org/press-release/regeneron-isef-full-awards-2022/,age_missing
ISEF,2022,Jungho Kim,,"Korea Science Academy of KAIST, Busan, South Korea Minjae Kim, Korea Science Academy of KAIST, Busan, South Korea Sanghyun Park, Korea Science Academy of KAIST, Busan",South Korea,Gene Expression Mechanism of Alternative Sigma Factors SigE and SigB Inducing Rifampicin Resistance in Mycobacterium Smegmatis,MICROBIOLOGY — Third Award,,true,https://www.societyforscience.org/press-release/regeneron-isef-full-awards-2022/,age_missing
ISEF,2022,Lakxshanna Raveendran,,"Commack High School, NY",United States of America,Characterizing the Secretion of the Francisella tularensis Protein FTL_1123,MICROBIOLOGY — Third Award,,true,https://www.societyforscience.org/press-release/regeneron-isef-full-awards-2022/,age_missing
ISEF,2022,Rayan Jawa,,"Holmdel High School, NJ",United States of America,Monitoring the Cellular Immune Profiles of COVID-Vaccinated Donors Using in silico-Designed Immunogenic Epitopes From SARS-CoV-2 Proteins,MICROBIOLOGY — Third Award,,true,https://www.societyforscience.org/press-release/regeneron-isef-full-awards-2022/,age_missing
ISEF,2022,Christopher Kwok,,"Sequoia High School, CA",United States of America,Eukaryotic Algicide: Environmental Remediation of Harmful Algal Blooms via Microencapsulation for Bioactivation of Programmed Cell Death,MICROBIOLOGY — Third Award,,true,https://www.societyforscience.org/press-release/regeneron-isef-full-awards-2022/,age_missing
ISEF,2022,Nicholas Kwok,,"Sequoia High School, CA",United States of America,Eukaryotic Algicide: Environmental Remediation of Harmful Algal Blooms via Microencapsulation for Bioactivation of Programmed Cell Death,MICROBIOLOGY — Third Award,,true,https://www.societyforscience.org/press-release/regeneron-isef-full-awards-2022/,age_missing
ISEF,2022,Alexander Plekhanov,,"Beaverton Academy of Science and Engineering, OR",United States of America,"Skew-Axis Cylinder Lens Optical System: Physical Properties, Application for Novel Method of Clinical Optometry of Astigmatism, and Engineering Implementation",PHYSICS AND ASTRONOMY — First Award,,true,https://www.societyforscience.org/press-release/regeneron-isef-full-awards-2022/,age_missing
ISEF,2022,Ayush Nayak,,"Westview High School, CA",United States of America,Utilizing InSb/Si Quantum Dots for the Development of Next-Generation Multivalued High-Mobility Transistor Technology,PHYSICS AND ASTRONOMY — First Award,,true,https://www.societyforscience.org/press-release/regeneron-isef-full-awards-2022/,age_missing
ISEF,2022,Annika Vaidyanathan,,"Winter Springs High School, FL",United States of America,Dynamic Contact Angle Measurements of Superhydrophobicity in Face Masks To Minimize Exposure to COVID-19 (Year 3: Lab-to-Market),PHYSICS AND ASTRONOMY — Second Award,,true,https://www.societyforscience.org/press-release/regeneron-isef-full-awards-2022/,age_missing
ISEF,2022,Leo Neff,,"Gewerbliche und Hauswirtschaftlich-Sozialpflegerische Schulen Emmendingen (GHSE), Baden-Württemberg, Germany Leonard Muenchenbach, Gewerbliche und Hauswirtschaftlich-Sozialpflegerische Schulen Emmendingen (GHSE), Baden-Württemberg",Germany,Physical Description and Modeling of Paper Strip Flights,PHYSICS AND ASTRONOMY — Second Award,,true,https://www.societyforscience.org/press-release/regeneron-isef-full-awards-2022/,age_missing
ISEF,2022,Michelle Park,,"Solon High School, OH",United States of America,The Search for Dark Matter Through Soft Unclustered Energy Patterns at CMS,PHYSICS AND ASTRONOMY — Second Award,,true,https://www.societyforscience.org/press-release/regeneron-isef-full-awards-2022/,age_missing
ISEF,2022,Albin Sjogren,,"Polhemskolan, Skane, Sweden Simon Holmqvist, Polhemskolan, Skane",Sweden,The Three-Body Problem: A Stability Analysis of Multiple Star Systems,PHYSICS AND ASTRONOMY — Second Award,,true,https://www.societyforscience.org/press-release/regeneron-isef-full-awards-2022/,age_missing
ISEF,2022,Dashayin Gilbert,,"Curro Durbanville High School, Western Cape",South Africa,Formula One Aerodynamics,PHYSICS AND ASTRONOMY — Third Award,,true,https://www.societyforscience.org/press-release/regeneron-isef-full-awards-2022/,age_missing
ISEF,2022,Hyeondong Yoo,,"Korea Science Academy of KAIST, Busan, South Korea Jiwan Seo, Korea Science Academy of KAIST, Busan, South Korea Sanghwa Lee, Korea Science Academy of KAIST, Busan",South Korea,Is Quantum Mechanics Wrong?: Verification of Bell-Type Inequality Violation and Suggestion of the Improved Form Inequality,PHYSICS AND ASTRONOMY — Third Award,,true,https://www.societyforscience.org/press-release/regeneron-isef-full-awards-2022/,age_missing
ISEF,2022,Ashini Modi,,"Caddo Parish Magnet High School, LA",United States of America,Modeling the Atmospheric Evolution of Exoplanets in the Habitable Zone of M-Dwarfs,PHYSICS AND ASTRONOMY — Third Award,,true,https://www.societyforscience.org/press-release/regeneron-isef-full-awards-2022/,age_missing
ISEF,2022,Rohit Prasanna,,"Academies of Loudoun, VA",United States of America,Real-Time Prediction of Solar Flares and Coronal Mass Ejections,PHYSICS AND ASTRONOMY — Third Award,,true,https://www.societyforscience.org/press-release/regeneron-isef-full-awards-2022/,age_missing
ISEF,2022,Orion Foo,,"Poolesville High School, MD",United States of America,Powerful Quasar-Driven Outflows in the Local Universe From the Cosmic Origins Spectrograph Hubble Space Telescope Far-Ultraviolet Spectroscopic Archive,PHYSICS AND ASTRONOMY — Third Award,,true,https://www.societyforscience.org/press-release/regeneron-isef-full-awards-2022/,age_missing
ISEF,2022,Ashley Xu,,"The Winsor School, MA",United States of America,Discovering Extremely Rare Neutral Carbon Absorbers in Intergalactic Medium Using Machine Learning,PHYSICS AND ASTRONOMY — Third Award,,true,https://www.societyforscience.org/press-release/regeneron-isef-full-awards-2022/,age_missing
ISEF,2022,John Benedict Estrada,,"Clovis North High School, CA",United States of America,Early Detection of Drought Stress Through a Novel AI Drought Assessment (AIDA) Model in Field Grown Tomato (Solanum lycopersicum) Plants Using a Custom-Built “Spectra-Rover”,PLANT SCIENCES — First Award,,true,https://www.societyforscience.org/press-release/regeneron-isef-full-awards-2022/,age_missing
ISEF,2022,Pauline Estrada,,"Clovis North High School, CA",United States of America,Early Detection of Drought Stress Through a Novel AI Drought Assessment (AIDA) Model in Field Grown Tomato (Solanum lycopersicum) Plants Using a Custom-Built “Spectra-Rover”,PLANT SCIENCES — First Award,,true,https://www.societyforscience.org/press-release/regeneron-isef-full-awards-2022/,age_missing
ISEF,2022,Abbey Curran,,"Daramalan College, ACT",Australia,How Do Flavonoids and Isoflavonoids Improve Nodulation in Legumes,PLANT SCIENCES — Second Award,,true,https://www.societyforscience.org/press-release/regeneron-isef-full-awards-2022/,age_missing
ISEF,2022,Faisal Al Khwaiter,,Riyadh School for Boys and Girls,Saudi Arabia,Isolation and Characterization of Plant Growth Promoting Bacteria From Olive Tree Cultivated Under Desert Farming in Saudi Arabia,PLANT SCIENCES — Second Award,,true,https://www.societyforscience.org/press-release/regeneron-isef-full-awards-2022/,age_missing
ISEF,2022,Ariella Blackman,,"Harrison High School, NY",United States of America,Developing a Model in situ Resource Utilization System for Oxygen Sustaining Life Support and Launch Cost Reduction for Mars,PLANT SCIENCES — Second Award,,true,https://www.societyforscience.org/press-release/regeneron-isef-full-awards-2022/,age_missing
ISEF,2022,Dhruv Sheth,,"Pace Junior Science College, Maharashtra",India,Spatio-Temporal Generation of Morphological Features for Plant Growth Prediction Using Progressively Growing GANs,PLANT SCIENCES — Third Award,,true,https://www.societyforscience.org/press-release/regeneron-isef-full-awards-2022/,age_missing
ISEF,2022,Fu-Ru Li,,"Taipei First Girls High School, Chinese Taipei Shao-Jyun Lai, Taipei First Girls High School",Chinese Taipei,Electric Shock Can Protect Plants Against Viruses,PLANT SCIENCES — Third Award,,true,https://www.societyforscience.org/press-release/regeneron-isef-full-awards-2022/,age_missing
ISEF,2022,Alexander Nelson,,"Nelson Home School, AZ",United States of America,Analysis of Pollen-Pistil Interactions To Model Reproductive Thermotolerance in Tomato,PLANT SCIENCES — Third Award,,true,https://www.societyforscience.org/press-release/regeneron-isef-full-awards-2022/,age_missing
ISEF,2022,Ahmed Behisi,,"Dhahran Ahliyya School, Eastern Province",Saudi Arabia,Suicidal Germination of Striga hermonthica in Response to Various Cytokinins in Combination With Fluridone/1-Aminocyclopropane-1-Carboxylic Acid,PLANT SCIENCES — Third Award,,true,https://www.societyforscience.org/press-release/regeneron-isef-full-awards-2022/,age_missing
ISEF,2022,Saan Cern Yong,,"Sekolah Menengah Kebangsaan Katholik, Selangor, Malaysia Sheng Ze Yeoh, Sekolah Menengah Kebangsaan Katholik, Selangor",Malaysia,Soft Origami-Inspired 3D Print-In-Place Artificial Intelligence Robots,ROBOTICS AND INTELLIGENT MACHINES — First Award,,true,https://www.societyforscience.org/press-release/regeneron-isef-full-awards-2022/,age_missing
ISEF,2022,Joshua Shunk,,"Perry High School, AZ",United States of America,Neuron-Specific Dropout: A Deterministic Regularization Technique To Prevent Neural Networks From Overfitting and Reduce Dependence on Large Training Samples,ROBOTICS AND INTELLIGENT MACHINES — First Award,,true,https://www.societyforscience.org/press-release/regeneron-isef-full-awards-2022/,age_missing
ISEF,2022,Noa Sendlhofer,,"Academia Engiadina, Graubünden",Switzerland,Development and Construction of a Low-Cost Six-Axis Robot Arm,ROBOTICS AND INTELLIGENT MACHINES — Second Award,,true,https://www.societyforscience.org/press-release/regeneron-isef-full-awards-2022/,age_missing
ISEF,2022,Jilly Choi,,"duPont Manual High School, KY",United States of America,"Designing a Robotic Arm Prosthesis With the Integration of FDM 3D Printing, Haptic Feedback, FSRs, and Machine Vision",ROBOTICS AND INTELLIGENT MACHINES — Second Award,,true,https://www.societyforscience.org/press-release/regeneron-isef-full-awards-2022/,age_missing
ISEF,2022,Michelle Hua,,"Cranbrook Kingswood School, MI",United States of America,Geometric Consistency-Based Self-Supervised Neural Network: A Novel Deep Learning Framework for 3D Human Shape and Motion Reconstruction,ROBOTICS AND INTELLIGENT MACHINES — Second Award,,true,https://www.societyforscience.org/press-release/regeneron-isef-full-awards-2022/,age_missing
ISEF,2022,Anthony Saturnino,,"Bishop Ryan Catholic Secondary School, Ontario",Canada,Detecting Cracks in Concrete Structures Using a Deep Learning Wall-Climbing Robot,ROBOTICS AND INTELLIGENT MACHINES — Second Award,,true,https://www.societyforscience.org/press-release/regeneron-isef-full-awards-2022/,age_missing
ISEF,2022,Seoyoung Jun,,"Thomas Jefferson High School for Science and Technology, VA",United States of America,Mind Beacon: A Portable Spatial Recognition Device for the Visually Impaired Using a 3D Depth Sensor and Custom Tactile Display,ROBOTICS AND INTELLIGENT MACHINES — Second Award,,true,https://www.societyforscience.org/press-release/regeneron-isef-full-awards-2022/,age_missing
ISEF,2022,Abhijith Chandran,,"Mahindra United World College, Maharashtra",India,Penden: Making the Internet More Accessible to the Blind,ROBOTICS AND INTELLIGENT MACHINES — Third Award,,true,https://www.societyforscience.org/press-release/regeneron-isef-full-awards-2022/,age_missing
ISEF,2022,Alex Moore,,"Saint Paul Academy and Summit School, MN",United States of America,Project SERSI: Smartphone-Enabled Robotic Sign Language Interpreter,ROBOTICS AND INTELLIGENT MACHINES — Third Award,,true,https://www.societyforscience.org/press-release/regeneron-isef-full-awards-2022/,age_missing
ISEF,2022,Ruth Mellin,,"Saint Paul Academy and Summit School, MN",United States of America,Project SERSI: Smartphone-Enabled Robotic Sign Language Interpreter,ROBOTICS AND INTELLIGENT MACHINES — Third Award,,true,https://www.societyforscience.org/press-release/regeneron-isef-full-awards-2022/,age_missing
ISEF,2022,Anu Iyer,,"Little Rock Central High School, AR",United States of America,Systematic Parkinson Audio Recognition Construct (SPARC): A Novel Approach Implementing a Machine Learning Method To Diagnose Parkinson’s Disease Using Voice Features,ROBOTICS AND INTELLIGENT MACHINES — Third Award,,true,https://www.societyforscience.org/press-release/regeneron-isef-full-awards-2022/,age_missing
ISEF,2022,Andrei Copaci,,"Liceul de Creativitate si Inventica Prometeu-Prim, Chisinau, Republic of Moldova Cosmin Ciorba, Theoretical Lyceum “Ion Creanga”",Republic of Moldova,Autonomous Base Station for Drone Storage and Battery Swapping,ROBOTICS AND INTELLIGENT MACHINES — Third Award,,true,https://www.societyforscience.org/press-release/regeneron-isef-full-awards-2022/,age_missing
ISEF,2022,Kush Parikh,,"Troy High School, MI",United States of America,COVision: A Novel Convolutional Neural Network for the Differentiation of COVID-19 From Common Pulmonary Conditions,ROBOTICS AND INTELLIGENT MACHINES — Third Award,,true,https://www.societyforscience.org/press-release/regeneron-isef-full-awards-2022/,age_missing
ISEF,2022,Timothy Mathew,,"Troy High School, MI",United States of America,COVision: A Novel Convolutional Neural Network for the Differentiation of COVID-19 From Common Pulmonary Conditions,ROBOTICS AND INTELLIGENT MACHINES — Third Award,,true,https://www.societyforscience.org/press-release/regeneron-isef-full-awards-2022/,age_missing
ISEF,2022,Nikhil Nayak,,"Sunset High School, OR",United States of America,Using Subpixel Interpolation and Deep Learning Convolution Models To Compress Domain-Specific Audio Waveforms,ROBOTICS AND INTELLIGENT MACHINES — Third Award,,true,https://www.societyforscience.org/press-release/regeneron-isef-full-awards-2022/,age_missing
ISEF,2022,Abd Elrahman Draz,,"Future International Schools Sadat City Branch, El Sadat",Egypt,Hard Missions Robot,ROBOTICS AND INTELLIGENT MACHINES — Third Award,,true,https://www.societyforscience.org/press-release/regeneron-isef-full-awards-2022/,age_missing
ISEF,2022,Andrei Florian,,Saint Aidans C.B.S,Ireland,An Investigation Into Worldwide Electoral Systems and the Development of a Novel Internet Voting System,SYSTEMS SOFTWARE — First Award,,true,https://www.societyforscience.org/press-release/regeneron-isef-full-awards-2022/,age_missing
ISEF,2022,William Huang,,"Palos Verdes Peninsula High School, CA",United States of America,Argus III: A Novel Image Optimization and Augmentation Framework To Enable an Improved Patient Experience for the Next Generation Epiretinal Prosthesis,SYSTEMS SOFTWARE — Second Award,,true,https://www.societyforscience.org/press-release/regeneron-isef-full-awards-2022/,age_missing
ISEF,2022,Navya Ramakrishnan,,"Plano Senior High School, TX",United States of America,A Home Automation System for Neuromuscular Disorder Patients Using Brain-Computer Interface,SYSTEMS SOFTWARE — Second Award,,true,https://www.societyforscience.org/press-release/regeneron-isef-full-awards-2022/,age_missing
ISEF,2022,Elliott Krzeminski,,"Red Mountain High School, AZ",United States of America,Subscript: A Functional Programming Language for Scripting in Data-Driven JVM Applications,SYSTEMS SOFTWARE — Second Award,,true,https://www.societyforscience.org/press-release/regeneron-isef-full-awards-2022/,age_missing
ISEF,2022,Henrique Amorim,,"Colegio Dante Alighieri, São Paulo",Brazil,Development of Immersive Metaverses Applied to Astrobiology Teaching,SYSTEMS SOFTWARE — Third Award,,true,https://www.societyforscience.org/press-release/regeneron-isef-full-awards-2022/,age_missing
ISEF,2022,Raahi Chada,,"Academies of Loudoun, VA",United States of America,Combating Disease in Under-Resourced Areas: Synthetic Degradation as a Method to Low-Quality Image Classification,SYSTEMS SOFTWARE — Third Award,,true,https://www.societyforscience.org/press-release/regeneron-isef-full-awards-2022/,age_missing
ISEF,2022,Landon Colaresi,,"Pittsburgh Allderdice High School, PA",United States of America,Using Kleisli Morphisms for Malware Detection With Graph Convolution Networks,SYSTEMS SOFTWARE — Third Award,,true,https://www.societyforscience.org/press-release/regeneron-isef-full-awards-2022/,age_missing
ISEF,2022,Aiden Bai,,"Camas High School, WA",United States of America,"Million.js: A Fast, Compiler-Augmented Virtual DOM for Performant JavaScript UI Libraries",SYSTEMS SOFTWARE — Third Award,,true,https://www.societyforscience.org/press-release/regeneron-isef-full-awards-2022/,age_missing
ISEF,2022,Ritika Brahmadesam,,"Ossining High School, NY",United States of America,An Active Fairness Algorithm for Estimating Socioeconomic Status From Household Surveys and Satellite Images,SYSTEMS SOFTWARE — Third Award,,true,https://www.societyforscience.org/press-release/regeneron-isef-full-awards-2022/,age_missing
ISEF,2022,Chris Tidtijumreonpon,,"The Prince Royal’s College, Chiang Mai, Thailand Napassorn Litchiowong, The Prince Royal’s College, Chiang Mai, Thailand Wattanapong Uttayota, The Prince Royal’s College, Chiang Mai",Thailand,BiDEx – A Screening System for Rapid Proactive Detection of Patients With Liver Fluke Infection Using a CNN Model To Detect Orphistorchis viverrini Eggs From Microscopic Fecal Images and a NN Model for Infection Risk Assessment,TRANSLATIONAL MEDICAL SCIENCE — First Award,,true,https://www.societyforscience.org/press-release/regeneron-isef-full-awards-2022/,age_missing
ISEF,2022,Ashay Srivastava,,"Delhi Public School, R. K. Puram, New Delhi, India Jaisal Kothari, Amity International School – Saket, Delhi",India,FlikcerAI: Resolution of Photosensitive Epileptic Visual Content With Spatio-Temporal Luminance Frequency Analysis,TRANSLATIONAL MEDICAL SCIENCE — Second Award,,true,https://www.societyforscience.org/press-release/regeneron-isef-full-awards-2022/,age_missing
ISEF,2022,Mercedes Randhahn,,"Saint Joseph Catholic High School, UT",United States of America,Investigating the Cytotoxicity of Centella asiatica Methanolic Leaf Extracts on MDA-MB-231 Human Breast Cancer Cells,TRANSLATIONAL MEDICAL SCIENCE — Second Award,,true,https://www.societyforscience.org/press-release/regeneron-isef-full-awards-2022/,age_missing
ISEF,2022,Darsh Mandera,,"Jesuit High School, OR",United States of America,OncoRx: An Integrative Approach to Identification of Pan-Cancer Molecular Biomarkers and Prediction of Targeted Multi-Drug Cancer Therapeutics,TRANSLATIONAL MEDICAL SCIENCE — Second Award,,true,https://www.societyforscience.org/press-release/regeneron-isef-full-awards-2022/,age_missing
ISEF,2022,Amrutha Srivatsav,,"Palos Verdes Peninsula High School, CA",United States of America,In silico High-Throughput Identification of Novel Dual Amyloid Beta and Tau Aggregation Inhibitors for Alzheimer’s Disease Treatments,TRANSLATIONAL MEDICAL SCIENCE — Second Award,,true,https://www.societyforscience.org/press-release/regeneron-isef-full-awards-2022/,age_missing
ISEF,2022,Vishnu Sampathkumar,,"National Public School, Indiranagar, Karnataka",India,GliomAssist: Computational Glioma Grading and Prognosis With PET,TRANSLATIONAL MEDICAL SCIENCE — Third Award,,true,https://www.societyforscience.org/press-release/regeneron-isef-full-awards-2022/,age_missing
ISEF,2022,Adrit Rao,,"Palo Alto Senior High School, CA",United States of America,Enabling Ankle-Brachial Index Prediction From Dopplers Using Deep Learning for Peripheral Arterial Disease Diagnosis,TRANSLATIONAL MEDICAL SCIENCE — Third Award,,true,https://www.societyforscience.org/press-release/regeneron-isef-full-awards-2022/,age_missing
ISEF,2022,Janice Rateshwar,,"Jericho High School, NY",United States of America,Cancer-Specific NF-kB Inhibition via Novel Small Molecule IT-848: Investigating IT-848 Monotherapy and Combination Therapy for Hematological Malignancy Treatment,TRANSLATIONAL MEDICAL SCIENCE — Third Award,,true,https://www.societyforscience.org/press-release/regeneron-isef-full-awards-2022/,age_missing
ISEF,2022,Dheepthi Mohanraj,,"North Carolina School of Science and Mathematics, NC",United States of America,AutoFlow: A Novel Method for Assessing Minimal Residual Disease in Breast Cancer Patients by Identifying Bone Marrow Disseminated Tumor Cells Using Flow Cytometry Data,TRANSLATIONAL MEDICAL SCIENCE — Third Award,,true,https://www.societyforscience.org/press-release/regeneron-isef-full-awards-2022/,age_missing
ISEF,2022,Ron Nachum,,"Thomas Jefferson High School for Science and Technology, VA",United States of America,"PANDwriting: An Accessible, High-Sensitivity Parkinson’s and Alzheimer’s Screening System Using Vision-Based Handwriting Kinematic Analysis and Machine Learning",TRANSLATIONAL MEDICAL SCIENCE — Third Award,,true,https://www.societyforscience.org/press-release/regeneron-isef-full-awards-2022/,age_missing
ISEF,2023,George Cheng,,"North Carolina School of Science and Mathematics, NC",United States of America,DiaMiR: A MicroRNA (miR-23) Microneedle Patch for Type-2 Diabetes Control,EU Contest for Young Scientists Award,,true,https://www.societyforscience.org/press-release/regeneron-isef-full-awards-2023/,age_missing
ISEF,2023,Yik Chun John Peng,,"Shanghai American School – Puxi Campus, Shanghai",China,A Fully Automatic Self-Assembling Modular Robot System,EU Contest for Young Scientists Award,,true,https://www.societyforscience.org/press-release/regeneron-isef-full-awards-2023/,age_missing
ISEF,2023,Kevin Zhu,,"Jericho High School, NY",United States of America,Micro-Changing Short Tandem Repeats: Investigating a Novel Genomic Factor of Polymorphism in 10 Human Cancers,Dudley R. Herschbach SIYSS Award,,true,https://www.societyforscience.org/press-release/regeneron-isef-full-awards-2023/,age_missing
ISEF,2023,Daniel Levin,,"Pittsburgh Allderdice High School, PA",United States of America,Biosynthetic Engineering of Novel Multifunctioning Electroactive Bacterial Cellulose-Carbon Nanotube Therapeutic Bandages for Rapid Clearance of Vancomycin-Intermediate Staphylococcus aureus,Dudley R. Herschbach SIYSS Award,,true,https://www.societyforscience.org/press-release/regeneron-isef-full-awards-2023/,age_missing
ISEF,2023,Alexander Plekhanov,,"Portland, OR",United States of America,Optical System for Optometry of Astigmatism,Dudley R. Herschbach SIYSS Award,,true,https://www.societyforscience.org/press-release/regeneron-isef-full-awards-2023/,age_missing
ISEF,2023,Eugene Chen,,Shanghai High School International Division,China,Energy-Free Power Saving Device for Air Conditioners,Peggy Scripps Award for Science Communication,,true,https://www.societyforscience.org/press-release/regeneron-isef-full-awards-2023/,age_missing
ISEF,2023,Gopalaniruddh Tadinada,,"duPont Manual High School, KY",United States of America,"Screening for Multiple Gastrointestinal Cancers With CanDELA: Low-Cost, Automated Gastrointestinal Cancer Detection Utilizing Magnetic Bead miRNA Extraction, Peristaltic Pump-Based Liquid Handling, miRNA Amplification and Fluorescence Spectroscopy With Support Vector Networks",Peggy Scripps Award for Science Communication,,true,https://www.societyforscience.org/press-release/regeneron-isef-full-awards-2023/,age_missing
ISEF,2023,Rishabh Ranjan,,"duPont Manual High School, KY",United States of America,"Screening for Multiple Gastrointestinal Cancers With CanDELA: Low-Cost, Automated Gastrointestinal Cancer Detection Utilizing Magnetic Bead miRNA Extraction, Peristaltic Pump-Based Liquid Handling, miRNA Amplification and Fluorescence Spectroscopy With Support Vector Networks",Peggy Scripps Award for Science Communication,,true,https://www.societyforscience.org/press-release/regeneron-isef-full-awards-2023/,age_missing
ISEF,2023,Yuyang Wang,,Shanghai Pinghe Bilingual School,China,Exploring Stick-Climbing and Grabber-Wheel Hybridization: The Development of an Inchworm Robot with Integrated Skateboard Mechanism,Craig R. Barrett Award for Innovation,,true,https://www.societyforscience.org/press-release/regeneron-isef-full-awards-2023/,age_missing
ISEF,2023,Natasha Kulviwat,,"Jericho High School, NY",United States of America,The Neurobiology of Suicide: Claudin-5 Is a Novel Biomarker of Suicide Pathogenesis,The Gordon E. Moore Award,,true,https://www.societyforscience.org/press-release/regeneron-isef-full-awards-2023/,age_missing
ISEF,2023,Pannathorn Siri,,"Bangkok Christian College, Thailand Poon Trakultangmun, Bangkok Christian College, Thailand Teepakorn Keawumdee, Bangkok Christian College",Thailand,Optimization of Green Lacewing (Mallada basalis) Survivability From Hatching and Foraging Behavior,Regeneron Young Scientist Awards,,true,https://www.societyforscience.org/press-release/regeneron-isef-full-awards-2023/,age_missing
ISEF,2023,Saathvik Kannan,,"David H. Hickman High School, MO",United States of America,BIO-PLEX: An Innovative Biocomputational Approach to Decode the Secrets of the 2022 Mpox Resurgence,Regeneron Young Scientist Awards,,true,https://www.societyforscience.org/press-release/regeneron-isef-full-awards-2023/,age_missing
ISEF,2023,Kaitlyn Wang,,"The Harker School, CA",United States of America,Discovery of the Smallest Ever Ultra-Short-Period Planet Using Novel Phase Folding Detection System Parallelized on a Cheap GPU,George D. Yancopoulos Innovator Award,,true,https://www.societyforscience.org/press-release/regeneron-isef-full-awards-2023/,age_missing
ISEF,2023,Pannathorn Siri,,"Bangkok Christian College, Thailand Poon Trakultangmun, Bangkok Christian College, Thailand Teepakorn Keawumdee, Bangkok Christian College",Thailand,Optimization of Green Lacewing (Mallada basalis) Survivability From Hatching and Foraging Behavior,First Award,,true,https://www.societyforscience.org/press-release/regeneron-isef-full-awards-2023/,age_missing
ISEF,2023,Kanyarin Sriwichai,,"Damrongratsongkroh School, Chiangrai, Thailand Panatas Chaiprakan, Damrongratsongkroh School, Chiangrai, Thailand Thanawit Namjaidee, Damrongratsongkroh School, Chiangrai",Thailand,A Novel Non-Invasive Method to Detect Pebrine Disease in Sericulture by Using Phototaxis of Hatched Silkworm (Bombyx mori),Second Award,,true,https://www.societyforscience.org/press-release/regeneron-isef-full-awards-2023/,age_missing
ISEF,2023,Marissa Martinez,,"Monte Vista High School, CO",United States of America,The Efficacy of Abiotic/Biotic Factors and Trap Design for Effective Capture of Invasive American Bullfrog Tadpoles (Lithobates catesbeianus),Second Award,,true,https://www.societyforscience.org/press-release/regeneron-isef-full-awards-2023/,age_missing
ISEF,2023,Gustavo Botega Serra,,"Escola Santa Teresinha, Maranhao",Brazil,"Pharmacaule: Larvicidal, Insecticide and Repellent Potential of Active Principles of Tucum-Mirim (Astrocaryum acaule) in the Control of Arthropods That Transmit Arboviruses",Second Award,,true,https://www.societyforscience.org/press-release/regeneron-isef-full-awards-2023/,age_missing
ISEF,2023,Melina Kumar,,"Clear Lake High School, TX",United States of America,Is Your Cat or Dog Really Spayed?: A Novel Test to Diagnose Ovarian Remnant Syndrome,Third Award,,true,https://www.societyforscience.org/press-release/regeneron-isef-full-awards-2023/,age_missing
ISEF,2023,Atreya Manaswi,,"Orlando Science Schools, FL",United States of America,Year 4: Evaluating the Efficacy of Novel Volatile Beer Blend and Coumaphos Acaricide for Small Hive Beetle Treatment Within Honey Bee Hives,Third Award,,true,https://www.societyforscience.org/press-release/regeneron-isef-full-awards-2023/,age_missing
ISEF,2023,Ibrahim Qadri,,"Valley Stream South High School, NY",United States of America,"The Ability of Vitamin E to Improve the Reproduction, Locomotor Fitness, and Metabolic Respiration of Nicotine-Induced D. melanogaster",Third Award,,true,https://www.societyforscience.org/press-release/regeneron-isef-full-awards-2023/,age_missing
ISEF,2023,Sunyapat Akkarajeerawat,,"Bangkok Christian College, Thailand Thanatkorn Chauvanasmith, Bangkok Christian College",Thailand,A Sustainable Approach to Control the Destructive Red Palm Weevil Pests,Third Award,,true,https://www.societyforscience.org/press-release/regeneron-isef-full-awards-2023/,age_missing
ISEF,2023,Charisse Zou,,"Dougherty Valley High School, CA",United States of America,The Effect of Neonicotinoids on the Positive Transfer of Learning in Honeybees,Third Award,,true,https://www.societyforscience.org/press-release/regeneron-isef-full-awards-2023/,age_missing
ISEF,2023,Emma Colarte Delgado,,"American Heritage School, FL",United States of America,"The Effect of Intermittent Metabolic Switching (IMS) on the Cognitive and Behavioral Abilities of Mutant Drosophila, Leading to Brief Synaptic Neuroplasticity as an Alzheimer’s Model",First Award,,true,https://www.societyforscience.org/press-release/regeneron-isef-full-awards-2023/,age_missing
ISEF,2023,Pranav Somani,,"College Park High School, TX",United States of America,Anxi: A Novel Natural Language Processing System for the Detection and Prevention of Anxiety Disorders,Second Award,,true,https://www.societyforscience.org/press-release/regeneron-isef-full-awards-2023/,age_missing
ISEF,2023,Yurim Jin,,"Korean Minjok Leadership Academy, Gangwon",South Korea,Assessing Abnormalities in Spatial Awareness of Patients With Alzheimer’s Disease Through the Line Quadrisection Test,Second Award,,true,https://www.societyforscience.org/press-release/regeneron-isef-full-awards-2023/,age_missing
ISEF,2023,Asuka Koda,,"The Bronx High School of Science, NY",United States of America,Auditory Acuity and Auditory Feedback Response in Children With and Without Residual Speech Sound Disorder,Second Award,,true,https://www.societyforscience.org/press-release/regeneron-isef-full-awards-2023/,age_missing
ISEF,2023,Sarah Park,,"The Bolles School, FL",United States of America,Spark Care+: Personalized Music Therapy for Relaxation and Energizing Using a Mobile and AI Approach,Third Award,,true,https://www.societyforscience.org/press-release/regeneron-isef-full-awards-2023/,age_missing
ISEF,2023,Grant Wang,,"Williamsville East High School, NY",United States of America,MLOffense: Multilingual Offensive Language Detection and Target Identification on Social Media Using Graph Attention Transformer Model,Third Award,,true,https://www.societyforscience.org/press-release/regeneron-isef-full-awards-2023/,age_missing
ISEF,2023,Pei-Yun Chen,,"Taipei First Girls High School, Taiwan",Chinese Taipei,Investigate Cortical Activation During Motor Functions Using fNIRS in Healthy Adults,Third Award,,true,https://www.societyforscience.org/press-release/regeneron-isef-full-awards-2023/,age_missing
ISEF,2023,Sama Nooh,,"Sharkya STEM School, Sharkia, Egypt Shahd Nooh, Sharkya STEM School, Sharkia",Egypt,Little Mermaid: Improving Social Communication Level for Mildly Autistic Children Using Video Call-Based Mobile Application Game,Third Award,,true,https://www.societyforscience.org/press-release/regeneron-isef-full-awards-2023/,age_missing
ISEF,2023,Anas Abuamar,,"Bethlehem Secondary School for Boys, Bethlehem, Palestine Ayham Khleif, Bethlehem Secondary School for Boys, Bethlehem",Palestine,"Integrated Care Platform That Utilizes Artificial Intelligence, and Extended Reality With Principles of Gamification to Integrate Palliative Care Services Into the Rehabilitation Journey",Third Award,,true,https://www.societyforscience.org/press-release/regeneron-isef-full-awards-2023/,age_missing
ISEF,2023,Harrison Hao-Tian Tang,,Shanghai High School International Division,China,A Novel Electrochemiluminescence Biosensing System Using Photonic Crystal as Luminescence-Enhanced Substrates for the Ultrasensitive Detection of Food-Borne Harmful Substances,First Award,,true,https://www.societyforscience.org/press-release/regeneron-isef-full-awards-2023/,age_missing
ISEF,2023,Halley Compuesto,,"Vista Ridge High School, TX",United States of America,A Novel Approach to Treating Parkinson’s Disease With Amino Acids to Alleviate LRRK2 Gene Mutation Symptoms in C. elegans Evaluated via the Use of Multidimensional Analysis Methods,Second Award,,true,https://www.societyforscience.org/press-release/regeneron-isef-full-awards-2023/,age_missing
ISEF,2023,Rajvi Babaria,,"Vista Ridge High School, TX",United States of America,A Novel Approach to Treating Parkinson’s Disease With Amino Acids to Alleviate LRRK2 Gene Mutation Symptoms in C. elegans Evaluated via the Use of Multidimensional Analysis Methods,Second Award,,true,https://www.societyforscience.org/press-release/regeneron-isef-full-awards-2023/,age_missing
ISEF,2023,Aditya Jha,,"Bharatiya Vidya Bhavan’s R.K. Sarda Vidya Mandir, Chhattisgarh, India Ishan Choudhary, Bharatiya Vidya Bhavan’s R.K. Sarda Vidya Mandir, Chhattisgarh",India,HepaEase: Development of an Instigating Risk Assessment Tool and xLFIA Validating Potential Urinary Biomarkers for Early Detection of NAFLD,Second Award,,true,https://www.societyforscience.org/press-release/regeneron-isef-full-awards-2023/,age_missing
ISEF,2023,Olivia Bartrum,,"Wakefield High School, VA",United States of America,Analysis of Anti-Inflammatory Compounds in Drug Absorption and Calculated Transdermal Permeability Utilizing the Parallel Artificial Membrane Permeability Assay (PAMPA),Third Award,,true,https://www.societyforscience.org/press-release/regeneron-isef-full-awards-2023/,age_missing
ISEF,2023,Asli Ece Yilmaz,,"Sehit Prof. Dr. Ilhan Varank Bilim ve Sanat Merkezi, Karesi, Turkey Azra Demirkapilar, Sehit Prof. Dr. Ilhan Varank Bilim ve Sanat Merkezi, Karesi",Turkey,Development of Functional Nanoplatforms by Green Synthesis for Various Bio-Applications,Third Award,,true,https://www.societyforscience.org/press-release/regeneron-isef-full-awards-2023/,age_missing
ISEF,2023,Amelie Chen,,Pacific Horizons School,American Samoa,Antipodal Algae: Energy Solution for a Tropical Island,Third Award,,true,https://www.societyforscience.org/press-release/regeneron-isef-full-awards-2023/,age_missing
ISEF,2023,George Cheng,,"North Carolina School of Science and Mathematics, NC",United States of America,DiaMiR: A MicroRNA (miR-23) Microneedle Patch for Type-2 Diabetes Control,First Award,,true,https://www.societyforscience.org/press-release/regeneron-isef-full-awards-2023/,age_missing
ISEF,2023,Natasha Kulviwat,,"Jericho High School, NY",United States of America,The Neurobiology of Suicide: Claudin-5 Is a Novel Biomarker of Suicide Pathogenesis,First Award,,true,https://www.societyforscience.org/press-release/regeneron-isef-full-awards-2023/,age_missing
ISEF,2023,Zahraa Al Shubbar,,"Dhahran Ahliyya School, Eastern Province",Saudi Arabia,Upregulation of Innate Immune Response Genes in a SARS-CoV-2 Nucleocapsid Protein Dependent Manner,Second Award,,true,https://www.societyforscience.org/press-release/regeneron-isef-full-awards-2023/,age_missing
ISEF,2023,Baochan Fan,,"Hamilton High School, AZ",United States of America,Hypothalamic EZH2: A Key Regulator of Leptin Sensitivity in Obesity,Second Award,,true,https://www.societyforscience.org/press-release/regeneron-isef-full-awards-2023/,age_missing
ISEF,2023,Samuel Wu,,"Dublin High School, CA",United States of America,Novel Strategies for the Reversal of Cancer Cell Immortality,Second Award,,true,https://www.societyforscience.org/press-release/regeneron-isef-full-awards-2023/,age_missing
ISEF,2023,Maya Mohanty,,"American Heritage School of Boca Delray, FL",United States of America,Utilizing Caulobacter crescentus To Target the Bcl-2 Gene and NF-kB to Cause Apoptosis in Nasal Squamous Cell Carcinoma,Second Award,,true,https://www.societyforscience.org/press-release/regeneron-isef-full-awards-2023/,age_missing
ISEF,2023,Kathryn Shapiro,,"Ponte Vedra High School, FL",United States of America,Sex Differences in Cardiac Energetics During Viral Myocarditis,Third Award,,true,https://www.societyforscience.org/press-release/regeneron-isef-full-awards-2023/,age_missing
ISEF,2023,Amber Elizalde,,"Health Careers High School, TX",United States of America,Influences of a Maternal High-Fat Diet (HFD) and Serotonin Transporter (SERT) Deficiencies on Cognitive Flexibility,Third Award,,true,https://www.societyforscience.org/press-release/regeneron-isef-full-awards-2023/,age_missing
ISEF,2023,Aum Dhruv,,"Fort Myers High School, FL",United States of America,Development of a Low-Cost Machine Learning Diagnostic Device and Medical IoT Application as a Novel Approach to Combating Retinal Diseases,Third Award,,true,https://www.societyforscience.org/press-release/regeneron-isef-full-awards-2023/,age_missing
ISEF,2023,Raj Letchuman,,"Caddo Parish Magnet High School, LA",United States of America,CaSR–GSH Interaction: Finding an Effective Antagonist,Third Award,,true,https://www.societyforscience.org/press-release/regeneron-isef-full-awards-2023/,age_missing
ISEF,2023,Dylan Nguyen,,"Alexander W. Dreyfoos School of the Arts, FL",United States of America,Application of Deep Learning Models Into the Prediction of Interleukin-6 and -8 Cytokines in Sickle Cell Anemia Patients,Third Award,,true,https://www.societyforscience.org/press-release/regeneron-isef-full-awards-2023/,age_missing
ISEF,2023,Ethan Beauzile,,"Binghamton High School, NY",United States of America,Application of Deep Learning Models Into the Prediction of Interleukin-6 and -8 Cytokines in Sickle Cell Anemia Patients,Third Award,,true,https://www.societyforscience.org/press-release/regeneron-isef-full-awards-2023/,age_missing
ISEF,2023,Lukas Abraham,,"Suncoast Community High School, FL",United States of America,Application of Deep Learning Models Into the Prediction of Interleukin-6 and -8 Cytokines in Sickle Cell Anemia Patients,Third Award,,true,https://www.societyforscience.org/press-release/regeneron-isef-full-awards-2023/,age_missing
ISEF,2023,Gopalaniruddh Tadinada,,"duPont Manual High School, KY",United States of America,"Screening for Multiple Gastrointestinal Cancers With CanDELA: Low-Cost, Automated Gastrointestinal Cancer Detection Utilizing Magnetic Bead miRNA Extraction, Peristaltic Pump-Based Liquid Handling, miRNA Amplification and Fluorescence Spectroscopy With Support Vector Networks",First Award,,true,https://www.societyforscience.org/press-release/regeneron-isef-full-awards-2023/,age_missing
ISEF,2023,Rishabh Ranjan,,"duPont Manual High School, KY",United States of America,"Screening for Multiple Gastrointestinal Cancers With CanDELA: Low-Cost, Automated Gastrointestinal Cancer Detection Utilizing Magnetic Bead miRNA Extraction, Peristaltic Pump-Based Liquid Handling, miRNA Amplification and Fluorescence Spectroscopy With Support Vector Networks",First Award,,true,https://www.societyforscience.org/press-release/regeneron-isef-full-awards-2023/,age_missing
ISEF,2023,Muhammad El-Sherbiny,,"Bergen County Academies, NJ",United States of America,Novel Approach to Creating Hyper-Customizable Egg Models for Embryonic Analysis,First Award,,true,https://www.societyforscience.org/press-release/regeneron-isef-full-awards-2023/,age_missing
ISEF,2023,Harjaisal Brar,,"Stockdale High School, CA",United States of America,3D Printed Silicone Wound Care Dressing With Carbon Composite Structure Containing Porous Fibers for Reinforcement and Uniform Biocide Delivery,Second Award,,true,https://www.societyforscience.org/press-release/regeneron-isef-full-awards-2023/,age_missing
ISEF,2023,Aryan Kalluvila,,"Hartford Union High School, WI",United States of America,"Low-Field MRI Super-Resolution With Densely Engineered U-Net++ Network: Improving Resolution and Contrast of Portable MRI With Nested U-Net Architecture, Enabling Low-Cost Bedside Neurological Imaging on a Global Scale",Second Award,,true,https://www.societyforscience.org/press-release/regeneron-isef-full-awards-2023/,age_missing
ISEF,2023,Wesam Algurashi,,"Manarat Al Khobar National & International Schools, Eastern Province",Saudi Arabia,Generating Novel E. coli Nissle Cells Using a Reprogrammable CRISPR-Cas12 System for Targeted Drug Delivery,Second Award,,true,https://www.societyforscience.org/press-release/regeneron-isef-full-awards-2023/,age_missing
ISEF,2023,Karthik Muthukkumar,,"Urbana High School, MD",United States of America,DIVA: Spatial Navigation for the Visually Impaired Using Depth Sensing Artificial Intelligence and Convolutional Neural Networks,Second Award,,true,https://www.societyforscience.org/press-release/regeneron-isef-full-awards-2023/,age_missing
ISEF,2023,Pranav Sristy,,"Urbana High School, MD",United States of America,DIVA: Spatial Navigation for the Visually Impaired Using Depth Sensing Artificial Intelligence and Convolutional Neural Networks,Second Award,,true,https://www.societyforscience.org/press-release/regeneron-isef-full-awards-2023/,age_missing
ISEF,2023,Tarun Malarvasan,,"Urbana High School, MD",United States of America,DIVA: Spatial Navigation for the Visually Impaired Using Depth Sensing Artificial Intelligence and Convolutional Neural Networks,Second Award,,true,https://www.societyforscience.org/press-release/regeneron-isef-full-awards-2023/,age_missing
ISEF,2023,Daniel Siegel,,"Palo Alto Senior High School, CA",United States of America,OctoGrasp: The Design and Construction of a Cephalopod-Inspired Prosthetic Arm,Second Award,,true,https://www.societyforscience.org/press-release/regeneron-isef-full-awards-2023/,age_missing
ISEF,2023,Shaurya Khosla,,Saint John’s High School,India,EyeShift: Eye Care and Posture Control Device With an Intuitive Interface for Glasses,Third Award,,true,https://www.societyforscience.org/press-release/regeneron-isef-full-awards-2023/,age_missing
ISEF,2023,Natalia Pahlavan,,"Jericho High School, NY",United States of America,Bidirectional 12-Lead Electrocardiogram and Electrogram Reconstruction Using a Cycle Generative Adversarial Network,Third Award,,true,https://www.societyforscience.org/press-release/regeneron-isef-full-awards-2023/,age_missing
ISEF,2023,Daniel Mathew,,"Poolesville High School, MD",United States of America,MiniPose: Real-Time 3D Joint Estimation and Reconstruction With LiDAR and Low-Resolution Visual Data,Third Award,,true,https://www.societyforscience.org/press-release/regeneron-isef-full-awards-2023/,age_missing
ISEF,2023,Naveen Ramasamy,,"North Carolina School of Science and Mathematics, NC",United States of America,Near-Wall Vorticity as an Indicator of Marfan Syndrome,Third Award,,true,https://www.societyforscience.org/press-release/regeneron-isef-full-awards-2023/,age_missing
ISEF,2023,Abhinav Gurram,,"Green Hope High School, NC",United States of America,ARAID: A Novel Real-Time Augmented Reality and Artificial Intelligence Driven Navigation System & Surgical Pipeline for Cardiovascular Surgery,Third Award,,true,https://www.societyforscience.org/press-release/regeneron-isef-full-awards-2023/,age_missing
ISEF,2023,Ethan Sud,,"Green Hope High School, NC",United States of America,ARAID: A Novel Real-Time Augmented Reality and Artificial Intelligence Driven Navigation System & Surgical Pipeline for Cardiovascular Surgery,Third Award,,true,https://www.societyforscience.org/press-release/regeneron-isef-full-awards-2023/,age_missing
ISEF,2023,Rishabh Ambavanekar,,"Vista del Lago High School, CA",United States of America,Enabling Verbal Communication Through a Novel Usage of Brain-Computer Interfaces for the Differently Abled,Third Award,,true,https://www.societyforscience.org/press-release/regeneron-isef-full-awards-2023/,age_missing
ISEF,2023,Israa Shawabka,,"Fawwar Girls Secondary School, West Bank",Palestine,Test Yourself by Yourself,Third Award,,true,https://www.societyforscience.org/press-release/regeneron-isef-full-awards-2023/,age_missing
ISEF,2023,Sarah Jennings,,"Ossining High School, NY",United States of America,Electron Transport Chain Acts as Potential Regulator of ER-Mitochondria Interactions,First Award,,true,https://www.societyforscience.org/press-release/regeneron-isef-full-awards-2023/,age_missing
ISEF,2023,Ming-Hao Lee,,"Iolani School, HI",United States of America,Possible Use of MicroRNA-488 as a Biomarker for Bad Prognosis in Type 2 Diabetes,Second Award,,true,https://www.societyforscience.org/press-release/regeneron-isef-full-awards-2023/,age_missing
ISEF,2023,Ekansh Mittal,,"Westview High School, OR",United States of America,Integrating Machine Learning with 3D Organoid Modeling to Identify Biomarkers to Combat Drug Resistance in Cancer,Second Award,,true,https://www.societyforscience.org/press-release/regeneron-isef-full-awards-2023/,age_missing
ISEF,2023,Reshma Kosaraju,,"The Harker School, CA",United States of America,Quantification and Optimization of Circular RNA Stability for Improved RNA Therapeutics,Second Award,,true,https://www.societyforscience.org/press-release/regeneron-isef-full-awards-2023/,age_missing
ISEF,2023,Bhavana Sridharan,,"Little Rock Central High School, AR",United States of America,Punicalagin Attenuates Chemotherapy-Induced Hepatotoxicity in Normal Cells,Third Award,,true,https://www.societyforscience.org/press-release/regeneron-isef-full-awards-2023/,age_missing
ISEF,2023,Anna Peti-Peterdi,,"Palos Verdes High School, CA",United States of America,The Development of the C2F Seawater to Freshwater Converting Bioplant,Third Award,,true,https://www.societyforscience.org/press-release/regeneron-isef-full-awards-2023/,age_missing
ISEF,2023,Daniel Peresztegi,,"Palos Verdes High School, CA",United States of America,The Development of the C2F Seawater to Freshwater Converting Bioplant,Third Award,,true,https://www.societyforscience.org/press-release/regeneron-isef-full-awards-2023/,age_missing
ISEF,2023,Lena Peresztegi,,"Palos Verdes High School, CA",United States of America,The Development of the C2F Seawater to Freshwater Converting Bioplant,Third Award,,true,https://www.societyforscience.org/press-release/regeneron-isef-full-awards-2023/,age_missing
ISEF,2023,Hailey Finkelstein,,"Ardsley High School, NY",United States of America,KHDC3 in Grandparents Regulates Gene Expression in the Livers of Wild-Type Females,Third Award,,true,https://www.societyforscience.org/press-release/regeneron-isef-full-awards-2023/,age_missing
ISEF,2023,Jacob Winick,,"Millburn High School, NJ",United States of America,Targeting Neoantigens Derived From the ZRSR2 Mutation in Hematologic Malignancies,Third Award,,true,https://www.societyforscience.org/press-release/regeneron-isef-full-awards-2023/,age_missing
ISEF,2023,Kiele Morgan,,"The Bronx High School of Science, NY",United States of America,The Effect of NMDA Receptor Blockade on Neurogenesis and Neural Crest Development,Third Award,,true,https://www.societyforscience.org/press-release/regeneron-isef-full-awards-2023/,age_missing
ISEF,2023,Ekin Asyali,,"Gaziantep Private Sanko College, GAZİANTEP, Turkey Sude Gulsen, Gaziantep Private Sanko College, GAZİANTEP",Turkey,Intelligent Hydrogel Synthesis and Bracelet Design to Detect Foreign Materials in the Human Body and in Beverages,First Award,,true,https://www.societyforscience.org/press-release/regeneron-isef-full-awards-2023/,age_missing
ISEF,2023,Faisal Almuhaysh,,"Alkifah Academy, Eastern Province, Ahsaa",Saudi Arabia,Bi-Functional MOF-Based Electrocatalyst for Efficient and Cost-Effective Hydrogen Production From Seawater,First Award,,true,https://www.societyforscience.org/press-release/regeneron-isef-full-awards-2023/,age_missing
ISEF,2023,Fatima Alarfaj,,"Al-Anjal Private School, Eastern",Saudi Arabia,A Bifunctional System for Atmospheric Water Harvesting and Direct Air Electrolysis for Hydrogen Production,Second Award,,true,https://www.societyforscience.org/press-release/regeneron-isef-full-awards-2023/,age_missing
ISEF,2023,Julia Gelfond,,"Montgomery Blair High School, MD",United States of America,Highly Electrically Conductive Biomass-Derived Carbon Fibers,Second Award,,true,https://www.societyforscience.org/press-release/regeneron-isef-full-awards-2023/,age_missing
ISEF,2023,Grace Wang,,"Franklin Regional Senior High School, PA",United States of America,Photopolymerized Superabsorbent Polymers Prepared From Bio-Resources,Second Award,,true,https://www.societyforscience.org/press-release/regeneron-isef-full-awards-2023/,age_missing
ISEF,2023,Aditi Kiran,,"BASIS Independent Fremont, CA",United States of America,The Effect of Copper-Aluminum Bimetallic Metal Organic Framework Based Electrode on the Energy Stored in a Supercapacitor,Second Award,,true,https://www.societyforscience.org/press-release/regeneron-isef-full-awards-2023/,age_missing
ISEF,2023,Hyoungseok Lee,,"Daegu-il Science High School, Gyeongsangbuk-do, South Korea Jinsong Kim, Daegu-il Science High School, Gyeongsangbuk-do, South Korea Junhyeok Park, Daegu-il Science High School, Gyeongsangbuk-do",South Korea,Raney Nickel: Introducing the New High-Activity and Cost-Effective Catalyst for the Sabatier Reaction,Third Award,,true,https://www.societyforscience.org/press-release/regeneron-isef-full-awards-2023/,age_missing
ISEF,2023,Sarvesh Prabhu,,"FIITJEE Junior College, Telangana",India,Study of the Phytochemical Composition of Averrhoa carambola Extract and Its Effect on Water Biopollutants,Third Award,,true,https://www.societyforscience.org/press-release/regeneron-isef-full-awards-2023/,age_missing
ISEF,2023,Angelina Yang,,"Eleanor Roosevelt High School, CA",United States of America,Synthesis and In-Depth Evaluation of Degradable Copolymers via Cyclic Ketene Acetal Incorporation,Third Award,,true,https://www.societyforscience.org/press-release/regeneron-isef-full-awards-2023/,age_missing
ISEF,2023,Taytum Stratton,,"SUCCESS Academy – SUU, UT",United States of America,Synthesis and Characterization of Manganese Desert Rose Nanoparticles: A Fourth Year Study,Third Award,,true,https://www.societyforscience.org/press-release/regeneron-isef-full-awards-2023/,age_missing
ISEF,2023,Meda Surdokaite,,"Kauno r. Raudondvario gimnazija, Kauno",Lithuania,Optimization of the Synthesis of the Fluorescent Dye “Nile Red”,Third Award,,true,https://www.societyforscience.org/press-release/regeneron-isef-full-awards-2023/,age_missing
ISEF,2023,Kevin Zhu,,"Jericho High School, NY",United States of America,Micro-Changing Short Tandem Repeats: Investigating a Novel Genomic Factor of Polymorphism in 10 Human Cancers,First Award,,true,https://www.societyforscience.org/press-release/regeneron-isef-full-awards-2023/,age_missing
ISEF,2023,Saathvik Kannan,,"David H. Hickman High School, MO",United States of America,BIO-PLEX: An Innovative Biocomputational Approach to Decode the Secrets of the 2022 Mpox Resurgence,First Award,,true,https://www.societyforscience.org/press-release/regeneron-isef-full-awards-2023/,age_missing
ISEF,2023,Aidan Wang,,"University School of Milwaukee, WI",United States of America,SARS-CoV-2 Variant Analysis Using Discrete Fourier Transform,Second Award,,true,https://www.societyforscience.org/press-release/regeneron-isef-full-awards-2023/,age_missing
ISEF,2023,Agastya Sridharan,,"Scripps Ranch High School, CA",United States of America,"Improved Generalizability and Performance on Small Datasets Using Hyper-Connected Neural Architectures, C. elegans-Inspired Networks, and Evolutionary Modeling",Second Award,,true,https://www.societyforscience.org/press-release/regeneron-isef-full-awards-2023/,age_missing
ISEF,2023,Roshni Parulekar-Martins,,"Homestead High School, CA",United States of America,RandomRibo: A Novel Tool for Transcript-Level Ribosome Velocity Determinant Identification With Single Codon Resolution,Second Award,,true,https://www.societyforscience.org/press-release/regeneron-isef-full-awards-2023/,age_missing
ISEF,2023,Yasma Esteitieh,,"Malmo Borgarskola, Skane",Sweden,Developing and Utilizing a Whole-Cell Mathematical Model of IL-6 in Triple-Negative Breast Cancer: Predicting Cell Behavior and Targeted Anti-Tumorigenic Drug Interactions,Second Award,,true,https://www.societyforscience.org/press-release/regeneron-isef-full-awards-2023/,age_missing
ISEF,2023,Jaagat Prashar,,"Jordan High School, TX",United States of America,Monco: A Novel Deep Learning Pipeline to Predict Drug Candidates for the Inhibition of EZH2 Cofactors in Pediatric Neuroblastoma,Third Award,,true,https://www.societyforscience.org/press-release/regeneron-isef-full-awards-2023/,age_missing
ISEF,2023,Jaanak Prashar,,"Jordan High School, TX",United States of America,Monco: A Novel Deep Learning Pipeline to Predict Drug Candidates for the Inhibition of EZH2 Cofactors in Pediatric Neuroblastoma,Third Award,,true,https://www.societyforscience.org/press-release/regeneron-isef-full-awards-2023/,age_missing
ISEF,2023,Misha Patel,,"Wheeler High School, GA",United States of America,Targeted Drug Delivery for Aortic Aneurysms: Using Computational Fluid Dynamics to Optimize Drug Delivery & Treatment,Third Award,,true,https://www.societyforscience.org/press-release/regeneron-isef-full-awards-2023/,age_missing
ISEF,2023,Vikram Goddla,,"Detroit Country Day School, MI",United States of America,Autonomous Navigation Solution for Medical Microbots With Deep Reinforcement Learning,Third Award,,true,https://www.societyforscience.org/press-release/regeneron-isef-full-awards-2023/,age_missing
ISEF,2023,Yue Ding,,"Nikola Tesla STEM High School, WA",United States of America,Early Detection of Cancer Using Microbial Taxonomic and Functional Information,Third Award,,true,https://www.societyforscience.org/press-release/regeneron-isef-full-awards-2023/,age_missing
ISEF,2023,Ariana Rahman,,"BASIS Chandler, AZ",United States of America,A Novel Breast Cancer Recurrence Risk Predictor Using a Deep Learning Multi-omics Data Integration Framework,Third Award,,true,https://www.societyforscience.org/press-release/regeneron-isef-full-awards-2023/,age_missing
ISEF,2023,Binh Giang Nguyen,,"HUS High School for Gifted Student, Viet Nam Thi Mai Anh Nguyen, HUS High School for Gifted Student",Viet Nam,The Neuropharmacological Effects of Leaves and Fruits Essential Oils From Litsea cubeba Based on Network Pharmacology,Third Award,,true,https://www.societyforscience.org/press-release/regeneron-isef-full-awards-2023/,age_missing
ISEF,2023,Franziska Borneff,,"Hidden Valley High School, VA",United States of America,Measuring the Effects of Climate Change on Arctic Rivers,First Award,,true,https://www.societyforscience.org/press-release/regeneron-isef-full-awards-2023/,age_missing
ISEF,2023,Paige Hinkle,,"Wilson High School, PA",United States of America,Experiments to Determine Radon Levels in Household Water and Measure the Effectiveness of Mitigation Options,First Award,,true,https://www.societyforscience.org/press-release/regeneron-isef-full-awards-2023/,age_missing
ISEF,2023,Melinda Lin,,"West Linn High School, OR",United States of America,"Microscopic Menace: What Are the Effects of Cyanobacteria Blooms on Primary Productivity, Toxicity, and Microorganisms?",Second Award,,true,https://www.societyforscience.org/press-release/regeneron-isef-full-awards-2023/,age_missing
ISEF,2023,Uma Grover,,"West Linn High School, OR",United States of America,"Microscopic Menace: What Are the Effects of Cyanobacteria Blooms on Primary Productivity, Toxicity, and Microorganisms?",Second Award,,true,https://www.societyforscience.org/press-release/regeneron-isef-full-awards-2023/,age_missing
ISEF,2023,Jirapon Sengnongban,,"Princess Chulabhon Science High School Pathumthani, Pathumthani, Thailand Naruephat Yajai, Princess Chulabhon Science High School Pathumthani, Pathumthani, Thailand Prompiriya Khattiyawong, Princess Chulabhon Science High School Pathumthani, Pathumthani",Thailand,A Novel Invention of Aerial Delivery of Planting Material for Burnt Forest Restoration Inspired by the Structure of Kadsura coccinea Fruit,Second Award,,true,https://www.societyforscience.org/press-release/regeneron-isef-full-awards-2023/,age_missing
ISEF,2023,Morgan Barnes,,"Canterbury School, FL",United States of America,Utilizing Nutrient Enriched Biologically Activated Bioremediation Units as a Soil Amendment in a Cyclic Remediation System (A Novel Fifth Year Study),Second Award,,true,https://www.societyforscience.org/press-release/regeneron-isef-full-awards-2023/,age_missing
ISEF,2023,Deema Marwahi,,"Al Hussan National Model School For Girls – Jubail, Eastern",Saudi Arabia,A New Approach for Optimizing a Light Scattering Coating Formulated With Different Sized BaSO4 Particles for Energy Conservation Applications,Second Award,,true,https://www.societyforscience.org/press-release/regeneron-isef-full-awards-2023/,age_missing
ISEF,2023,Aditya Singirikonda,,"Texas Academy of Mathematics and Science, TX",United States of America,Comprehensive Dataset Utilizing Meteorological and Topographical Feature Data for Next-Day Wildfire Spread Prediction,Second Award,,true,https://www.societyforscience.org/press-release/regeneron-isef-full-awards-2023/,age_missing
ISEF,2023,Anish Goel,,"Texas Academy of Mathematics and Science, TX",United States of America,Comprehensive Dataset Utilizing Meteorological and Topographical Feature Data for Next-Day Wildfire Spread Prediction,Second Award,,true,https://www.societyforscience.org/press-release/regeneron-isef-full-awards-2023/,age_missing
ISEF,2023,Karolina Markiewicz,,"XL Liceum Ogolnoksztatcace z Oddziatami Dwujezycznymi im. Stefana Zeromskiego w Warszawie, Mazowieckie, Poland Oliwia Gorska, XL Liceum Ogolnoksztatcace z Oddziatami Dwujezycznymi im. Stefana Zeromskiego w Warszawie, Mazowieckie",Poland,Can Anthropogenic Pollutants (Microplastics and Fertilizers) Really Be Dangerous to Freshwater Zooplankton?,Third Award,,true,https://www.societyforscience.org/press-release/regeneron-isef-full-awards-2023/,age_missing
ISEF,2023,Dahin Lee,,"Korean Minjok Leadership Academy, Gangwon, South Korea Yuhyun Choi, Korean Minjok Leadership Academy, Gangwon",South Korea,Demonstration and Efficiency Tests of the Biodegradation of Polyurethane by Microorganisms in the Gut of the Zophobas atratus Larvae,Third Award,,true,https://www.societyforscience.org/press-release/regeneron-isef-full-awards-2023/,age_missing
ISEF,2023,Szu-Yun Ko,,"Taipei First Girls High School, Taiwan",Chinese Taipei,Physical Disturbances Affect Food Availability To Shape Benthic Community Structure in Submarine Canyons,Third Award,,true,https://www.societyforscience.org/press-release/regeneron-isef-full-awards-2023/,age_missing
ISEF,2023,Nikita Agrawal,,"Whitney M. Young Magnet High School, IL",United States of America,Predicting Large Wildfires Using Machine Learning Approach Towards Environmental Justice via Remote Sensing,Third Award,,true,https://www.societyforscience.org/press-release/regeneron-isef-full-awards-2023/,age_missing
ISEF,2023,Carlynn Rychener,,"Chapin High School, SC",United States of America,Microplastics From Mats: How Abiotic Environmental Factors Affect the Degradation of Polyethylene Foam Water Mats Into Microplastics,Third Award,,true,https://www.societyforscience.org/press-release/regeneron-isef-full-awards-2023/,age_missing
ISEF,2023,Disha Mudenur,,"Hopkinton High School, MA",United States of America,The Electrolytic Extraction of Dawsonite From Ocean Water: Efficient Saltwater Mineral Recovery Through Electrolysis,Third Award,,true,https://www.societyforscience.org/press-release/regeneron-isef-full-awards-2023/,age_missing
ISEF,2023,Dylan Striek,,"Hopkinton High School, MA",United States of America,The Electrolytic Extraction of Dawsonite From Ocean Water: Efficient Saltwater Mineral Recovery Through Electrolysis,Third Award,,true,https://www.societyforscience.org/press-release/regeneron-isef-full-awards-2023/,age_missing
ISEF,2023,Rylee Blair,,"Hopkinton High School, MA",United States of America,The Electrolytic Extraction of Dawsonite From Ocean Water: Efficient Saltwater Mineral Recovery Through Electrolysis,Third Award,,true,https://www.societyforscience.org/press-release/regeneron-isef-full-awards-2023/,age_missing
ISEF,2023,Eliana Juarez,,"V. Sue Cleveland High School, NM",United States of America,Addressing Disparities in Air Quality Monitoring: Using Machine Learning and Remote Sensing to Estimate the Distribution of PM2.5 in Mexico,Third Award,,true,https://www.societyforscience.org/press-release/regeneron-isef-full-awards-2023/,age_missing
ISEF,2023,Yik Chun John Peng,,"Shanghai American School – Puxi Campus, Shanghai",China,A Fully Automatic Self-Assembling Modular Robot System,First Award,,true,https://www.societyforscience.org/press-release/regeneron-isef-full-awards-2023/,age_missing
ISEF,2023,Sarang Goel,,"Texas Academy of Mathematics and Science, TX",United States of America,IVY: Intelligent Vision System for the Visually Impaired,Second Award,,true,https://www.societyforscience.org/press-release/regeneron-isef-full-awards-2023/,age_missing
ISEF,2023,Mohamad Fahmy,,"Obour STEM School, Kalubya, Egypt Yousef Ramadan, Obour STEM School, Kalubya",Egypt,Speaking Gloves: Cheap and Improved Wearable Gloves That Translate Sign Language Into Speech Using Velostat Based Sensors and Machine Learning,Second Award,,true,https://www.societyforscience.org/press-release/regeneron-isef-full-awards-2023/,age_missing
ISEF,2023,Hairong Huang,,Hangzhou Xuejun High School of Zhejiang Province,China,"Make Smart Devices More Accessible: Engineering of a Novel Low-Cost, Multi-Direction Distance Sensor and Its Application in Obstacle Avoidance of UAV",Third Award,,true,https://www.societyforscience.org/press-release/regeneron-isef-full-awards-2023/,age_missing
ISEF,2023,Filip Piekos,,"Zespol Szkol Technicznych i Ogolnoksztalcacych im. Stefana Banacha w Jaroslawiu, Podkarpacie",Poland,"ZHELTA: Contactless, Programmable Keyboards for People With Disabilities",Third Award,,true,https://www.societyforscience.org/press-release/regeneron-isef-full-awards-2023/,age_missing
ISEF,2023,Roy Gross,,"Henry M. Gunn High School, CA",United States of America,Tactical Drone Detection and Tracking Using Machine-Learned Radio Interferometry: Lessons From Ukraine,Third Award,,true,https://www.societyforscience.org/press-release/regeneron-isef-full-awards-2023/,age_missing
ISEF,2023,Matej Neumann,,"DELTA – High School of Computer Science and Economics, Pardubicky kraj",Czech Republic,OriLive: A LoRa Mesh Network System for Orienteering Split Times Collection,Third Award,,true,https://www.societyforscience.org/press-release/regeneron-isef-full-awards-2023/,age_missing
ISEF,2023,Eugene Chen,,Shanghai High School International Division,China,Energy-Free Power Saving Device for Air Conditioners,First Award,,true,https://www.societyforscience.org/press-release/regeneron-isef-full-awards-2023/,age_missing
ISEF,2023,Taif Alhedmi,,Manarat Al-Riyadh,Saudi Arabia,New Approach to Increase Hydrogen Production by Adding Magnetic Field to the Photoelectrochemical Water Splitting of Metal Oxides Thin Films,Second Award,,true,https://www.societyforscience.org/press-release/regeneron-isef-full-awards-2023/,age_missing
ISEF,2023,Leen Al-Mulhim,,"University Schools, Eastern Province",Saudi Arabia,Electrocatalytic Green H2 Generation Using Novel Defect Engineered Cotio3-x/Tio2-x- Perovskite Nanostructures Synthesized by Pulsed Laser Processing,Second Award,,true,https://www.societyforscience.org/press-release/regeneron-isef-full-awards-2023/,age_missing
ISEF,2023,Latifa Alghannam,,"KFUPM Schools, Eastern Province",Saudi Arabia,Laser-Induced One-Step Green Synthesis of Graphene Nanoparticles for Fabrication of All-Solid-State Ultracapacitor,Second Award,,true,https://www.societyforscience.org/press-release/regeneron-isef-full-awards-2023/,age_missing
ISEF,2023,Fajr Alkhulayfi,,Riyadh School for Boys and Girls,Saudi Arabia,Engineering Hybrid System to Generate Renewable Energy From Solar and Raindrop Energy Using Newly Designed Compatible Piezoelectric Devices,Third Award,,true,https://www.societyforscience.org/press-release/regeneron-isef-full-awards-2023/,age_missing
ISEF,2023,Rataj Alsulami,,"Talented Secondary School, Makkah",Saudi Arabia,Concrete Electrolyte-Based Structural Supercapacitor Reinforced With Carbon-Modified Steel Mesh,Third Award,,true,https://www.societyforscience.org/press-release/regeneron-isef-full-awards-2023/,age_missing
ISEF,2023,Jordan Prawira,,"Mountain House High School, CA",United States of America,"Pura Aer 2: Dual-Stage, Energy-Efficient, Modular Air Purifier System, Inspired by Porifera To Improve Air Quality",Third Award,,true,https://www.societyforscience.org/press-release/regeneron-isef-full-awards-2023/,age_missing
ISEF,2023,Yash Dagade,,"Eden Prairie High School, MN",United States of America,SkyWindFarm: Design of a Novel Vertical Airborne Wind Turbine Clean Energy Farm,Third Award,,true,https://www.societyforscience.org/press-release/regeneron-isef-full-awards-2023/,age_missing
ISEF,2023,Johan DeMessie,,"William Mason High School, OH",United States of America,Lignin Assisted Water Electrolysis for Sustainable Hydrogen Production and Lignin Valorization,Third Award,,true,https://www.societyforscience.org/press-release/regeneron-isef-full-awards-2023/,age_missing
ISEF,2023,Ethan Zentner,,"Nicolet High School, WI",United States of America,"Design, Construction, and Testing of a Passenger-Capable eVTOL Hexacopter",First Award,,true,https://www.societyforscience.org/press-release/regeneron-isef-full-awards-2023/,age_missing
ISEF,2023,Yuyang Wang,,Shanghai Pinghe Bilingual School,China,Exploring Stick-Climbing and Grabber-Wheel Hybridization: The Development of an Inchworm Robot with Integrated Skateboard Mechanism,First Award,,true,https://www.societyforscience.org/press-release/regeneron-isef-full-awards-2023/,age_missing
ISEF,2023,Jo-Ya Chen,,"Kaohsiung Municipal Kaohsiung Girls’ Senior High School, Taiwan",Chinese Taipei,The Fusion of Glazes Color in Random Forest,Second Award,,true,https://www.societyforscience.org/press-release/regeneron-isef-full-awards-2023/,age_missing
ISEF,2023,Richard Lian,,"duPont Manual High School, KY",United States of America,"Decentralized, Autonomous Drone Swarms for Real-Time Mapping Applications and Natural Disaster Relief",Second Award,,true,https://www.societyforscience.org/press-release/regeneron-isef-full-awards-2023/,age_missing
ISEF,2023,Han Wang,,"BASIS International School Hangzhou, ZheJiang",China,"Highly Adaptable, Strong, and Flexible Biotic Robotic Arm: A Modular Gear Chain Mechanism for Single-Handed Task Mastery",Second Award,,true,https://www.societyforscience.org/press-release/regeneron-isef-full-awards-2023/,age_missing
ISEF,2023,Kevin Shen,,"Olympia High School, WA",United States of America,Wind-Powered Flight: Exploring the Potential of Dynamic Soaring for Unmanned Aerial Vehicles,Second Award,,true,https://www.societyforscience.org/press-release/regeneron-isef-full-awards-2023/,age_missing
ISEF,2023,Zihao Liu,,"The High School Affiliated to Beijing Normal University, Beijing",China,Design and Implementation of the Fish Gill Imitation Side-Window Regulator for Ducted Fan UAVs,Third Award,,true,https://www.societyforscience.org/press-release/regeneron-isef-full-awards-2023/,age_missing
ISEF,2023,Aiden Gandhi,,"Rowland Hall- Lincoln Street Campus, UT",United States of America,A Novel Approach to Electric Aircraft Engines Using Thorium Dioxide Coated Tungsten Carbide Fins for Thrust Generation,Third Award,,true,https://www.societyforscience.org/press-release/regeneron-isef-full-awards-2023/,age_missing
ISEF,2023,Eli Hatton,,"Rowland Hall- Lincoln Street Campus, UT",United States of America,A Novel Approach to Electric Aircraft Engines Using Thorium Dioxide Coated Tungsten Carbide Fins for Thrust Generation,Third Award,,true,https://www.societyforscience.org/press-release/regeneron-isef-full-awards-2023/,age_missing
ISEF,2023,Evan Weinstein,,"Rowland Hall- Lincoln Street Campus, UT",United States of America,A Novel Approach to Electric Aircraft Engines Using Thorium Dioxide Coated Tungsten Carbide Fins for Thrust Generation,Third Award,,true,https://www.societyforscience.org/press-release/regeneron-isef-full-awards-2023/,age_missing
ISEF,2023,Evan Walsh,,"Great Mills High School, MD",United States of America,MagFlow: A Revolutionary Magnetic Coupling System for More Than Just Generating Flow,Third Award,,true,https://www.societyforscience.org/press-release/regeneron-isef-full-awards-2023/,age_missing
ISEF,2023,Joshua McNeil,,"Little Rock Central High School, AR",United States of America,The Effects of Variable Rotor Pitch on Axial Compressor Efficiency,Third Award,,true,https://www.societyforscience.org/press-release/regeneron-isef-full-awards-2023/,age_missing
ISEF,2023,Aryaman Khanna,,"Thomas Jefferson High School for Science and Technology, VA",United States of America,HypeFL: A Novel Blockchain-Based Architecture Using Federated Learning and Cooperative Perception for a Fully-Connected Autonomous Vehicle System,Third Award,,true,https://www.societyforscience.org/press-release/regeneron-isef-full-awards-2023/,age_missing
ISEF,2023,Mihika Dusad,,"Thomas Jefferson High School for Science and Technology, VA",United States of America,HypeFL: A Novel Blockchain-Based Architecture Using Federated Learning and Cooperative Perception for a Fully-Connected Autonomous Vehicle System,Third Award,,true,https://www.societyforscience.org/press-release/regeneron-isef-full-awards-2023/,age_missing
ISEF,2023,Ersel Serdar,,"Cherry Creek High School, CO",United States of America,A New Rocket Nozzle Design To Improve Performance at High Altitudes,Third Award,,true,https://www.societyforscience.org/press-release/regeneron-isef-full-awards-2023/,age_missing
ISEF,2023,Mohammed Alarfaj,,"Dhahran Ahliyya School, Eastern Province",Saudi Arabia,"Net Direct Air Capture: Novel Contact Liquid-Based Approach for Efficient, Cost-Effective, and Scalable Cryogenic Carbon Capture",First Award,,true,https://www.societyforscience.org/press-release/regeneron-isef-full-awards-2023/,age_missing
ISEF,2023,Aryan Mago,,"Groton School, MA",United States of America,Novel Wearable Volatile Organic Compound Detection and Mitigation via Cumulative Solvatochromism and Dietary Modification,First Award,,true,https://www.societyforscience.org/press-release/regeneron-isef-full-awards-2023/,age_missing
ISEF,2023,Gavin Kratcha,,"Hankinson Public School, ND",United States of America,Sustainable Hydroponic Production Using Automated Agricultural Nutrient Reclamation,Second Award,,true,https://www.societyforscience.org/press-release/regeneron-isef-full-awards-2023/,age_missing
ISEF,2023,Kennesha Garg,,"American High School, CA",United States of America,Effects of RootPipes on Landfill Gas Emissions,Second Award,,true,https://www.societyforscience.org/press-release/regeneron-isef-full-awards-2023/,age_missing
ISEF,2023,Sasha Masson,,"The Harker School, CA",United States of America,Testing the Effectiveness of a Bioplastic Layer Bonded to Natural Chelating Agents on the Minimization of Lead Iodide Leaching in Perovskite Solar Cells and a Novel Antireflective Coating Derived From Corn and Lotus Leaf Imprints on the Cell,Second Award,,true,https://www.societyforscience.org/press-release/regeneron-isef-full-awards-2023/,age_missing
ISEF,2023,Haoyu Wang,,"Centennial High School, NM",United States of America,"Toxicological Study of Treated Produced Water for Water Conservation, Reclamation, and Reuse",Second Award,,true,https://www.societyforscience.org/press-release/regeneron-isef-full-awards-2023/,age_missing
ISEF,2023,Sanjana Kumar,,"Francis Parker School, CA",United States of America,Utilizing 3D-Printed Engineered Living Materials To Break Down Environmental Pollutants,Second Award,,true,https://www.societyforscience.org/press-release/regeneron-isef-full-awards-2023/,age_missing
ISEF,2023,Kian Sanchez,,"University Laboratory School, HI",United States of America,Testing the Effectiveness of Sabellastarte spectabilis as a Potential Bioremediator,Third Award,,true,https://www.societyforscience.org/press-release/regeneron-isef-full-awards-2023/,age_missing
ISEF,2023,Sharanya Natarajan,,"Edgewood Junior Senior High School, FL",United States of America,An Engineered Hub & Spoke System to Seek & Destroy HABs (Year 4),Third Award,,true,https://www.societyforscience.org/press-release/regeneron-isef-full-awards-2023/,age_missing
ISEF,2023,Daniel Kim,,"Los Alamos High School, NM",United States of America,Engineered Underwater Vehicle for Ocean Litter Mapping,Third Award,,true,https://www.societyforscience.org/press-release/regeneron-isef-full-awards-2023/,age_missing
ISEF,2023,Vedant Srinivas,,"Eastlake High School, WA",United States of America,Biomimicry of the Boxfish: A Computational Analysis and Wind Tunnel Study of Aerodynamic Drag Reduction of Class 8 Heavy Vehicle Trailers,Third Award,,true,https://www.societyforscience.org/press-release/regeneron-isef-full-awards-2023/,age_missing
ISEF,2023,Layan Noorwali,,"Talented Secondary School, Makkah",Saudi Arabia,Super Paramagnetic Nanoparticles as a Reusable Delivery System of Pesticides,Third Award,,true,https://www.societyforscience.org/press-release/regeneron-isef-full-awards-2023/,age_missing
ISEF,2023,Chloe Bernstein,,"Byram Hills High School, NY",United States of America,Rational Protein Engineering of PETase From Ideonella sakaiensis to Stimulate the Bioremediation of PET Pollution,Third Award,,true,https://www.societyforscience.org/press-release/regeneron-isef-full-awards-2023/,age_missing
ISEF,2023,Alan Ma,,"Jesuit High School, OR",United States of America,Smart Wildlife Sentinel (SWS): Preventing Wildlife-Vehicle Collisions and Monitoring Road Ecology With Embedded IoT Systems and Deep Learning,Third Award,,true,https://www.societyforscience.org/press-release/regeneron-isef-full-awards-2023/,age_missing
ISEF,2023,Calvin Mathew,,"American Heritage School, FL",United States of America,3D Printing Personalized Knee Implants: Novel Computational Geometric Models for Stem Cell Regeneration in Meniscus Tears,First Award,,true,https://www.societyforscience.org/press-release/regeneron-isef-full-awards-2023/,age_missing
ISEF,2023,Vincent Huang,,"Syosset High School, NY",United States of America,An Advanced Computer App for Simulating White-Beam Diffraction Laue Patterns in Modern X-Ray Crystallography,Second Award,,true,https://www.societyforscience.org/press-release/regeneron-isef-full-awards-2023/,age_missing
ISEF,2023,Vallabh Ramesh,,"duPont Manual High School, KY",United States of America,"4-D Printed Low-Cost Novel Shape Memory Polymers for Industrial, Robotics and Disaster Relief Applications",Second Award,,true,https://www.societyforscience.org/press-release/regeneron-isef-full-awards-2023/,age_missing
ISEF,2023,Huiyi Wen,,"Tabor Academy, MA",United States of America,Efficient Fog Harvesting Interface With Bio-Inspired Multilayer Micro Kirigami,Second Award,,true,https://www.societyforscience.org/press-release/regeneron-isef-full-awards-2023/,age_missing
ISEF,2023,Sohi Patel,,"College Park High School, TX",United States of America,"Programmable Matter II: Optimizing Logical Topology and Automating Manufacture of a Microscale, Self-Reconfigurable Swarm Robotic System",Third Award,,true,https://www.societyforscience.org/press-release/regeneron-isef-full-awards-2023/,age_missing
ISEF,2023,Autri Das,,"Sunset High School, OR",United States of America,Novel Small Scale Carbon Dioxide Capture Polymer Membrane for Sudden Infant Death Syndrome Prevention,Third Award,,true,https://www.societyforscience.org/press-release/regeneron-isef-full-awards-2023/,age_missing
ISEF,2023,Muhammad Faiz Ikhwan Ismail,,"Sekolah Menengah Kebangsaan Kampong Selamat, Pulau Pinang, Malaysia Nur Anisha Md Rodi, Sekolah Menengah Kebangsaan Kampong Selamat, Pulau Pinang, Malaysia Nursyadzliyana Syadzzlin Muhamadazlin, Sekolah Menengah Kebangsaan Kampong Selamat, Pulau Pinang",Malaysia,Organic Wastes as an Additive in Artificial Asphalt Production,Third Award,,true,https://www.societyforscience.org/press-release/regeneron-isef-full-awards-2023/,age_missing
ISEF,2023,Abeer Alyousef,,"Dohat Alibdaa International Schools, Eastern Province",Saudi Arabia,Engineering of a Novel Low-Cost Hybrid Perovskite Material for Modulating LED Devices,Third Award,,true,https://www.societyforscience.org/press-release/regeneron-isef-full-awards-2023/,age_missing
ISEF,2023,Andy Xu,,"Millburn High School, NJ",United States of America,GLASS: A Geometric Local Attention-Based Model to Design Superconducting Structures,Third Award,,true,https://www.societyforscience.org/press-release/regeneron-isef-full-awards-2023/,age_missing
ISEF,2023,Meryl Zhang,,"R. C. Clark High School, TX",United States of America,The Easiest Hard Problem: A Heuristic Solution to the Two-Way Partitioning Problem Using Probabilistic Algorithms,First Award,,true,https://www.societyforscience.org/press-release/regeneron-isef-full-awards-2023/,age_missing
ISEF,2023,Aurora Mendenhall,,"Niceville High School, FL",United States of America,Folding the Future: An Innovative Approach to Solving the Supply Chain Crisis With Geometry,Second Award,,true,https://www.societyforscience.org/press-release/regeneron-isef-full-awards-2023/,age_missing
ISEF,2023,Nicholas Hagedorn,,"Princeton High School, NJ",United States of America,Strict Inequalities for the n-Crossing Number,Second Award,,true,https://www.societyforscience.org/press-release/regeneron-isef-full-awards-2023/,age_missing
ISEF,2023,Da-Fu Chiu,,"Taipei City Non-school-based Experimental Education at Senior High School Level, Taiwan",Chinese Taipei,On Indefinite Reflection of Light Beam Off of Convex Decreasing Curves,Third Award,,true,https://www.societyforscience.org/press-release/regeneron-isef-full-awards-2023/,age_missing
ISEF,2023,Anooshka Pendyal,,"Deep Run High School, VA",United States of America,Optimizing Quantum Annealing to Advance Graph Coloring Algorithms,Third Award,,true,https://www.societyforscience.org/press-release/regeneron-isef-full-awards-2023/,age_missing
ISEF,2023,Gyulim Kang,,"Singapore American School, Singapore",Singapore,Promoting Efficient Allocation in Refugee Camps: Comparing Mechanisms With Minority Reserves,Third Award,,true,https://www.societyforscience.org/press-release/regeneron-isef-full-awards-2023/,age_missing
ISEF,2023,Yunjia Quan,,"Charlotte Country Day School, NC",United States of America,Improving Bitcoin’s Post-Quantum Transaction Efficiency With a Novel Lattice-Based Aggregate Signature Scheme Based on CRYSTALS-Dilithium and a STARK Protocol,Third Award,,true,https://www.societyforscience.org/press-release/regeneron-isef-full-awards-2023/,age_missing
ISEF,2023,Shriya Bhat,,"Plano East Senior High School, TX",United States of America,Combating Pseudomonas Resistance: Cloning of the ampC Gene Encoding for Beta-Lactamase and Development of a Non-Toxic Allosteric Inhibitory Cocktail Therapy to Eradicate Pseudomonas aeruginosa,First Award,,true,https://www.societyforscience.org/press-release/regeneron-isef-full-awards-2023/,age_missing
ISEF,2023,Daniel Levin,,"Pittsburgh Allderdice High School, PA",United States of America,Biosynthetic Engineering of Novel Multifunctioning Electroactive Bacterial Cellulose-Carbon Nanotube Therapeutic Bandages for Rapid Clearance of Vancomycin-Intermediate Staphylococcus aureus,First Award,,true,https://www.societyforscience.org/press-release/regeneron-isef-full-awards-2023/,age_missing
ISEF,2023,Calvin Carpenter,,"All Saints Episcopal High School, TX",United States of America,"Identifying Novel Modes of Inhibition of C. pusillum and B. subtilis Bacteria, Against Deadly Bat Fungus, Pseudogymnoascus destructans (Year 8)",Second Award,,true,https://www.societyforscience.org/press-release/regeneron-isef-full-awards-2023/,age_missing
ISEF,2023,Shuyang Wu,,"Taizhou No. 1 High School, Zhejiang",China,The Magic Mulching Film: Effects of Lignin-Based Fully Biodegradable Mulching Film on Soil Microorganisms,Second Award,,true,https://www.societyforscience.org/press-release/regeneron-isef-full-awards-2023/,age_missing
ISEF,2023,Elizabeth Hanechak,,"Pope Francis Preparatory School, MA",United States of America,The Deletion of a Disulfide Bridge Through Site-Directed Mutagenesis to Adapt Cutinase to the Biodegradation of Polyethylene Terephthalate,Second Award,,true,https://www.societyforscience.org/press-release/regeneron-isef-full-awards-2023/,age_missing
ISEF,2023,Maryam Abdel-Azim,,"Central Bucks High School East, PA",United States of America,Targeting Signaling Molecules of P. aeruginosa by Using Mucin as an Anti-Quorum Sensing Drug: A Novel Design To Evaluate Efficacy in the Context of Multidrug Resistance,Second Award,,true,https://www.societyforscience.org/press-release/regeneron-isef-full-awards-2023/,age_missing
ISEF,2023,Thanaphone Shields,,"Syracuse High School, UT",United States of America,Effects of Sound Exposure on the Phosphorus Uptake of Polyphosphate-Accumulating Organisms,Third Award,,true,https://www.societyforscience.org/press-release/regeneron-isef-full-awards-2023/,age_missing
ISEF,2023,Umer Sohail Meer,,"International School Lahore, Punjab",Pakistan,Development of Molecular Diagnostic Tool for Cotton Leaf Curl Disease (CLCuD) Using Betasatellite Based Molecular Marker,Third Award,,true,https://www.societyforscience.org/press-release/regeneron-isef-full-awards-2023/,age_missing
ISEF,2023,Jamie Wen,,Dunman High School,Singapore,Doctor Bartender: Phage Cocktails To Treat Multi-Drug Resistant Mycobacterium abscessus,Third Award,,true,https://www.societyforscience.org/press-release/regeneron-isef-full-awards-2023/,age_missing
ISEF,2023,Yuriy Sandmeier,,"King School, CT",United States of America,"Knockdown of the Essential 23S rRNA Methyltransferase, rv3579c, Increases the Susceptibility of Mycobacterium Tuberculosis to Macrolides",Third Award,,true,https://www.societyforscience.org/press-release/regeneron-isef-full-awards-2023/,age_missing
ISEF,2023,Kara Fan,,"Westview High School, CA",United States of America,A Self-Disinfecting Nanomaterial for Future Space Travel,Third Award,,true,https://www.societyforscience.org/press-release/regeneron-isef-full-awards-2023/,age_missing
ISEF,2023,Kaitlyn Wang,,"The Harker School, CA",United States of America,Discovery of the Smallest Ever Ultra-Short-Period Planet Using Novel Phase Folding Detection System Parallelized on a Cheap GPU,First Award,,true,https://www.societyforscience.org/press-release/regeneron-isef-full-awards-2023/,age_missing
ISEF,2023,Alexander Plekhanov,,"Beaverton Academy of Science and Engineering, OR",United States of America,"Skew-Axis Cylinder Lens Optical System: Novel Method of Clinical Optometry of Astigmatism, Characterization, Theoretical Modelling, and Implementation",First Award,,true,https://www.societyforscience.org/press-release/regeneron-isef-full-awards-2023/,age_missing
ISEF,2023,Hana Blundell,,Osaka Prefectural Tennoji High School,Japan,"How Ants Climb Smooth, Vertical and Overhanging Walls",Second Award,,true,https://www.societyforscience.org/press-release/regeneron-isef-full-awards-2023/,age_missing
ISEF,2023,XinRui Li,,Hwa Chong Institution,Singapore,Gyro-Ring: Dynamics and Steady Precession of Ring on a Vertical Smooth Rod,Second Award,,true,https://www.societyforscience.org/press-release/regeneron-isef-full-awards-2023/,age_missing
ISEF,2023,Maureen Zhang,,"Pittsford Sutherland High School, NY",United States of America,A Machine Learning Approach to Determine the Number of Exoplanets in a Given Planetary System Based on NASA Exoplanet Archive Data,Second Award,,true,https://www.societyforscience.org/press-release/regeneron-isef-full-awards-2023/,age_missing
ISEF,2023,Sarah Gardner,,"Ossining High School, NY",United States of America,Co-Evolving Across Time: Black Holes as Regulators of Their Host Galaxy Properties,Second Award,,true,https://www.societyforscience.org/press-release/regeneron-isef-full-awards-2023/,age_missing
ISEF,2023,Emma Nielsen,,"Gymnasiet HTX Lillebælt, Syddanmark",Denmark,On the Aerodynamics of Snowflakes: An Experimental Study of the Relation Between the Shape and Aerodynamics of Early Aggregates,Third Award,,true,https://www.societyforscience.org/press-release/regeneron-isef-full-awards-2023/,age_missing
ISEF,2023,Shodai Tanaka,,"Sapporo Kaisei Secondary School, Hokkaido",Japan,A Mathematical Study About the Sustaining Phenomenon of Overtone in Flageolet Harmonics on Bowed String Instruments,Third Award,,true,https://www.societyforscience.org/press-release/regeneron-isef-full-awards-2023/,age_missing
ISEF,2023,Gabriel Nowaskie,,"The Carol Martin Gatton Academy of Mathematics and Science in Kentucky, KY",United States of America,Quarkonium Dynamics in Phase Space,Third Award,,true,https://www.societyforscience.org/press-release/regeneron-isef-full-awards-2023/,age_missing
ISEF,2023,Amada Panumonwatee,,"Kamnoetvidya Science Academy, Thailand Jinjuta Paripurana, Kamnoetvidya Science Academy, Thailand Pavarit Phanichkul, Kamnoetvidya Science Academy",Thailand,Effect of the Planetary Magnetic Field on the Shape of Gas Giants’ Polygons Based on Fluid Instabilities Principle,Third Award,,true,https://www.societyforscience.org/press-release/regeneron-isef-full-awards-2023/,age_missing
ISEF,2023,Ankit Biswas,,"Providence High School, NC",United States of America,Unveiling Distant Worlds: Discovering 13 Ultracool Y-Dwarf Candidates With a Novel Model-Based Machine Learning Detection Technique,Third Award,,true,https://www.societyforscience.org/press-release/regeneron-isef-full-awards-2023/,age_missing
ISEF,2023,Dongtian Liu,,Shanghai Foreign Language School Affiliated to SISU,China,Elucidation of the Biosynthesis Pathway of Acylated Flavonoid Glycosides in Pseudognaphalium affine and Exploration of Its Key Enzymes,First Award,,true,https://www.societyforscience.org/press-release/regeneron-isef-full-awards-2023/,age_missing
ISEF,2023,Adela Uhrova,,"Gymnazium Boticska, Praha 2",Czech Republic,Analysis of Gene Interaction Between the Transcription Factor and Genes That Regulates Flowering of Arabidopsis thaliana,Second Award,,true,https://www.societyforscience.org/press-release/regeneron-isef-full-awards-2023/,age_missing
ISEF,2023,Prisha Bhat,,"Plano East Senior High School, TX",United States of America,Agro-Rhizoremediation: Rhizoremediation With Agro-Transformed Oryza sativa to Facilitate Arsenic Degradation in situ (Year III),Second Award,,true,https://www.societyforscience.org/press-release/regeneron-isef-full-awards-2023/,age_missing
ISEF,2023,Nira Goyal,,"Martin County High School, FL",United States of America,Quantification of Macrophomina phaseolina Survival After Organic Soil Treatments Under Multiple Temperature Regimes,Second Award,,true,https://www.societyforscience.org/press-release/regeneron-isef-full-awards-2023/,age_missing
ISEF,2023,Kate Xu,,"Del Norte High School, CA",United States of America,Reducing Lead Contamination Through Hydroponically-Grown Mycorrhizal Plants,Third Award,,true,https://www.societyforscience.org/press-release/regeneron-isef-full-awards-2023/,age_missing
ISEF,2023,Layan Almalki,,Alfaisaliah Islamic Schools,Saudi Arabia,"The Effects of (Fe3O4) Nanoparticles on the Growth, Viability, and Toxicity of Triticum aestivum L. Plants",Third Award,,true,https://www.societyforscience.org/press-release/regeneron-isef-full-awards-2023/,age_missing
ISEF,2023,Noor Alhammad,,"Al-Anjal Private School, Eastern",Saudi Arabia,Bioactivity of New Series of Zaxinone Mimics in Rice Growth and Its Effect on Striga Germination,Third Award,,true,https://www.societyforscience.org/press-release/regeneron-isef-full-awards-2023/,age_missing
ISEF,2023,Amanda Navarro,,"Arkansas School for Mathematics, Sciences and the Arts, AR",United States of America,Development of a Novel AI Soybean Root-Knot Nematode Stress Assessment (NASRKNSA) Model in Soybean Plants (Both Field and Home-Grown),Third Award,,true,https://www.societyforscience.org/press-release/regeneron-isef-full-awards-2023/,age_missing
ISEF,2023,Charis Xiong,,"Arkansas School for Mathematics, Sciences and the Arts, AR",United States of America,Development of a Novel AI Soybean Root-Knot Nematode Stress Assessment (NASRKNSA) Model in Soybean Plants (Both Field and Home-Grown),Third Award,,true,https://www.societyforscience.org/press-release/regeneron-isef-full-awards-2023/,age_missing
ISEF,2023,Jacob Federici,,"American Heritage School, FL",United States of America,Mitigation of Decreased Protein Synthesis Under Elevated Carbon Dioxide in Arabidopsis thaliana Using Transgenic and Exogenous Approaches,Third Award,,true,https://www.societyforscience.org/press-release/regeneron-isef-full-awards-2023/,age_missing
ISEF,2023,Timucin Erbas,,"Acton Boxborough Regional High School, MA",United States of America,Developing a Precision Rocket Landing Algorithm Using Convolutional Neural Networks and Model Predictive Control Algorithms,First Award,,true,https://www.societyforscience.org/press-release/regeneron-isef-full-awards-2023/,age_missing
ISEF,2023,Kai Turner,,"Northern Beaches Secondary College Manly Campus, NSW",Australia,Transmission-Line Assessment and Review System (TARS): An AI and Robotics Enabled Drone for the Inspection and Maintenance of High Voltage Transmission Lines,First Award,,true,https://www.societyforscience.org/press-release/regeneron-isef-full-awards-2023/,age_missing
ISEF,2023,Ayaan Dhuka,,"Saint John’s School, TX",United States of America,An Autonomous Over-the-Board Chess Solution for Players in Isolated Conditions,Second Award,,true,https://www.societyforscience.org/press-release/regeneron-isef-full-awards-2023/,age_missing
ISEF,2023,Caiman Moreno-Earle,,"Saint John’s School, TX",United States of America,An Autonomous Over-the-Board Chess Solution for Players in Isolated Conditions,Second Award,,true,https://www.societyforscience.org/press-release/regeneron-isef-full-awards-2023/,age_missing
ISEF,2023,Landon Doughty,,"Saint John’s School, TX",United States of America,An Autonomous Over-the-Board Chess Solution for Players in Isolated Conditions,Second Award,,true,https://www.societyforscience.org/press-release/regeneron-isef-full-awards-2023/,age_missing
ISEF,2023,Anu Iyer,,"Little Rock Central High School, AR",United States of America,VAST (Voice and Spiral Tool): A Novel Multimodal Machine Learning Method To Detect Parkinson’s Disease and Assess Severity,Second Award,,true,https://www.societyforscience.org/press-release/regeneron-isef-full-awards-2023/,age_missing
ISEF,2023,Ishan Ahluwalia,,"Jesuit High School, OR",United States of America,NeuroMotus: An Intelligent Exoskeleton System to Improve Cerebral Palsy Patient Mobility Using Brain Computer Interface,Second Award,,true,https://www.societyforscience.org/press-release/regeneron-isef-full-awards-2023/,age_missing
ISEF,2023,Samuel Wang,,"Germantown Academy, PA",United States of America,Rapid Cardiac Screening Using Deep Learning: A Novel Interpretable AI Model for Cardiovascular Health Assessment,Second Award,,true,https://www.societyforscience.org/press-release/regeneron-isef-full-awards-2023/,age_missing
ISEF,2023,Albert Dehne,,"Albert-Schweitzer-Gymnasium, Thuringen, Germany Daniel Cermann, Albert-Schweitzer-Gymnasium, Thuringen, Germany Richard Ueltzen, Albert-Schweitzer-Gymnasium, Thuringen",Germany,Development of Optical Varroa Mite Detection on Bees With Neural Networks,Third Award,,true,https://www.societyforscience.org/press-release/regeneron-isef-full-awards-2023/,age_missing
ISEF,2023,Justin Liu,,"Palos Verdes Peninsula High School, CA",United States of America,A Novel Super-Resolution AI Engine and Multi-Stage Abnormality Detection Pipeline for Early Blindness Prevention,Third Award,,true,https://www.societyforscience.org/press-release/regeneron-isef-full-awards-2023/,age_missing
ISEF,2023,Krish Saxena,,"Collins Hill High School, GA",United States of America,CogVR: A Novel AI Therapeutic System for MS Patients,Third Award,,true,https://www.societyforscience.org/press-release/regeneron-isef-full-awards-2023/,age_missing
ISEF,2023,Ibrahim Derman,,"Ataturk High School of Science, Istanbul, Turkey Irem Duran, Ataturk High School of Science, Istanbul, Turkey Kerem Arslan, Ataturk High School of Science, Istanbul",Turkey,Teach Me Braille: A Kit Consisting of Modules and Applications That Can Provide Fully Efficient Education for Visually Impaired Students and Support the Problems Faced by Individuals in Their Daily Life With the Help of Machine Learning Approaches,Third Award,,true,https://www.societyforscience.org/press-release/regeneron-isef-full-awards-2023/,age_missing
ISEF,2023,Rohan Kalahasty,,"Thomas Jefferson High School for Science and Technology, VA",United States of America,"Hybrid Plasticity: Adaptive, Brain-Like Artificial Intelligence via Prefrontal Cortex Inspired Meta-Learning",Third Award,,true,https://www.societyforscience.org/press-release/regeneron-isef-full-awards-2023/,age_missing
ISEF,2023,Nagamitesh Nagamuralee,,"Lexington High School, MA",United States of America,Cost-Effective and Educational Refreshable Braille Display With Cognitive Learning Features,Third Award,,true,https://www.societyforscience.org/press-release/regeneron-isef-full-awards-2023/,age_missing
ISEF,2023,Harshil Avlani,,"BASIS Chandler, AZ",United States of America,Analyzing the Effect of Mid-Circuit Measurement (MCM) on Spectator Qubits,First Award,,true,https://www.societyforscience.org/press-release/regeneron-isef-full-awards-2023/,age_missing
ISEF,2023,Taaha Khan,,"Sunset High School, OR",United States of America,CompaCT: Fractal-Based Heuristic Pixel Segmentation for Enhanced Lossless Compression of High-Color DICOM Medical Images,Second Award,,true,https://www.societyforscience.org/press-release/regeneron-isef-full-awards-2023/,age_missing
ISEF,2023,Eric Song,,"Yorktown High School, NY",United States of America,A Framework for Effective Ransomware Detection and Mitigation,Second Award,,true,https://www.societyforscience.org/press-release/regeneron-isef-full-awards-2023/,age_missing
ISEF,2023,Shinyoung Jeon,,"Thomas Jefferson High School for Science and Technology, VA",United States of America,MoodBox: Vocal Screening for Depression and Gamified Relief,Second Award,,true,https://www.societyforscience.org/press-release/regeneron-isef-full-awards-2023/,age_missing
ISEF,2023,Rohan Kalia,,"Wheeler High School, GA",United States of America,EyePal: A Novel Multimodal Diagnosis & Prevention System to Enable Accessible and Individualized Glaucoma Detection,Third Award,,true,https://www.societyforscience.org/press-release/regeneron-isef-full-awards-2023/,age_missing
ISEF,2023,Rohan Dharia,,"William B. Travis High School, TX",United States of America,AIM-AI: An AI-Based Natural Language Processing Approach To Reducing Fatal Risks of Medical Imaging in Patients Through Automated Imaging Order Selection,Third Award,,true,https://www.societyforscience.org/press-release/regeneron-isef-full-awards-2023/,age_missing
ISEF,2023,Videet Mehta,,"William B. Travis High School, TX",United States of America,AIM-AI: An AI-Based Natural Language Processing Approach To Reducing Fatal Risks of Medical Imaging in Patients Through Automated Imaging Order Selection,Third Award,,true,https://www.societyforscience.org/press-release/regeneron-isef-full-awards-2023/,age_missing
ISEF,2023,Landon Colaresi,,"Pittsburgh Allderdice High School, PA",United States of America,Finding JavaScript Vulnerabilities With Concolic Execution Using Switched MUS Reduction on Quivers,Third Award,,true,https://www.societyforscience.org/press-release/regeneron-isef-full-awards-2023/,age_missing
ISEF,2023,Sonia Leo,,"Moorestown High School, NJ",United States of America,Low-Cost Real-Time Silent Communicator for Complete Quadriplegia (Paralyzed) Patients,Third Award,,true,https://www.societyforscience.org/press-release/regeneron-isef-full-awards-2023/,age_missing
ISEF,2023,Alanna Polyak,,"Plano West Senior High School, TX",United States of America,"The Earthworm Squirm: Multiple Sclerosis Hypnosis Investigating the Potentiality of an Alternative, Realistic Cure of Encephalomyelitis disseminata (Multiple Sclerosis) Using the Neoblasts from Dugesia tigrina (Planaria) on Lumbricus terrestris (Earthworms)",First Award,,true,https://www.societyforscience.org/press-release/regeneron-isef-full-awards-2023/,age_missing
ISEF,2023,Aditi Avinash,,"Rock Canyon High School, CO",United States of America,Model Validation and Preclinical Testing of Digestive Enzymes for Gluten Breakdown: A Move to Cure Gluten Intolerance and Celiac Disease,First Award,,true,https://www.societyforscience.org/press-release/regeneron-isef-full-awards-2023/,age_missing
ISEF,2023,Seoyun Lee,,"Daegu International School, Daegu",South Korea,"Developing a Sensitive, Papain-Based Hydrogel Film That Colorimetrically Detects Glucose",Second Award,,true,https://www.societyforscience.org/press-release/regeneron-isef-full-awards-2023/,age_missing
ISEF,2023,Vidya Ambati,,"Albemarle High School, VA",United States of America,Haloperidol Inhibits Inflammasome Activation via LAMTOR1 and Reduces the Risk of Rheumatoid Arthritis,Second Award,,true,https://www.societyforscience.org/press-release/regeneron-isef-full-awards-2023/,age_missing
ISEF,2023,Samantha Milewicz,,"Byram Hills High School, NY",United States of America,Selective Inhibition of Matrix Metalloproteinase-9 Attenuates Traumatic Brain Injury-Mediated Blood-Brain Barrier Disruption in a Novel Dynamic in vitro Model,Second Award,,true,https://www.societyforscience.org/press-release/regeneron-isef-full-awards-2023/,age_missing
ISEF,2023,Ella Lan,,"The Harker School, CA",United States of America,"HDformer: A Higher Dimensional Transformer With a Novel Time Square Attention Mechanism Utilizing Long Range Vascular Signals for Diabetes Detection, and an AI-Based PPG Wearable",Second Award,,true,https://www.societyforscience.org/press-release/regeneron-isef-full-awards-2023/,age_missing
ISEF,2023,Snikitha Banda,,"Notre Dame High School San Jose, CA",United States of America,BioRx: An Integrative NLP Approach to Early Survival and Recurrence Prediction and Novel Biomarker Discovery in Unstructured Text-Based Clinical Narratives for Diabetes Patients,Second Award,,true,https://www.societyforscience.org/press-release/regeneron-isef-full-awards-2023/,age_missing
ISEF,2023,Soumya Agrawal,,"Bharatiya Vidya Bhavan’s R.K. Sarda Vidya Mandir, Chhattisgarh, India Vanshika Digania, Bharatiya Vidya Bhavan’s R.K. Sarda Vidya Mandir, Chhattisgarh",India,Ovydrome’s Catch: A Biosensor for the Early Detection of Polycystic Ovarian Syndrome With and Approach to Prevent Further Gynecological Cancers,Third Award,,true,https://www.societyforscience.org/press-release/regeneron-isef-full-awards-2023/,age_missing
ISEF,2023,Maxwell Ma,,"Irvington High School, NY",United States of America,Investigating the Theranostic Potential of Antibody X Against Small Cell Lung Cancer,Third Award,,true,https://www.societyforscience.org/press-release/regeneron-isef-full-awards-2023/,age_missing
ISEF,2023,Faris Alyami,,"Sada Al-Ibdaa, Asir",Saudi Arabia,Development of Universal Multi-Target Antibody-Like Vaccines Against the Highly Pathogenic Coronaviruses,Third Award,,true,https://www.societyforscience.org/press-release/regeneron-isef-full-awards-2023/,age_missing
ISEF,2023,Katie Sun,,"Crystal Springs Uplands School, CA",United States of America,Designing a Novel Primer Blocker Using Bioconjugation of Single Stranded Binding Protein and Oligonucleotides for Improved KRAS Mutation Detection,Third Award,,true,https://www.societyforscience.org/press-release/regeneron-isef-full-awards-2023/,age_missing
ISEF,2023,Grace Yacobe,,"Academy of Notre Dame de Namur, PA",United States of America,Mesenchymal Stem Cell Therapy for Celiac Disease,Third Award,,true,https://www.societyforscience.org/press-release/regeneron-isef-full-awards-2023/,age_missing
ISEF,2023,Annie Adhikary,,"Nikola Tesla STEM High School, WA",United States of America,"Identification of Novel Diagnostic Neuroimaging Biomarkers for Autism Spectrum Disorder Through Convolutional Neural Network-Based Analysis of Functional, Structural, and Diffusion Tensor Imaging Data Towards Enhanced Autism Diagnosis",Third Award,,true,https://www.societyforscience.org/press-release/regeneron-isef-full-awards-2023/,age_missing
ISEF,2023,Sruthi Balasubramanian,,"American Heritage School of Boca Delray, FL",United States of America,The Effect of Nicotinamide on the Il-6 Expression and Cell Count of Barrett’s Esophagus Expressing Cells,Third Award,,true,https://www.societyforscience.org/press-release/regeneron-isef-full-awards-2023/,age_missing
ISEF,2024,Grace Sun,16,"Paul Laurence Dunbar High School, KY",United States of America,Novel Chemical Doping Strategy to Enhance N-Type Organic Electrochemical Transistors,George D. Yancopoulos Innovator Award,,true,https://www.societyforscience.org/press-release/regeneron-isef-2024-full-awards/,
ISEF,2024,Michelle Wei,,"The Harker School, CA",United States of America,Solving Second-Order Cone Programs in Matrix Multiplication Time,Regeneron Young Scientist Award,,true,https://www.societyforscience.org/press-release/regeneron-isef-2024-full-awards/,age_missing
ISEF,2024,Justin Huang,,"College Park High School, TX",United States of America,Acoustic Filtration: Harnessing Ultrasonic Technology for the Streamlined Removal of Microplastic Particles From Water Flow,The Gordon E. Moore Award for Positive Outcomes for Future Generations,,true,https://www.societyforscience.org/press-release/regeneron-isef-2024-full-awards/,age_missing
ISEF,2024,Victoria Ou,,"College Park High School, TX",United States of America,Acoustic Filtration: Harnessing Ultrasonic Technology for the Streamlined Removal of Microplastic Particles From Water Flow,The Gordon E. Moore Award for Positive Outcomes for Future Generations,,true,https://www.societyforscience.org/press-release/regeneron-isef-2024-full-awards/,age_missing
ISEF,2024,Ingrid Chan,,"German Swiss International School (Hong Kong), China",Hong Kong Special Administrative Region,MMRTD: Multi-Sensory Mixed Reality Therapy for Dementia,Craig R. Barrett Award for Innovation,,true,https://www.societyforscience.org/press-release/regeneron-isef-2024-full-awards/,age_missing
ISEF,2024,Tanishka Aglave,,"Strawberry Crest High School, FL",United States of America,Advancing Sustainable Citrus Greening Disease Management: A Comprehensive Eco-Friendly Approach for the Management of Candidatus Liberibacter asiaticus Using Trunk Injection of Murraya koenigii Derived Biological Extract and Its Validation Through Precision Agriculture Tools,Craig R. Barrett Award for Innovation,,true,https://www.societyforscience.org/press-release/regeneron-isef-2024-full-awards/,age_missing
ISEF,2024,Maddux Springer,,"Iolani School, HI",United States of America,Determining the Distribution of Arginine in Gracilaria salicornia and Codium edule and Fibropapillomatosis Rates in Chelonia mydas in Kāneʻohe Bay,Peggy Scripps Award for Science Communication,,true,https://www.societyforscience.org/press-release/regeneron-isef-2024-full-awards/,age_missing
ISEF,2024,Nikhil Vemuri,,"North Carolina School of Science and Mathematics, NC",United States of America,ANOMaLY: A Real-Time Globalized System for Effective Regional Mitigation of Agricultural Nitrous Oxide Emissions,EU Contest for Young Scientists Award,,true,https://www.societyforscience.org/press-release/regeneron-isef-2024-full-awards/,age_missing
ISEF,2024,Jack Shannon,,"Clongowes Wood College SJ, Kildare",Ireland,Global Carbon Sinks: Remote Sensing for Peatland Restoration,EU Contest for Young Scientists Award,,true,https://www.societyforscience.org/press-release/regeneron-isef-2024-full-awards/,age_missing
ISEF,2024,Ria Kamat,,"Bergen County Academies, NJ",United States of America,The Relationship Between Tumor-Induced Osteoclastogenesis and Osteoprotegerin,Dudley R. Herschbach SIYSS Award,,true,https://www.societyforscience.org/press-release/regeneron-isef-2024-full-awards/,age_missing
ISEF,2024,Anna Oliva,,"Carnegie Vanguard High School, TX",United States of America,"Symmetry, Fixed Points and Quantum Billiards: A Confluence of Ideas",Dudley R. Herschbach SIYSS Award,,true,https://www.societyforscience.org/press-release/regeneron-isef-2024-full-awards/,age_missing
ISEF,2024,Shuhan Luo,,"Worcester Academy, MA",United States of America,A Novel Hadronization Model Explaining Charm-Quark Hadronization in Different Collision Systems Through Yet-Unobserved Excited States and Cluster Volume Dependence,Dudley R. Herschbach SIYSS Award,,true,https://www.societyforscience.org/press-release/regeneron-isef-2024-full-awards/,age_missing
ISEF,2024,Maddux Springer,,"Iolani School, HI",United States of America,Determining the Distribution of Arginine in Gracilaria salicornia and Codium edule and Fibropapillomatosis Rates in Chelonia mydas in Kāneʻohe Bay,ANIMAL SCIENCES — First Award,,true,https://www.societyforscience.org/press-release/regeneron-isef-2024-full-awards/,age_missing
ISEF,2024,Logan Lee,,"Iolani School, HI",United States of America,Utilizing Microbiome Transplants to Improve Landscape-Scale Mosquito Suppression,ANIMAL SCIENCES — Second Award,,true,https://www.societyforscience.org/press-release/regeneron-isef-2024-full-awards/,age_missing
ISEF,2024,Atreya Manaswi,,"Orlando Science Schools, FL",United States of America,"Year 5: Engineering a Novel IoT Trapping System With a Multiple Linear Regression Model Towards Eco-Friendly, High-Efficacy, Low-Cost Honey Bee Pest Treatment and Management",ANIMAL SCIENCES — Second Award,,true,https://www.societyforscience.org/press-release/regeneron-isef-2024-full-awards/,age_missing
ISEF,2024,Rattanakosin Phirasorn,,"Damrongratsongkroh School, Chiangrai, Thailand Tanapat Somyapornjarernchai, Damrongratsongkroh School, Chiangrai, Thailand Witsanuchai Hathakong, Damrongratsongkroh School, Chiangrai",Thailand,Bee’s Spa: An Artificial Mud Puddle for Highland Beekeeping to Reduce Bee Mortality During Drought Stress,ANIMAL SCIENCES — Second Award,,true,https://www.societyforscience.org/press-release/regeneron-isef-2024-full-awards/,age_missing
ISEF,2024,Kaitlin Ho,,"North Shore High School, NY",United States of America,Cocoa’s Cognitive Triumph: The Rescue of the Alzheimer’s Model of Drosophila melanogaster With Theobroma cacao Supplementation,ANIMAL SCIENCES — Third Award,,true,https://www.societyforscience.org/press-release/regeneron-isef-2024-full-awards/,age_missing
ISEF,2024,Naphudon Sriratana,,"Bangkok Christian College, Thailand Paponphat Viroonvaiwut, Bangkok Christian College",Thailand,Reducing Carbon Footprint and Producing Biofuel From Waste Degradation and Conversion by Black Solider Fly,ANIMAL SCIENCES — Third Award,,true,https://www.societyforscience.org/press-release/regeneron-isef-2024-full-awards/,age_missing
ISEF,2024,Jimin Shon,,"Portsmouth Abbey School, RI",United States of America,Effect of Alloferon on the Survival Rate and Flight Performance of Honey Bees,ANIMAL SCIENCES — Third Award,,true,https://www.societyforscience.org/press-release/regeneron-isef-2024-full-awards/,age_missing
ISEF,2024,Matthew Lo,,"The Haverford School, PA",United States of America,"BeeMind AI: Development of an AI-Based System to Assess Honeybee Health, Behavior, and Nutrient Effects on Learning and Memory",ANIMAL SCIENCES — Third Award,,true,https://www.societyforscience.org/press-release/regeneron-isef-2024-full-awards/,age_missing
ISEF,2024,Andrew Liang,,"The Harker School, CA",United States of America,GaitNet: A Medically Interpretable Video-Based System for Assessing Parkinsonian Gait Impairment Severity Using 2-Stream Spatiotemporal Neural Network,BEHAVIORAL AND SOCIAL SCIENCES — First Award,,true,https://www.societyforscience.org/press-release/regeneron-isef-2024-full-awards/,age_missing
ISEF,2024,Mohamed Sakr,,"Obour STEM School, Kalubya",Egypt,ArabLexify: Elevating Early Dyslexia Diagnosis in Arabic-Speaking Children Ages 6-12 by Utilizing Accessible Digital Screening Tool,BEHAVIORAL AND SOCIAL SCIENCES — Second Award,,true,https://www.societyforscience.org/press-release/regeneron-isef-2024-full-awards/,age_missing
ISEF,2024,Chisato Tarui,,"Iolani School, HI",United States of America,Quantifying the Impact of Urban Form and Residential Zoning Law on the Housing Market,BEHAVIORAL AND SOCIAL SCIENCES — Second Award,,true,https://www.societyforscience.org/press-release/regeneron-isef-2024-full-awards/,age_missing
ISEF,2024,Medha Pappula,,"Thomas Jefferson High School for Science and Technology, VA",United States of America,Identifying Underlying Brain Connections in Pediatric ADHD: A Pathway to Early Diagnosis and Reduced Secondary Effects,BEHAVIORAL AND SOCIAL SCIENCES — Second Award,,true,https://www.societyforscience.org/press-release/regeneron-isef-2024-full-awards/,age_missing
ISEF,2024,Ria Garg,,"Texas Academy of Mathematics and Science, TX",United States of America,Mathematical Analysis of Preparatory Neural Activity to Predict Physical Behavior in Motor Sequences,BEHAVIORAL AND SOCIAL SCIENCES — Third Award,,true,https://www.societyforscience.org/press-release/regeneron-isef-2024-full-awards/,age_missing
ISEF,2024,Syon Khatter,,"Plainview-Old Bethpage John F. Kennedy High School, NY",United States of America,Impacts of Sucralose on Hedonic Feeding Behaviors in C. elegans for Implications in Human Obesity and Eating Disorders,BEHAVIORAL AND SOCIAL SCIENCES — Third Award,,true,https://www.societyforscience.org/press-release/regeneron-isef-2024-full-awards/,age_missing
ISEF,2024,Shrivats Manikandan,,"Kirksville Senior High School, MO",United States of America,Methamphetamine’s Influence on the Blood-Brain Barrier: Dissecting Changes in Microvascular Endothelial Cell Structure and Function,BEHAVIORAL AND SOCIAL SCIENCES — Third Award,,true,https://www.societyforscience.org/press-release/regeneron-isef-2024-full-awards/,age_missing
ISEF,2024,Gautam Gupta,,"Briarcliff High School, NY",United States of America,Predicting Future Internal Migration Patterns Within the United States Resulting From Shifts in Temperature and Precipitation,BEHAVIORAL AND SOCIAL SCIENCES — Third Award,,true,https://www.societyforscience.org/press-release/regeneron-isef-2024-full-awards/,age_missing
ISEF,2024,Sahar Ahmed,,City Schools,Egypt,Harmony: A Remote AI-based Monitoring and Prediction System for Manic and Depression Episodes in Bipolar Disorders,BEHAVIORAL AND SOCIAL SCIENCES — Third Award,,true,https://www.societyforscience.org/press-release/regeneron-isef-2024-full-awards/,age_missing
ISEF,2024,Amy Xiao,,"Garden City High School, NY",United States of America,A Novel Approach to Characterizing Pathogenicity of SLC25A13 Variants in Cancer,BIOCHEMISTRY — First Award,,true,https://www.societyforscience.org/press-release/regeneron-isef-2024-full-awards/,age_missing
ISEF,2024,Vaishnavi Kolluru,,"Dougherty Valley High School, CA",United States of America,Human Milk Immune Complexes Isolated Following Pregnancies Complicated by COVID-19 Infection Contain SARS-CoV-2 Nsp13 Helicase and Biologically Active Factors,BIOCHEMISTRY — Second Award,,true,https://www.societyforscience.org/press-release/regeneron-isef-2024-full-awards/,age_missing
ISEF,2024,Xinyi Liu,,"Pine View School, FL",United States of America,ERPD: A Novel Protein Design Approach to Engineering and Optimizing Smaller Fluorescent Proteins,BIOCHEMISTRY — Second Award,,true,https://www.societyforscience.org/press-release/regeneron-isef-2024-full-awards/,age_missing
ISEF,2024,Anas Elmekkawi,,"Sharkya STEM School, Sharkia, Egypt Mohamed Mohamed, Sharkya STEM School, Sharkia",Egypt,"Phosphine, Not a Toxin: A Newly Designed Capsule Encapsulating Aluminum Phosphide With Its Antidote; Preserving the Function of Celphos While Ensuring Instant Supportive Treatment",BIOCHEMISTRY — Third Award,,true,https://www.societyforscience.org/press-release/regeneron-isef-2024-full-awards/,age_missing
ISEF,2024,Reyhan Haider,,"Freedom High School, VA",United States of America,A Comprehensive LC-MS Metabolomics Approach Reveals a Novel Panel of Markers in an APOE4 Mouse Model of Alzheimer’s Disease,BIOCHEMISTRY — Third Award,,true,https://www.societyforscience.org/press-release/regeneron-isef-2024-full-awards/,age_missing
ISEF,2024,Rohan Bhosale,,"Carmel High School, IN",United States of America,Novel Complementary and Alternative Medicines to Mollify Long COVID and Post-COVID Conditions Studied Using Controlled Environment Agriculture,BIOCHEMISTRY — Third Award,,true,https://www.societyforscience.org/press-release/regeneron-isef-2024-full-awards/,age_missing
ISEF,2024,Kevin Xuan Lei,,Shanghai High School International Division,China,Evolutionary Insights Into the Stemness Paradox of Human Germ Cells and Cancer Cells,BIOMEDICAL AND HEALTH SCIENCES — First Award,,true,https://www.societyforscience.org/press-release/regeneron-isef-2024-full-awards/,age_missing
ISEF,2024,Ria Kamat,,"Bergen County Academies, NJ",United States of America,The Relationship Between Tumor-Induced Osteoclastogenesis and Osteoprotegerin,BIOMEDICAL AND HEALTH SCIENCES — First Award,,true,https://www.societyforscience.org/press-release/regeneron-isef-2024-full-awards/,age_missing
ISEF,2024,Sharmada Palakurthi,,"W.B. Ray High School, TX",United States of America,Preclinical Investigation to Develop Anti-Platelet and Cholesterol-Lowering Agent for Prevention and Treatment of Stroke,BIOMEDICAL AND HEALTH SCIENCES — Second Award,,true,https://www.societyforscience.org/press-release/regeneron-isef-2024-full-awards/,age_missing
ISEF,2024,Vidya Ambati,,"Albemarle High School, VA",United States of America,Recasting an Anti-Psychotic as a Prevention for Multiple Arthritides: Discovery of a Novel Receptor and Mechanism of Action,BIOMEDICAL AND HEALTH SCIENCES — Second Award,,true,https://www.societyforscience.org/press-release/regeneron-isef-2024-full-awards/,age_missing
ISEF,2024,Justin Baldassarre,,"Hastings High School, NY",United States of America,STING-rich Ciliated Cells Protect the Fallopian Tube From Early Transformation in the Development of Ovarian Cancer,BIOMEDICAL AND HEALTH SCIENCES — Second Award,,true,https://www.societyforscience.org/press-release/regeneron-isef-2024-full-awards/,age_missing
ISEF,2024,Sreeja Appala,,"South Iredell High School, NC",United States of America,Unraveling the Complex Interplay Between Immune Cells and Cancer Progression Utilizing a Novel Application of an Artificial Neural Network,BIOMEDICAL AND HEALTH SCIENCES — Second Award,,true,https://www.societyforscience.org/press-release/regeneron-isef-2024-full-awards/,age_missing
ISEF,2024,Zinia Khattar,,"Del Norte High School, CA",United States of America,Integrated Stress Response Activation Discovered to Be the Predominant Response to Mitochondrial Dysfunction: A Therapeutic Target Advancement,BIOMEDICAL AND HEALTH SCIENCES — Second Award,,true,https://www.societyforscience.org/press-release/regeneron-isef-2024-full-awards/,age_missing
ISEF,2024,Kate Choi,,"The Potomac School, VA",United States of America,Improving Racial Equity in Skin Cancer Detection: Using Artificial Intelligence Driven Synthetic Image Generation and Cascading Convolutional Neural Networks to Diagnose Cancer in Lesions of Varying Skin Tones,BIOMEDICAL AND HEALTH SCIENCES — Third Award,,true,https://www.societyforscience.org/press-release/regeneron-isef-2024-full-awards/,age_missing
ISEF,2024,Elyas Khan,,"Dar AlFikr Schools, Makkah",Saudi Arabia,A Novel Enhancement of Statins’ Solubility with Hydroxypropyl BETA-Cyclodextrin Inclusion Complex via Molecular Dynamics and in vitro Validation,BIOMEDICAL AND HEALTH SCIENCES — Third Award,,true,https://www.societyforscience.org/press-release/regeneron-isef-2024-full-awards/,age_missing
ISEF,2024,Julia Kim,,"Walter Payton College Preparatory High School, IL",United States of America,Overexpression of JAK3 in Coronary Arteries of Kawasaki Disease Patients Reveals a New Potential Therapeutic Target,BIOMEDICAL AND HEALTH SCIENCES — Third Award,,true,https://www.societyforscience.org/press-release/regeneron-isef-2024-full-awards/,age_missing
ISEF,2024,Joshua Wu,,"Dublin High School, CA",United States of America,Grand Theft Transcription Factor: Reversing Tumor Cell Immortality by Transcription Factor Relocalization,BIOMEDICAL AND HEALTH SCIENCES — Third Award,,true,https://www.societyforscience.org/press-release/regeneron-isef-2024-full-awards/,age_missing
ISEF,2024,Alexandra Tombleson,,"Mamaroneck High School, NY",United States of America,Validation of Ventilation and Perfusion Using Non-Contrast Computerized Tomography,BIOMEDICAL AND HEALTH SCIENCES — Third Award,,true,https://www.societyforscience.org/press-release/regeneron-isef-2024-full-awards/,age_missing
ISEF,2024,Ella Yee,,"The Harker School, CA",United States of America,DEList: Identifying Cancer Genes Associated With Circadian Regulator ARNTL2 Using a Novel RNA-Seq Multi-Dataset Strategy,BIOMEDICAL AND HEALTH SCIENCES — Third Award,,true,https://www.societyforscience.org/press-release/regeneron-isef-2024-full-awards/,age_missing
ISEF,2024,Benjamin Chung,,"Thousand Oaks High School, CA",United States of America,The Synergistic Effect of Omega-3 Fatty Acids (DHA and EPA) and Zinc Picolinate on Traumatic Brain Injury in Galleria mellonella,BIOMEDICAL AND HEALTH SCIENCES — Third Award,,true,https://www.societyforscience.org/press-release/regeneron-isef-2024-full-awards/,age_missing
ISEF,2024,Ibrahim Allahverdiyev,,"Dunya School, Azerbaijan Said Aslanov, Dunya School",Azerbaijan,Synthesizing a Novel Family of Multifactorial Inhibitors to Treat Alzheimer’s,BIOMEDICAL AND HEALTH SCIENCES — Third Award,,true,https://www.societyforscience.org/press-release/regeneron-isef-2024-full-awards/,age_missing
ISEF,2024,Akash Pai,,"Sunset High School, OR",United States of America,"Electrogastrography and Personalized Transcutaneous Electrical Nerve Stimulation for Noninvasive, Low-Cost Diagnosis and Treatment of Gastroparesis",BIOMEDICAL ENGINEERING — First Award,,true,https://www.societyforscience.org/press-release/regeneron-isef-2024-full-awards/,age_missing
ISEF,2024,Ayush Garg,,"Dublin High School, CA",United States of America,OralAI: A Fluorescence Based Mobile System for Dental Disease Prevention,BIOMEDICAL ENGINEERING — First Award,,true,https://www.societyforscience.org/press-release/regeneron-isef-2024-full-awards/,age_missing
ISEF,2024,Divij Motwani,,"Palo Alto Senior High School, CA",United States of America,OralAI: A Fluorescence Based Mobile System for Dental Disease Prevention,BIOMEDICAL ENGINEERING — First Award,,true,https://www.societyforscience.org/press-release/regeneron-isef-2024-full-awards/,age_missing
ISEF,2024,Liam Aranda-Michel,,"Lake Oswego High School, OR",United States of America,FRESH Bioprinting-Based Synthesis and Biomechanical Characterization of Tissue Engineered Vascular Grafts,BIOMEDICAL ENGINEERING — Second Award,,true,https://www.societyforscience.org/press-release/regeneron-isef-2024-full-awards/,age_missing
ISEF,2024,Kento Hong,,"Edgemont High School, NY",United States of America,Investigating the Effects of Hemarthrosis on the Structure and Function of ACL Repair,BIOMEDICAL ENGINEERING — Second Award,,true,https://www.societyforscience.org/press-release/regeneron-isef-2024-full-awards/,age_missing
ISEF,2024,Aadi Bhensdadia,,"Pine View School, FL",United States of America,"Utilizing 3D Additive Biomanufacturing To Develop a Biocompatible, Customizable and Durable Mechanical Aortic Valve â€” Year 2",BIOMEDICAL ENGINEERING — Second Award,,true,https://www.societyforscience.org/press-release/regeneron-isef-2024-full-awards/,age_missing
ISEF,2024,Daniel Mathew,,"Poolesville High School, MD",United States of America,"MiniMesh: Real-Time 5,000-Node Anatomical Human Body Mesh Reconstruction for Portable Devices",BIOMEDICAL ENGINEERING — Second Award,,true,https://www.societyforscience.org/press-release/regeneron-isef-2024-full-awards/,age_missing
ISEF,2024,Jiaqi Wu,,NUS High School of Mathematics & Science,Singapore,STEPs Ahead: Self-Powered Triboelectric Nanogenerator for Dynamic Multidirectional Pressure Sensing,BIOMEDICAL ENGINEERING — Third Award,,true,https://www.societyforscience.org/press-release/regeneron-isef-2024-full-awards/,age_missing
ISEF,2024,Muhammad El-Sherbiny,,"Bergen County Academies, NJ",United States of America,To Infinity Egg Beyond: Novel Systems for Hyper-Customizable Egg Models,BIOMEDICAL ENGINEERING — Third Award,,true,https://www.societyforscience.org/press-release/regeneron-isef-2024-full-awards/,age_missing
ISEF,2024,Benjamin Lothamer,,"Mid-Prairie Home School Education Center, IA",United States of America,"Design and Development of an Open-Source, Myo-Electric Robotic Upper Limb Prosthesis Using Additive Manufacturing",BIOMEDICAL ENGINEERING — Third Award,,true,https://www.societyforscience.org/press-release/regeneron-isef-2024-full-awards/,age_missing
ISEF,2024,Keanu Chan,,"Mount Baker Secondary School, British Columbia",Canada,PRecision Exospinal Constructive Innovative Stereotactic Evolution (PRECISE),BIOMEDICAL ENGINEERING — Third Award,,true,https://www.societyforscience.org/press-release/regeneron-isef-2024-full-awards/,age_missing
ISEF,2024,Jeslyn Tan,,"Barker College, New South Wales",Australia,UpLift Mobility: Robotic Lift to Elevate Frequently Falling Individuals,BIOMEDICAL ENGINEERING — Third Award,,true,https://www.societyforscience.org/press-release/regeneron-isef-2024-full-awards/,age_missing
ISEF,2024,Brad Wu,,"Arizona College Prep High School, AZ",United States of America,A Rigid-Elastic Hybrid Finger Exoskeleton Rehabilitation System (FERS) for Stroke Patients With Motor Impairment,BIOMEDICAL ENGINEERING — Third Award,,true,https://www.societyforscience.org/press-release/regeneron-isef-2024-full-awards/,age_missing
ISEF,2024,Armaan Gomes,,"Homestead High School, CA",United States of America,Clear: Utilizing Glasses-Based Beamformers to Improve Speech Clarity and Spatial Context for the Hearing Impaired,BIOMEDICAL ENGINEERING — Third Award,,true,https://www.societyforscience.org/press-release/regeneron-isef-2024-full-awards/,age_missing
ISEF,2024,Lara Hammoud,,"Detroit Country Day School, MI",United States of America,Decoding ASXL3: A Novel Biomarker for Neurodevelopmental Disorders,CELLULAR AND MOLECULAR BIOLOGY — First Award,,true,https://www.societyforscience.org/press-release/regeneron-isef-2024-full-awards/,age_missing
ISEF,2024,Maya Hammoud,,"Detroit Country Day School, MI",United States of America,Decoding ASXL3: A Novel Biomarker for Neurodevelopmental Disorders,CELLULAR AND MOLECULAR BIOLOGY — First Award,,true,https://www.societyforscience.org/press-release/regeneron-isef-2024-full-awards/,age_missing
ISEF,2024,Zehra Jaffery,,"Plano West Senior High School, TX",United States of America,Selenoprotein O Protects Against Oxidative Stress and Incorporates Various Nucleotides in AMPylation,CELLULAR AND MOLECULAR BIOLOGY — Second Award,,true,https://www.societyforscience.org/press-release/regeneron-isef-2024-full-awards/,age_missing
ISEF,2024,Olivia Bartrum,,"Wakefield High School, VA",United States of America,Harnessing the Signalosome to Enhance Ex-Vivo Generation of Tumor Antigen-Specific T Cells,CELLULAR AND MOLECULAR BIOLOGY — Second Award,,true,https://www.societyforscience.org/press-release/regeneron-isef-2024-full-awards/,age_missing
ISEF,2024,Kevin Khitrov,,"Ardsley High School, NY",United States of America,Autophagy in Non-Cell Autonomous Regulation of Adipogenesis,CELLULAR AND MOLECULAR BIOLOGY — Second Award,,true,https://www.societyforscience.org/press-release/regeneron-isef-2024-full-awards/,age_missing
ISEF,2024,Ava Goldsmith,,"John F. Kennedy High School, NY",United States of America,Targeting of Epichaperome Downregulates HCFC1 Mediated Transcription of Oncogenes: Implications in Breast Cancer Therapy,CELLULAR AND MOLECULAR BIOLOGY — Third Award,,true,https://www.societyforscience.org/press-release/regeneron-isef-2024-full-awards/,age_missing
ISEF,2024,Vivek Malik,,"Hackley School, NY",United States of America,Characterization and Therapeutic Application of the ICOS Receptor To Treat Peripheral T-Cell Lymphoma,CELLULAR AND MOLECULAR BIOLOGY — Third Award,,true,https://www.societyforscience.org/press-release/regeneron-isef-2024-full-awards/,age_missing
ISEF,2024,Eric Zhou,,"Loomis Chaffee School, CT",United States of America,The Identification of ACVR1 Phosphorylation Sites Critical to Activation of the ACVR1 Signaling Pathway in Fibrodysplasia Ossificans Progressiva (FOP),CELLULAR AND MOLECULAR BIOLOGY — Third Award,,true,https://www.societyforscience.org/press-release/regeneron-isef-2024-full-awards/,age_missing
ISEF,2024,Kevin Gong,,"Briarcliff High School, NY",United States of America,The Identification of ACVR1 Phosphorylation Sites Critical to Activation of the ACVR1 Signaling Pathway in Fibrodysplasia Ossificans Progressiva (FOP),CELLULAR AND MOLECULAR BIOLOGY — Third Award,,true,https://www.societyforscience.org/press-release/regeneron-isef-2024-full-awards/,age_missing
ISEF,2024,Sarah Park,,"The Bolles School, FL",United States of America,Establishing Disease Modeling of CADASIL Using Human Induced Pluripotent Stem Cell-Derived Pericytes,CELLULAR AND MOLECULAR BIOLOGY — Third Award,,true,https://www.societyforscience.org/press-release/regeneron-isef-2024-full-awards/,age_missing
ISEF,2024,Akilan Sankaran,,"Albuquerque Academy, NM",United States of America,Analyzing Per- and Polyfluoroalkyl Substances (PFAS) Through Atomistic Simulations,CHEMISTRY — First Award,,true,https://www.societyforscience.org/press-release/regeneron-isef-2024-full-awards/,age_missing
ISEF,2024,Arjun Malpani,,"Sunset High School, OR",United States of America,Synthesis and Characterization of Property-Optimized Ionic Liquid for Post-Combustion Carbon Capture Discovered via Novel Deep Learning Model,CHEMISTRY — First Award,,true,https://www.societyforscience.org/press-release/regeneron-isef-2024-full-awards/,age_missing
ISEF,2024,Siddharth D’costa,,"Jesuit High School, OR",United States of America,Synthesis and Characterization of Property-Optimized Ionic Liquid for Post-Combustion Carbon Capture Discovered via Novel Deep Learning Model,CHEMISTRY — First Award,,true,https://www.societyforscience.org/press-release/regeneron-isef-2024-full-awards/,age_missing
ISEF,2024,Jasmine Lin,,Taipei First Girls High School,Chinese Taipei,Development of a Photocaged Cathepsin B Inhibitor With Increased Lysosome Uptake and Light-activated Biological Functions,CHEMISTRY — Second Award,,true,https://www.societyforscience.org/press-release/regeneron-isef-2024-full-awards/,age_missing
ISEF,2024,Abeer Alyousef,,"Dohat Alibdaa International Schools, Eastern Province",Saudi Arabia,Synergistic Development of Perovskite Oxide Electrocatalysts Through Metal-Organic Framework Precursors for Energy Conversion Applications,CHEMISTRY — Second Award,,true,https://www.societyforscience.org/press-release/regeneron-isef-2024-full-awards/,age_missing
ISEF,2024,Madelyn Puza,,"College Park High School, TX",United States of America,From Crown to Current Year III: Engineering Cellulosic Fiber-Based Battery Cells – A Safe and Scalable Alternative to Lithium Technology,CHEMISTRY — Second Award,,true,https://www.societyforscience.org/press-release/regeneron-isef-2024-full-awards/,age_missing
ISEF,2024,Shivani Mundra,,"College Park High School, TX",United States of America,From Crown to Current Year III: Engineering Cellulosic Fiber-Based Battery Cells – A Safe and Scalable Alternative to Lithium Technology,CHEMISTRY — Second Award,,true,https://www.societyforscience.org/press-release/regeneron-isef-2024-full-awards/,age_missing
ISEF,2024,Nathan Wei,,"F. W. Buchholz High School, FL",United States of America,Novel Elastomeric Polystyrene via Photopolymerization and Post-Functionalization of Durable Ultra-High Molecular Weight Perfluorostyrene Copolymer,CHEMISTRY — Second Award,,true,https://www.societyforscience.org/press-release/regeneron-isef-2024-full-awards/,age_missing
ISEF,2024,Chloe Lee,,"Plano East Senior High School, TX",United States of America,Chemical Modification of Acetaminophen to Decrease Liver Toxicity,CHEMISTRY — Third Award,,true,https://www.societyforscience.org/press-release/regeneron-isef-2024-full-awards/,age_missing
ISEF,2024,Angelina Yang,,"Eleanor Roosevelt High School, CA",United States of America,Fabrication and In-Depth Evaluation of Self-Sensing Metallo-Polyelectrolyte Complexed Gels for Metal Ion Filtration,CHEMISTRY — Third Award,,true,https://www.societyforscience.org/press-release/regeneron-isef-2024-full-awards/,age_missing
ISEF,2024,Khai Chin Ong,,"Chung Ling High School Penang, Penang, Malaysia Shun Zhan Na, Chung Ling High School Penang, Penang",Malaysia,"B.O.P.I : Black Pepper, Oregano and Pineapple Peel Insecticide as an Novel, Cost-Effective and Eco-friendly Fumigant to Eradicate Sitophilus oryzae",CHEMISTRY — Third Award,,true,https://www.societyforscience.org/press-release/regeneron-isef-2024-full-awards/,age_missing
ISEF,2024,Saif Karam,,"Secondary Model School For Boys, Sharjah",United Arab Emirates,Surface-Coordination Functionalization of Metal-Organic Framework for Selective Carbon Dioxide Capture and Reversible Hydrogenation to Formic Acid,CHEMISTRY — Third Award,,true,https://www.societyforscience.org/press-release/regeneron-isef-2024-full-awards/,age_missing
ISEF,2024,Jumana Ragab,,"Cairo Manara Language School for Girls Secondary, Cairo",Egypt,Utilizing Polyurethane Foam and Nano-Activated Carbon-Based Composite for Sustainable Eco-Friendly Oil Spill Remediation,CHEMISTRY — Third Award,,true,https://www.societyforscience.org/press-release/regeneron-isef-2024-full-awards/,age_missing
ISEF,2024,Meghana Addanki,,"Dr. Ronald E. McNair Academic High School, NJ",United States of America,Advancing Antibiotic Detection: Engineering a Novel Chitosan-Zinc Oxide-Modified Graphite Electrochemical Sensor for Ciprofloxacin Detection,CHEMISTRY — Third Award,,true,https://www.societyforscience.org/press-release/regeneron-isef-2024-full-awards/,age_missing
ISEF,2024,Kun-Hyung Roh,,"Bronx High School of Science, NY",United States of America,Novel Drug Discovery Methodology Using Machine Learning for Gene Expression-Based Virtual Screening Predicts Novel Compounds To Reverse Alzheimer’s Disease With Applications to Cancer and Longevity by Inhibiting CtBP2 Expression,COMPUTATIONAL BIOLOGY AND BIOINFORMATICS — First Award,,true,https://www.societyforscience.org/press-release/regeneron-isef-2024-full-awards/,age_missing
ISEF,2024,Jaspreet Sahota,,"Sanger West High School, CA",United States of America,Chromoplexy Rearrangements: Investigating the Functional and Diagnostic Role of Novel Mutational Mechanisms Uncovered In Cancer Genomes,COMPUTATIONAL BIOLOGY AND BIOINFORMATICS — Second Award,,true,https://www.societyforscience.org/press-release/regeneron-isef-2024-full-awards/,age_missing
ISEF,2024,Aditya Lakshminarasimhan,,"BASIS Scottsdale, AZ",United States of America,Elucidating RSV-Host Protein-Protein Interactions: Novel implementation of Graph Attention Networks (GAT) and Structural Visualization,COMPUTATIONAL BIOLOGY AND BIOINFORMATICS — Second Award,,true,https://www.societyforscience.org/press-release/regeneron-isef-2024-full-awards/,age_missing
ISEF,2024,Gavin Ye,,"Columbia Grammar and Preparatory School, NY",United States of America,De Novo Drug Design as GPT Language Modeling: Large Chemistry Models With Supervised and Reinforcement Learning,COMPUTATIONAL BIOLOGY AND BIOINFORMATICS — Second Award,,true,https://www.societyforscience.org/press-release/regeneron-isef-2024-full-awards/,age_missing
ISEF,2024,Saachi Goyal,,"Academy of Information Technology and Engineering, CT",United States of America,A Novel Machine Learning Model for Estrous Cycle Classification,COMPUTATIONAL BIOLOGY AND BIOINFORMATICS — Third Award,,true,https://www.societyforscience.org/press-release/regeneron-isef-2024-full-awards/,age_missing
ISEF,2024,Elliott Yoon,,"Tenafly High School, NJ",United States of America,GenLSDD: A Deep Generative Approach to Ligand and Structure-Based Drug Design,COMPUTATIONAL BIOLOGY AND BIOINFORMATICS — Third Award,,true,https://www.societyforscience.org/press-release/regeneron-isef-2024-full-awards/,age_missing
ISEF,2024,Raghav Garimella,,"Evergreen Valley High School, CA",United States of America,Leveraging Deep Learning Models to Identify Structurally Adequate Drug Candidates for Parkinson’s Disease,COMPUTATIONAL BIOLOGY AND BIOINFORMATICS — Third Award,,true,https://www.societyforscience.org/press-release/regeneron-isef-2024-full-awards/,age_missing
ISEF,2024,William Wakefield,,"Pine Crest School, FL",United States of America,Variational Autoencoder as a Robust Clinical Classification Tool for Dementia,COMPUTATIONAL BIOLOGY AND BIOINFORMATICS — Third Award,,true,https://www.societyforscience.org/press-release/regeneron-isef-2024-full-awards/,age_missing
ISEF,2024,Shaurya Agrawal,,"Adlai E. Stevenson High School, IL",United States of America,Predicting Optimal Combinations of Regulatory Transcription Factor Perturbations to Simulate Complex Cell-State Conversion Paths Using Combinatorial Optimization and Machine Learning,COMPUTATIONAL BIOLOGY AND BIOINFORMATICS — Third Award,,true,https://www.societyforscience.org/press-release/regeneron-isef-2024-full-awards/,age_missing
ISEF,2024,Nikhil Vemuri,,"North Carolina School of Science and Mathematics, NC",United States of America,ANOMaLY: A Real-Time Globalized System for Effective Regional Mitigation of Agricultural Nitrous Oxide Emissions,EARTH AND ENVIRONMENTAL SCIENCES — First Award,,true,https://www.societyforscience.org/press-release/regeneron-isef-2024-full-awards/,age_missing
ISEF,2024,Justin Huang,,"College Park High School, TX",United States of America,Acoustic Filtration: Harnessing Ultrasonic Technology for the Streamlined Removal of Microplastic Particles From Water Flow,EARTH AND ENVIRONMENTAL SCIENCES — First Award,,true,https://www.societyforscience.org/press-release/regeneron-isef-2024-full-awards/,age_missing
ISEF,2024,Victoria Ou,,"College Park High School, TX",United States of America,Acoustic Filtration: Harnessing Ultrasonic Technology for the Streamlined Removal of Microplastic Particles From Water Flow,EARTH AND ENVIRONMENTAL SCIENCES — First Award,,true,https://www.societyforscience.org/press-release/regeneron-isef-2024-full-awards/,age_missing
ISEF,2024,Anabella Platt,,"Episcopal School of Jacksonville, FL",United States of America,3D-Printed Hemp-based Artificial Coral Reefs as Biodegradable Solution for Marine Restoration,EARTH AND ENVIRONMENTAL SCIENCES — Second Award,,true,https://www.societyforscience.org/press-release/regeneron-isef-2024-full-awards/,age_missing
ISEF,2024,Dhairya Agarwal,,"North Carolina School of Science and Mathematics, NC",United States of America,Ecofriendly Design and Fabrication of a Microalgae-Based Sponge to Efficiently Remove Oil From Water for Environmental Remediation,EARTH AND ENVIRONMENTAL SCIENCES — Second Award,,true,https://www.societyforscience.org/press-release/regeneron-isef-2024-full-awards/,age_missing
ISEF,2024,Kian Sanchez,,"University Laboratory School, HI",United States of America,"Sponge Studies: Assessing the Effects of Environmental Impacts on Marine Sponge Detritus Production, and Use as a Natural Deep Sea eDNA Sampler",EARTH AND ENVIRONMENTAL SCIENCES — Second Award,,true,https://www.societyforscience.org/press-release/regeneron-isef-2024-full-awards/,age_missing
ISEF,2024,Anson Chen,,"Nikola Tesla STEM High School, WA",United States of America,Forecasting Domoic Acid Levels From Harmful Algal Blooms Along the Pacific Northwest Coast,EARTH AND ENVIRONMENTAL SCIENCES — Second Award,,true,https://www.societyforscience.org/press-release/regeneron-isef-2024-full-awards/,age_missing
ISEF,2024,Yuqin Ma,,"The Harker School, CA",United States of America,"CABMS: The First System Against California Marine Biotoxins Through Deep, Spatiotemporal, Multivariate Prediction and Sensor-Based Data Transmission",EARTH AND ENVIRONMENTAL SCIENCES — Second Award,,true,https://www.societyforscience.org/press-release/regeneron-isef-2024-full-awards/,age_missing
ISEF,2024,Abhith Kasala,,"Gainesville High School, FL",United States of America,Global Microplastic Pollution – The Emerging Health Crisis: The Ecotoxicological Effects of Microplastics on Aquatic Organisms and Translating to Humans via A.I. Machine Learning & a Novel Low-Cost Water Filtration System,EARTH AND ENVIRONMENTAL SCIENCES — Third Award,,true,https://www.societyforscience.org/press-release/regeneron-isef-2024-full-awards/,age_missing
ISEF,2024,Jiwon Shin,,"Korean Minjok Leadership Academy, Gangwon, South Korea Soyon Kang, Korean Minjok Leadership Academy, Gangwon, South Korea Yena Lee, Korean Minjok Leadership Academy, Gangwon",South Korea,Development of Multiparametric Microfluidic Chip Focusing on Water Quality Monitoring,EARTH AND ENVIRONMENTAL SCIENCES — Third Award,,true,https://www.societyforscience.org/press-release/regeneron-isef-2024-full-awards/,age_missing
ISEF,2024,Manfred Lim,,"Jericho High School, NY",United States of America,Global Soil Respiration Insights Through Machine Learning: Projections and Future Climate Change Implications,EARTH AND ENVIRONMENTAL SCIENCES — Third Award,,true,https://www.societyforscience.org/press-release/regeneron-isef-2024-full-awards/,age_missing
ISEF,2024,Miriam Haddad,,"Saginaw Arts and Sciences Academy, MI",United States of America,Magnetizing Oil: A New Paradigm for Cleaning Up Aquatic Oil Spills,EARTH AND ENVIRONMENTAL SCIENCES — Third Award,,true,https://www.societyforscience.org/press-release/regeneron-isef-2024-full-awards/,age_missing
ISEF,2024,Angelina Ayoubi,,"Somers High School, NY",United States of America,Global Pesticide Use and Parkinson’s Disease Incidence: Using Data Science to Optimize Pesticide Regulations and Linking Glyphosate Exposure to Neural Inflammation,EARTH AND ENVIRONMENTAL SCIENCES — Third Award,,true,https://www.societyforscience.org/press-release/regeneron-isef-2024-full-awards/,age_missing
ISEF,2024,Lucia Lammers,,"Harrison High School, NY",United States of America,Spectroscopic and Colorimetric Analysis of Textiles Dyed With Local Invasive Plant Species and Waste-Derived Mordants,EARTH AND ENVIRONMENTAL SCIENCES — Third Award,,true,https://www.societyforscience.org/press-release/regeneron-isef-2024-full-awards/,age_missing
ISEF,2024,Mohammad Hasan,,"Darwin High School, NT, Australia Monishi Tripura, Darwin High School, NT, Australia Pothik Mondol, Darwin High School, NT",Australia,Apparent Temperature Optimisation for Commercial Operations in Portable Buildings,EARTH AND ENVIRONMENTAL SCIENCES — Third Award,,true,https://www.societyforscience.org/press-release/regeneron-isef-2024-full-awards/,age_missing
ISEF,2024,Adrian Zhuang,,"The King’s School, New South Wales, Australia Alex Zhuang, The King’s School, New South Wales",Australia,FloodCast: Predicting Floods and Their Socioeconomic Impacts Through Deep Learning Neural Networks and Regression,EARTH AND ENVIRONMENTAL SCIENCES — Third Award,,true,https://www.societyforscience.org/press-release/regeneron-isef-2024-full-awards/,age_missing
ISEF,2024,Chloe Filion,,"Saint-Jean-de-Brebeuf, Ontario, Canada Sophie Filion, Ecole Secondaire Catholique Saint-Jean-de-Brebeuf, Ontario",Canada,The Digital Air Rifle Ballistic Measuring Device,EMBEDDED SYSTEMS — First Award,,true,https://www.societyforscience.org/press-release/regeneron-isef-2024-full-awards/,age_missing
ISEF,2024,James Nagler,,"Garden City High School, NY",United States of America,Project Vision: Assisted Navigation & Waypoint Positioning Through 3D Mapping,EMBEDDED SYSTEMS — Second Award,,true,https://www.societyforscience.org/press-release/regeneron-isef-2024-full-awards/,age_missing
ISEF,2024,Jaeyoon Kim,,"Ilsan Daejin High School, South Korea Jin Park, Hankuk Academy of Foreign Studies, Gyeonggido, South Korea Seungho Ha, Sunrin Internet High School, Seoul",South Korea,"Rebeat: A Real-Time, Audiovisual Feedback System for Improving CPR Quality",EMBEDDED SYSTEMS — Second Award,,true,https://www.societyforscience.org/press-release/regeneron-isef-2024-full-awards/,age_missing
ISEF,2024,Piotr Wegrzyn,,"Liceum Ogolnoksztatcace nr XIV im. Polonii Belgijskiej we Wroclawiu, Dolnoslaskie",Poland,"Extending PCPU: A New, Practical, and Production-Ready Processor Core Written From Scratch",EMBEDDED SYSTEMS — Third Award,,true,https://www.societyforscience.org/press-release/regeneron-isef-2024-full-awards/,age_missing
ISEF,2024,Shangqiu Li,,"Camas High School, WA",United States of America,MagGrid: Non-Levitative Electromagnet Robot Propulsion Method for 2-D Material Handling,EMBEDDED SYSTEMS — Third Award,,true,https://www.societyforscience.org/press-release/regeneron-isef-2024-full-awards/,age_missing
ISEF,2024,Annika Chadha,,"duPont Manual High School, KY",United States of America,"Omni Wheel: An Innovative Wheel Design for a Walker With Pressure Tracking, Lidar Sensing and Braking Capability",EMBEDDED SYSTEMS — Third Award,,true,https://www.societyforscience.org/press-release/regeneron-isef-2024-full-awards/,age_missing
ISEF,2024,Calvin Mathew,,"American Heritage School, FL",United States of America,Continuous Hemodynamics Monitor: Novel Smart Sensor for Real-Time Postoperative Cardiac Care,EMBEDDED SYSTEMS — Third Award,,true,https://www.societyforscience.org/press-release/regeneron-isef-2024-full-awards/,age_missing
ISEF,2024,Alia Wahban,,"Hillfield Strathallan College, Ontario",Canada,Redefining the Landscape of Hydrogen Safety Using Innovative Gasochromic Technology,ENERGY: SUSTAINABLE MATERIALS AND DESIGN — First Award,,true,https://www.societyforscience.org/press-release/regeneron-isef-2024-full-awards/,age_missing
ISEF,2024,Aiden Kwon,,"Palos Verdes Peninsula High School, CA",United States of America,"Bio-Inspired Wing Design, Aerodynamic Simulations, and Autonomous Flight Tests for Airborne Wind Energy",ENERGY: SUSTAINABLE MATERIALS AND DESIGN — Second Award,,true,https://www.societyforscience.org/press-release/regeneron-isef-2024-full-awards/,age_missing
ISEF,2024,Anne Bobes,,Markgraf-Albrecht-Gymnasium Osterburg,Germany,Improving Aerodynamic Characteristics of Helical Wind Turbines With Modified Blades,ENERGY: SUSTAINABLE MATERIALS AND DESIGN — Second Award,,true,https://www.societyforscience.org/press-release/regeneron-isef-2024-full-awards/,age_missing
ISEF,2024,Hamad Alhussaini,,Riyadh School for Boys and Girls,Saudi Arabia,Applying Magnetic Fields and Lewis Acids for a Highly Efficient and Cost-Effective Hydrogen Production From Seawater,ENERGY: SUSTAINABLE MATERIALS AND DESIGN — Second Award,,true,https://www.societyforscience.org/press-release/regeneron-isef-2024-full-awards/,age_missing
ISEF,2024,Yash Dagade,,"Eden Prairie High School, MN",United States of America,SkyWindFarm: Harnessing High Altitude Wind Power in Scalable Manner,ENERGY: SUSTAINABLE MATERIALS AND DESIGN — Third Award,,true,https://www.societyforscience.org/press-release/regeneron-isef-2024-full-awards/,age_missing
ISEF,2024,Valeria Novoa,,"James Madison High School, VA",United States of America,"Optimizing Graphitic Carbon Nitride to Create a Safe, Effective, and Economic Form of Hydrogen Storage",ENERGY: SUSTAINABLE MATERIALS AND DESIGN — Third Award,,true,https://www.societyforscience.org/press-release/regeneron-isef-2024-full-awards/,age_missing
ISEF,2024,Sulaiman Almesned,,"Dhahran Ahliyya School, Eastern Province",Saudi Arabia,Enhancing Sodium-Ion Batteries by Synthesizing a Novel Cathode Using Covalent Organic Frameworks Doped With Carbon Nanotubes,ENERGY: SUSTAINABLE MATERIALS AND DESIGN — Third Award,,true,https://www.societyforscience.org/press-release/regeneron-isef-2024-full-awards/,age_missing
ISEF,2024,Latifa Alghannam,,"KFUPM Schools, Eastern Province",Saudi Arabia,Cost-effective Ultrasound Utilization on Cement-Based Composites for Scalable Fabrication of Bifunctional All-solid-State Ultracapacitors,ENERGY: SUSTAINABLE MATERIALS AND DESIGN — Third Award,,true,https://www.societyforscience.org/press-release/regeneron-isef-2024-full-awards/,age_missing
ISEF,2024,Chiyo Nakatsuji,,"Oin High School, Tokyo",Japan,"Origami Chair: Always Accessible to Everyone, Everywhere",ENGINEERING TECHNOLOGY: STATICS & DYNAMICS — First Award,,true,https://www.societyforscience.org/press-release/regeneron-isef-2024-full-awards/,age_missing
ISEF,2024,Kevin Shen,,"Olympia High School, WA",United States of America,Taming the Oblique Wing: Improving Fuel Efficiency by Developing and Flight Testing an Oblique Wing Aircraft Utilizing a Novel Control Method,ENGINEERING TECHNOLOGY: STATICS & DYNAMICS — First Award,,true,https://www.societyforscience.org/press-release/regeneron-isef-2024-full-awards/,age_missing
ISEF,2024,Gedeon Ang,,Raffles Institution,Singapore,"SMART (Sustainable, Modular, Additively-manufactured, Robust, Tower-style) Urban Farming",ENGINEERING TECHNOLOGY: STATICS & DYNAMICS — Second Award,,true,https://www.societyforscience.org/press-release/regeneron-isef-2024-full-awards/,age_missing
ISEF,2024,Hannah Jansen,,"Governor’s School at Innovation Park, VA",United States of America,Impact of Toroidal Propeller Design on Unmanned Aerial Vehicle Acoustic Signature and Aerodynamic Performance,ENGINEERING TECHNOLOGY: STATICS & DYNAMICS — Second Award,,true,https://www.societyforscience.org/press-release/regeneron-isef-2024-full-awards/,age_missing
ISEF,2024,Jason Zhao,,"Collingwood School, British Columbia",Canada,Low-Cost Rapid Response Rocket Launched UAV for Wildfire Hotspot Detection,ENGINEERING TECHNOLOGY: STATICS & DYNAMICS — Second Award,,true,https://www.societyforscience.org/press-release/regeneron-isef-2024-full-awards/,age_missing
ISEF,2024,Angelina Tseng,,"Santa Catalina School, CA",United States of America,AI-Powered Magnetic Inspection Robot for Advanced Structural Health Monitoring of Ferromagnetic Structures,ENGINEERING TECHNOLOGY: STATICS & DYNAMICS — Second Award,,true,https://www.societyforscience.org/press-release/regeneron-isef-2024-full-awards/,age_missing
ISEF,2024,Zihao Liu,,"The High School Affiliated to Beijing Normal University, Beijing",China,Engineering of a Bio-Inspired Tiltable Oscillating Fin Submersible Thruster,ENGINEERING TECHNOLOGY: STATICS & DYNAMICS — Third Award,,true,https://www.societyforscience.org/press-release/regeneron-isef-2024-full-awards/,age_missing
ISEF,2024,Lilly Mertzlufft,,"Burnt Hills-Ballston Lake High School, NY",United States of America,An Investigation of Jet-Assisted Surface-Mounted Actuators in Laminar and Turbulent Boundary Layers,ENGINEERING TECHNOLOGY: STATICS & DYNAMICS — Third Award,,true,https://www.societyforscience.org/press-release/regeneron-isef-2024-full-awards/,age_missing
ISEF,2024,Li Wei Chen,,"Guangzhou Zhixin High School, Guangdong",China,Cross-Section Transformer: An Innovative Foldable Wheeled Robot With Flexible Configuration,ENGINEERING TECHNOLOGY: STATICS & DYNAMICS — Third Award,,true,https://www.societyforscience.org/press-release/regeneron-isef-2024-full-awards/,age_missing
ISEF,2024,Angelina Kim,,"The Bishop’s School, CA",United States of America,An Autonomous Unmanned Aerial Vehicle (UAV) System for Ocean Hazard Recognition and Rescue: Scout and Rescue UAVs,ENGINEERING TECHNOLOGY: STATICS & DYNAMICS — Third Award,,true,https://www.societyforscience.org/press-release/regeneron-isef-2024-full-awards/,age_missing
ISEF,2024,Chetana Gunawardhana,,"Broad Run High School, VA",United States of America,Submersible Aerial Vehicle Design Study,ENGINEERING TECHNOLOGY: STATICS & DYNAMICS — Third Award,,true,https://www.societyforscience.org/press-release/regeneron-isef-2024-full-awards/,age_missing
ISEF,2024,Timucin Erbas,,"Acton Boxborough Regional High School, MA",United States of America,Higher-Efficiency Altitude-Adaptive Dynamic Rocket Engine Nozzle,ENGINEERING TECHNOLOGY: STATICS & DYNAMICS — Third Award,,true,https://www.societyforscience.org/press-release/regeneron-isef-2024-full-awards/,age_missing
ISEF,2024,Jack Shannon,,"Clongowes Wood College SJ, Kildare",Ireland,Global Carbon Sinks: Remote Sensing for Peatland Restoration,ENVIRONMENTAL ENGINEERING — First Award,,true,https://www.societyforscience.org/press-release/regeneron-isef-2024-full-awards/,age_missing
ISEF,2024,Sharanya Natarajan,,"Edgewood Junior Senior High School, FL",United States of America,An Integrated Algae Mitigation System to Seek & Abate Harmful Algal Blooms (Year 5),ENVIRONMENTAL ENGINEERING — Second Award,,true,https://www.societyforscience.org/press-release/regeneron-isef-2024-full-awards/,age_missing
ISEF,2024,Ruvarashe Moyo,,"USAP Community School, Mashonaland East",Zimbabwe,A Low Cost and High Performance Xylem-Activated Carbon Filter Water Purification Device: A Novel Approach to the Global Clean Water Crises,ENVIRONMENTAL ENGINEERING — Second Award,,true,https://www.societyforscience.org/press-release/regeneron-isef-2024-full-awards/,age_missing
ISEF,2024,Eray Akin,,"Izmir Fen Lisesi, Bornova, Turkey Murat Leylekoglu, Izmir Fen Lisesi, Bornova, Turkey Nisa Iltekin, Izmir Fen Lisesi, Bornova",Turkey,Development of a Solar Powered Buoy to Measure and Report the Pollution Level of Wetlands,ENVIRONMENTAL ENGINEERING — Second Award,,true,https://www.societyforscience.org/press-release/regeneron-isef-2024-full-awards/,age_missing
ISEF,2024,Megan Yeager,,"Chesapeake Science Point Public Charter School, MD",United States of America,Aerosol Driven Purification: A Novel Method for Purifying Water Utilizing Phase Changes,ENVIRONMENTAL ENGINEERING — Second Award,,true,https://www.societyforscience.org/press-release/regeneron-isef-2024-full-awards/,age_missing
ISEF,2024,Chung-Ling Ku,,"The Affiliated Senior High School of National Taiwan Normal University, Chinese Taipei Hsi-Chih Chu, Taipei Fuhsing Private School, Chinese Taipei Yun-Chieh Chao, Taipei Fuhsing Private School",Chinese Taipei,Coupling High-Efficient Redox Flow Desalination and Rejected Brine Towards Mineralization of CO2,ENVIRONMENTAL ENGINEERING — Third Award,,true,https://www.societyforscience.org/press-release/regeneron-isef-2024-full-awards/,age_missing
ISEF,2024,Dylan Yoon,,"Manhasset High School, NY",United States of America,The Enhancement of a Novel 3D-Printed Electrodialysis Device Through the Implementation and Optimization of Spacer Designs,ENVIRONMENTAL ENGINEERING — Third Award,,true,https://www.societyforscience.org/press-release/regeneron-isef-2024-full-awards/,age_missing
ISEF,2024,Kshemaahna Nagi,,"Vidyashilp Academy, Karnataka",India,"A New Cost-effective Adsorbent Device for Civic Remediation to Reduce Lead, Copper and Cadmium in Surface Water Runoff",ENVIRONMENTAL ENGINEERING — Third Award,,true,https://www.societyforscience.org/press-release/regeneron-isef-2024-full-awards/,age_missing
ISEF,2024,Bennett Takahama,,"Kamehameha Schools Maui, HI",United States of America,Evaluating Native Hawaiian Plant Species’ Contributions to Post-Fire Silt Sock Bioremediation in Lahaina,ENVIRONMENTAL ENGINEERING — Third Award,,true,https://www.societyforscience.org/press-release/regeneron-isef-2024-full-awards/,age_missing
ISEF,2024,Kadence Merritt,,"Kamehameha Schools Maui, HI",United States of America,Evaluating Native Hawaiian Plant Species’ Contributions to Post-Fire Silt Sock Bioremediation in Lahaina,ENVIRONMENTAL ENGINEERING — Third Award,,true,https://www.societyforscience.org/press-release/regeneron-isef-2024-full-awards/,age_missing
ISEF,2024,Christina Zhang,,"InTech Collegiate High School, UT",United States of America,A Novel Shade Dome to Reduce Water Evaporation in the Great Salt Lake,ENVIRONMENTAL ENGINEERING — Third Award,,true,https://www.societyforscience.org/press-release/regeneron-isef-2024-full-awards/,age_missing
ISEF,2024,Turki Aldulami,,"Alkifah Academy, Eastern Province, Ahsaa",Saudi Arabia,Novel Solar-Assisted Method for Mitigation of Methane Emissions via a New Highly Efficient Catalyst,ENVIRONMENTAL ENGINEERING — Third Award,,true,https://www.societyforscience.org/press-release/regeneron-isef-2024-full-awards/,age_missing
ISEF,2024,Ahil Thendral,,"Northwest High School, MD",United States of America,Democratizing Desalination: Study of Materials and Methods To Make Desalination Less Energy Intensive and Affordable,ENVIRONMENTAL ENGINEERING — Third Award,,true,https://www.societyforscience.org/press-release/regeneron-isef-2024-full-awards/,age_missing
ISEF,2024,Grace Sun,16,"Paul Laurence Dunbar High School, KY",United States of America,Novel Chemical Doping Strategy to Enhance N-Type Organic Electrochemical Transistors,MATERIALS SCIENCE — First Award,,true,https://www.societyforscience.org/press-release/regeneron-isef-2024-full-awards/,
ISEF,2024,Jonathan Hu,,Shanghai High School International Division,China,A Self-Healing Flexible “Jelly-like” Zinc-Ion Battery: Empowering Wearable Devices and Safe Energy Storage,MATERIALS SCIENCE — Second Award,,true,https://www.societyforscience.org/press-release/regeneron-isef-2024-full-awards/,age_missing
ISEF,2024,Suhaani Garg,,"West Linn High School, OR",United States of America,TNBCnano: Novel Layer-By-Layer Nanoparticles for Systemic Combination Delivery of MRP1 siRNA and Doxorubicin for Triple-Negative Breast Cancer Treatment,MATERIALS SCIENCE — Second Award,,true,https://www.societyforscience.org/press-release/regeneron-isef-2024-full-awards/,age_missing
ISEF,2024,Cindy Cheng,,"Laurel Heights Secondary School, Ontario",Canada,3D Bioprinting Soft Microrobotic “Niches” for Stem Cell Delivery,MATERIALS SCIENCE — Second Award,,true,https://www.societyforscience.org/press-release/regeneron-isef-2024-full-awards/,age_missing
ISEF,2024,Gabriele Dutli,,Kantonsschule Zurich Nord,Switzerland,"The Development and Evaluation of 3D Printed, Hygromorphic, Biodegradable and Self-Locomotive Soft Robots (Hygrobots), as a Powerful Tool for Environmental Monitoring and Protection",MATERIALS SCIENCE — Third Award,,true,https://www.societyforscience.org/press-release/regeneron-isef-2024-full-awards/,age_missing
ISEF,2024,Samyra Mahiba,,"Jericho High School, NY",United States of America,DNA Crystallography: Exploring Small-Molecule Interactions With DNA for a Novel Nanoscale Drug Delivery Platform,MATERIALS SCIENCE — Third Award,,true,https://www.societyforscience.org/press-release/regeneron-isef-2024-full-awards/,age_missing
ISEF,2024,Tahani Ahmed,,"KFUPM Schools, Eastern Province",Saudi Arabia,Development of a Biocide-Free Polyurethane-Based Coating for Effective Antifouling in Marine Vessels,MATERIALS SCIENCE — Third Award,,true,https://www.societyforscience.org/press-release/regeneron-isef-2024-full-awards/,age_missing
ISEF,2024,Amal Fayad,,"Arizona College Prep High School, AZ",United States of America,Enhancing Tea-Waste Based Biopolymer Nanocomposite Performance Through a Biomimetic Cuticular Hydrocarbon Coating: A Sustainable Packaging Alternative,MATERIALS SCIENCE — Third Award,,true,https://www.societyforscience.org/press-release/regeneron-isef-2024-full-awards/,age_missing
ISEF,2024,Siyaa Poddar,,"Arizona College Prep High School, AZ",United States of America,Enhancing Tea-Waste Based Biopolymer Nanocomposite Performance Through a Biomimetic Cuticular Hydrocarbon Coating: A Sustainable Packaging Alternative,MATERIALS SCIENCE — Third Award,,true,https://www.societyforscience.org/press-release/regeneron-isef-2024-full-awards/,age_missing
ISEF,2024,Will Bao,,"Auburn High School, AL",United States of America,Machine-Learning-Driven Discovery of Novel Acoustic Metamaterials for Broadband Noise Mitigation,MATERIALS SCIENCE — Third Award,,true,https://www.societyforscience.org/press-release/regeneron-isef-2024-full-awards/,age_missing
ISEF,2024,Anna Oliva,,"Carnegie Vanguard High School, TX",United States of America,"Symmetry, Fixed Points and Quantum Billiards: A Confluence of Ideas",MATHEMATICS — First Award,,true,https://www.societyforscience.org/press-release/regeneron-isef-2024-full-awards/,age_missing
ISEF,2024,Anay Aggarwal,,"Jesuit High School, OR",United States of America,An Elementary Method for Fast Modular Exponentiation With Factored Modulus,MATHEMATICS — Second Award,,true,https://www.societyforscience.org/press-release/regeneron-isef-2024-full-awards/,age_missing
ISEF,2024,Manu Isaacs,,"Jesuit High School, OR",United States of America,An Elementary Method for Fast Modular Exponentiation With Factored Modulus,MATHEMATICS — Second Award,,true,https://www.societyforscience.org/press-release/regeneron-isef-2024-full-awards/,age_missing
ISEF,2024,Sophia Fu,,"Carmel High School, IN",United States of America,Balancing Misclassification Costs (BMC) in Imbalanced Classification,MATHEMATICS — Second Award,,true,https://www.societyforscience.org/press-release/regeneron-isef-2024-full-awards/,age_missing
ISEF,2024,Yunjia Quan,,"Charlotte Country Day School, NC",United States of America,"Enhancing Ethereum’s Security With LUMEN, Novel Zero-Knowledge Algorithms Generating Transparent and Efficient SNARKs Based on Hidden Order Groups",MATHEMATICS — Third Award,,true,https://www.societyforscience.org/press-release/regeneron-isef-2024-full-awards/,age_missing
ISEF,2024,Uma Sthanu,,"Westwood High School, TX",United States of America,Predicting the Unpredictable: A Novel Mathematical Model to Analyze and Accurately Predict Multiple Sclerosis Patient Outcomes,MATHEMATICS — Third Award,,true,https://www.societyforscience.org/press-release/regeneron-isef-2024-full-awards/,age_missing
ISEF,2024,Helena Welch,,"Los Alamos High School, NM",United States of America,Virtually Reconstructing an Ancient Musical Instrument,MATHEMATICS — Third Award,,true,https://www.societyforscience.org/press-release/regeneron-isef-2024-full-awards/,age_missing
ISEF,2024,Matthew Chang,,"Woodbridge High School, CA",United States of America,A Bioinformatic Analysis of Foliar Fungal Endophytes in Litter Decomposition,MICROBIOLOGY — First Award,,true,https://www.societyforscience.org/press-release/regeneron-isef-2024-full-awards/,age_missing
ISEF,2024,Mehek Sawhney,,"Commack High School, NY",United States of America,Secretion of the Francisella tularensis Protein FTL_1123 by Escherichia coli Containing the HlyBD Operon,MICROBIOLOGY — Second Award,,true,https://www.societyforscience.org/press-release/regeneron-isef-2024-full-awards/,age_missing
ISEF,2024,Ray Zhang,,"Thomas Jefferson High School for Science and Technology, VA",United States of America,Biofilm Composition in Fungi Fusarium and Development of a Multi-targeted Antifungal Treatment To Inhibit Proliferation,MICROBIOLOGY — Second Award,,true,https://www.societyforscience.org/press-release/regeneron-isef-2024-full-awards/,age_missing
ISEF,2024,Rishit Shaquib,,"Vanguard High School, FL",United States of America,Next-Generation Antibiotics: Isolating and Screening Novel Bacteriocins,MICROBIOLOGY — Third Award,,true,https://www.societyforscience.org/press-release/regeneron-isef-2024-full-awards/,age_missing
ISEF,2024,Hyolin Lim,,"Korea Science Academy of KAIST, South Korea Sihyeong Song, Korea Science Academy of KAIST, South Korea Soyul Kim, Korea Science Academy of KAIST",South Korea,Solution for Affordable Insulin: Efficient Production of Single Chain Insulin Through P. fluorescens,MICROBIOLOGY — Third Award,,true,https://www.societyforscience.org/press-release/regeneron-isef-2024-full-awards/,age_missing
ISEF,2024,Chloe Barreto-Massad,,"American Heritage School of Boca Delray, FL",United States of America,Isolating and Annotating Novel Bacteriophages That Infect Gordonia rubripertincta: A Comparison Between Evergreen22 (Fribs8) and KayGee,MICROBIOLOGY — Third Award,,true,https://www.societyforscience.org/press-release/regeneron-isef-2024-full-awards/,age_missing
ISEF,2024,Shuhan Luo,,"Worcester Academy, MA",United States of America,A Novel Hadronization Model Explaining Charm-Quark Hadronization in Different Collision Systems Through Yet-Unobserved Excited States and Cluster Volume Dependence,PHYSICS AND ASTRONOMY — First Award,,true,https://www.societyforscience.org/press-release/regeneron-isef-2024-full-awards/,age_missing
ISEF,2024,Harini Thiagarajan,,"North Creek High School, WA",United States of America,Implementation of an Integrated Machine Learning Pipeline for LIGO Continuous Gravitational Wave Searches,PHYSICS AND ASTRONOMY — First Award,,true,https://www.societyforscience.org/press-release/regeneron-isef-2024-full-awards/,age_missing
ISEF,2024,Vishal Yalla,,"North Creek High School, WA",United States of America,Implementation of an Integrated Machine Learning Pipeline for LIGO Continuous Gravitational Wave Searches,PHYSICS AND ASTRONOMY — First Award,,true,https://www.societyforscience.org/press-release/regeneron-isef-2024-full-awards/,age_missing
ISEF,2024,Padmalakshmi Ramesh,,"Laramie High School, WY",United States of America,Characterizing a Novel Flare in the Distant Quasar VIIIZw233,PHYSICS AND ASTRONOMY — Second Award,,true,https://www.societyforscience.org/press-release/regeneron-isef-2024-full-awards/,age_missing
ISEF,2024,Korakrit Tonpongphan,,"Kamnoetvidya Science Academy, Thailand Veroj Boonyaraj, Kamnoetvidya Science Academy",Thailand,Effect of the Apex Angle of a Triangular-Shaped Vibrating Structure on Acoustic Streaming,PHYSICS AND ASTRONOMY — Second Award,,true,https://www.societyforscience.org/press-release/regeneron-isef-2024-full-awards/,age_missing
ISEF,2024,Emily Aleman,,Centro Residencial de Oportunidades Educativas de Ceiba,Puerto Rico,Discovery of New Extragalactic Planet Candidates: A Novel End-to-End Machine Learning Pipeline for Efficient Transit Detection in the X-ray Spectrum,PHYSICS AND ASTRONOMY — Second Award,,true,https://www.societyforscience.org/press-release/regeneron-isef-2024-full-awards/,age_missing
ISEF,2024,Ellen Wang,,"Horace Mann School, NY",United States of America,Deep Learning on a Novel Ising Model To Study Arctic Sea Ice Dynamics,PHYSICS AND ASTRONOMY — Second Award,,true,https://www.societyforscience.org/press-release/regeneron-isef-2024-full-awards/,age_missing
ISEF,2024,Samikshya Mahapatra,,"College Station High School, TX",United States of America,Development and Demonstration of a Low-Cost Strip-PET Scanner Prototype,PHYSICS AND ASTRONOMY — Third Award,,true,https://www.societyforscience.org/press-release/regeneron-isef-2024-full-awards/,age_missing
ISEF,2024,Edward Wu,,"Pittsford Sutherland High School, NY",United States of America,Development of New Beam Configurations for OMEGA To Achieve Highly Uniform Indirect Drive Implosions With Cubic Symmetry,PHYSICS AND ASTRONOMY — Third Award,,true,https://www.societyforscience.org/press-release/regeneron-isef-2024-full-awards/,age_missing
ISEF,2024,Khedaar Kashyap,,"Leland High School, CA",United States of America,Discovery of Two Potentially Habitable Super-Earths! StealthPlanetFinder: Innovative & Computationally Efficient Algorithms to Detect Exoplanets Overcoming Low Signal-to-Noise Ratio,PHYSICS AND ASTRONOMY — Third Award,,true,https://www.societyforscience.org/press-release/regeneron-isef-2024-full-awards/,age_missing
ISEF,2024,Gauri Vani Todur,,"Santa Clara High School, CA",United States of America,New Population of Asteroids Discovered! Rapidly Finding and Tracking Faint Near-Earth Asteroids Using an Accurate Deep Learning Based Process,PHYSICS AND ASTRONOMY — Third Award,,true,https://www.societyforscience.org/press-release/regeneron-isef-2024-full-awards/,age_missing
ISEF,2024,Alexia Bravo,,"Union High School, WA",United States of America,An Investigation of New Brown Dwarf Spectral Binary Candidates From the Backyard Worlds: Planet 9 Citizen Science Initiative,PHYSICS AND ASTRONOMY — Third Award,,true,https://www.societyforscience.org/press-release/regeneron-isef-2024-full-awards/,age_missing
ISEF,2024,Jason Youm,,"Montgomery Blair High School, MD",United States of America,Measuring Quantum Entanglement Entropy in Gaussian Boson Sampling,PHYSICS AND ASTRONOMY — Third Award,,true,https://www.societyforscience.org/press-release/regeneron-isef-2024-full-awards/,age_missing
ISEF,2024,Tanishka Aglave,,"Strawberry Crest High School, FL",United States of America,Advancing Sustainable Citrus Greening Disease Management: A Comprehensive Eco-Friendly Approach for the Management of Candidatus Liberibacter asiaticus Using Trunk Injection of Murraya koenigii Derived Biological Extract and Its Validation Through Precision Agriculture Tools,PLANT SCIENCES — First Award,,true,https://www.societyforscience.org/press-release/regeneron-isef-2024-full-awards/,age_missing
ISEF,2024,Pauline Victoria Estrada,,"Clovis North High School, CA",United States of America,Rapid Detection of Superweeds (Herbicide-Resistant Weeds) Utilizing Novel Full-Spectrum Imaging and a Hyperparameter-Tuned Convolutional Neural Network (CNN),PLANT SCIENCES — First Award,,true,https://www.societyforscience.org/press-release/regeneron-isef-2024-full-awards/,age_missing
ISEF,2024,Sunyapat Akkarajeerawat,,"Bangkok Christian College, Thailand Thanatkorn Chauvanasmith, Bangkok Christian College",Thailand,A Novel Duckweed Cultivation Method to Maximize Its Nutritional Value for Future Sustainable Food Development,PLANT SCIENCES — Second Award,,true,https://www.societyforscience.org/press-release/regeneron-isef-2024-full-awards/,age_missing
ISEF,2024,Karun Kulamavalavan,,"New Rochelle High School, NY",United States of America,Extents of Marine Salinization Increasing Thermal Tolerance in Seagrass,PLANT SCIENCES — Second Award,,true,https://www.societyforscience.org/press-release/regeneron-isef-2024-full-awards/,age_missing
ISEF,2024,Gabrielle de Oliveira Rodrigues,,"Escola de Ensino Medio Luiz Girao, Ceara",Brazil,RCMC – Natural Edible Coating Based on Carnauba Wax and Mandacaru: A New Alternative to Fruit Conservation,PLANT SCIENCES — Second Award,,true,https://www.societyforscience.org/press-release/regeneron-isef-2024-full-awards/,age_missing
ISEF,2024,Neel Ahuja,,"Millburn High School, NJ",United States of America,Reducing Per-and Polyfluoroalkyl Substances (PFAS) Water Contamination With Mycorrhizal Hydroponics Plants,PLANT SCIENCES — Second Award,,true,https://www.societyforscience.org/press-release/regeneron-isef-2024-full-awards/,age_missing
ISEF,2024,Anshul Desai,,"College Park High School, TX",United States of America,QuackWrap: Utilizing the Optimized Starch Content Within Lemna minor to Synthesize Biodegradable Plastics,PLANT SCIENCES — Third Award,,true,https://www.societyforscience.org/press-release/regeneron-isef-2024-full-awards/,age_missing
ISEF,2024,Felix Li,,"College Park High School, TX",United States of America,QuackWrap: Utilizing the Optimized Starch Content Within Lemna minor to Synthesize Biodegradable Plastics,PLANT SCIENCES — Third Award,,true,https://www.societyforscience.org/press-release/regeneron-isef-2024-full-awards/,age_missing
ISEF,2024,Shao-Chi Tsai,,Taipei Municipal Chien Kuo High School,Taiwan,"Imaging, Expression Profiling, and Modeling: Systematic Approaches Integrated to Investigate BPC Regulation of the Circadian Clock",PLANT SCIENCES — Third Award,,true,https://www.societyforscience.org/press-release/regeneron-isef-2024-full-awards/,age_missing
ISEF,2024,Prisha Bhat,,"Plano East Senior High School, TX",United States of America,"Aqua-Arsenic Remediation: Analysis of the Oryza sativa metagenome and Wet-Lab Approach to increase O. sativa Tolerance to Drought and Arsenic Through Hyper Expression of Aquaporin OsNIP2;1, OsNIP3;2, OsPIP2;2 genes (Year IV)",PLANT SCIENCES — Third Award,,true,https://www.societyforscience.org/press-release/regeneron-isef-2024-full-awards/,age_missing
ISEF,2024,Eva Uddin,,"The Bronx High School of Science, NY",United States of America,The Role of TALE Homeodomain Proteins in the Haploid to Diploid Transition of the Fern Ceratopteris richardii,PLANT SCIENCES — Third Award,,true,https://www.societyforscience.org/press-release/regeneron-isef-2024-full-awards/,age_missing
ISEF,2024,Grace Son,,"Tabb High School, VA",United States of America,"Genetic Diversity and Tracing the Origin of Wasabi (Eutrema japonicum) on Ulleung Island, Korea",PLANT SCIENCES — Third Award,,true,https://www.societyforscience.org/press-release/regeneron-isef-2024-full-awards/,age_missing
ISEF,2024,Michal Lajciak,,"Stredna Priemyselna Skola, Trenciansky kraj",Slovakia,Effective Robotic Swarm Controller Applied to Autonomous Swarm Assembly of Modular Flexible Production Lines,ROBOTICS AND INTELLIGENT MACHINES — First Award,,true,https://www.societyforscience.org/press-release/regeneron-isef-2024-full-awards/,age_missing
ISEF,2024,Anthony Efthimiadis,,"Oakville Trafalgar High School, Ontario",Canada,"Rapid Screening for Major Skin Cancers with M-SCAHN: Multimodal Hierarchical CNN-Transformer Hybrid Networks with Advanced Interpretability, Lesion Evolution Tracking, Trait Identification, and Color Constancy for Improved Generalization in Diverse Populations",ROBOTICS AND INTELLIGENT MACHINES — First Award,,true,https://www.societyforscience.org/press-release/regeneron-isef-2024-full-awards/,age_missing
ISEF,2024,Shobhit Agarwal,,"Rick Reedy High School, TX",United States of America,"FISQ: A Few-Shot, Interpretable, and Self-Supervised Quantum Machine Learning Approach to Automated Real-Time Prediction Over Multiple Domains",ROBOTICS AND INTELLIGENT MACHINES — Second Award,,true,https://www.societyforscience.org/press-release/regeneron-isef-2024-full-awards/,age_missing
ISEF,2024,Tanay Chitlur,,"Westview High School, OR",United States of America,CardioNet: Synthesis of a Diagnostic-Caliber 12-Lead Electrocardiogram Using Generative Neural Networks and Novel Feature Extraction Techniques,ROBOTICS AND INTELLIGENT MACHINES — Second Award,,true,https://www.societyforscience.org/press-release/regeneron-isef-2024-full-awards/,age_missing
ISEF,2024,Ayaan Dhuka,,"Saint John’s School, TX",United States of America,Easy AED: An Autonomous VTOL Emergency Equipment Delivery Drone System,ROBOTICS AND INTELLIGENT MACHINES — Second Award,,true,https://www.societyforscience.org/press-release/regeneron-isef-2024-full-awards/,age_missing
ISEF,2024,Caiman Moreno-Earle,,"Saint John’s School, TX",United States of America,Easy AED: An Autonomous VTOL Emergency Equipment Delivery Drone System,ROBOTICS AND INTELLIGENT MACHINES — Second Award,,true,https://www.societyforscience.org/press-release/regeneron-isef-2024-full-awards/,age_missing
ISEF,2024,Landon Doughty,,"Saint John’s School, TX",United States of America,Easy AED: An Autonomous VTOL Emergency Equipment Delivery Drone System,ROBOTICS AND INTELLIGENT MACHINES — Second Award,,true,https://www.societyforscience.org/press-release/regeneron-isef-2024-full-awards/,age_missing
ISEF,2024,Jilly Choi,,"duPont Manual High School, KY",United States of America,"Design of a Low-Cost, Low Inertia, Backdrivable Upper-Body Humanoid",ROBOTICS AND INTELLIGENT MACHINES — Second Award,,true,https://www.societyforscience.org/press-release/regeneron-isef-2024-full-awards/,age_missing
ISEF,2024,Bianca Hulub,,"Informatics Liceum Grigore C. Moisil, Romania Codrin Crismariu, Informatics Liceum Grigore C. Moisil",Romania,Zoro the Autonomous Rescue Dog: An Inexpensive Simultaneous Localization and Mapping System Running on a Mobile Quadruped for Rough Terrain Operation in Dangerous Scenarios,ROBOTICS AND INTELLIGENT MACHINES — Third Award,,true,https://www.societyforscience.org/press-release/regeneron-isef-2024-full-awards/,age_missing
ISEF,2024,Aidan Ong,,"Hwa Chong Institution, Singapore Junxiang Cai, National Junior College",Singapore,State Space Models Are All You Need,ROBOTICS AND INTELLIGENT MACHINES — Third Award,,true,https://www.societyforscience.org/press-release/regeneron-isef-2024-full-awards/,age_missing
ISEF,2024,Sriman Achanta,,"Mills E. Godwin High School, VA",United States of America,A Low-cost Bionic Transradial Electromyographic Prosthesis Using Transformer-Based Deep Learning Algorithms,ROBOTICS AND INTELLIGENT MACHINES — Third Award,,true,https://www.societyforscience.org/press-release/regeneron-isef-2024-full-awards/,age_missing
ISEF,2024,Zachary Schwehr,,"Mills E. Godwin High School, VA",United States of America,A Low-cost Bionic Transradial Electromyographic Prosthesis Using Transformer-Based Deep Learning Algorithms,ROBOTICS AND INTELLIGENT MACHINES — Third Award,,true,https://www.societyforscience.org/press-release/regeneron-isef-2024-full-awards/,age_missing
ISEF,2024,Patipond Tiyapunjanit,,"Princess Chulabhon Science High School Pathumthani, Pathumthani, Thailand Thinnaphat Siammai, Princess Chulabhon Science High School Pathumthani, Pathumthani",Thailand,"VannameiVision: A Novel End-to-End Pipeline for Stock Quality Assessment With a Case Study in Shrimp Post-larvae Screening From Robust Data Acquisition to Autonomous Segmentation and Systematic Characterization of Count, Size, and Vitality",ROBOTICS AND INTELLIGENT MACHINES — Third Award,,true,https://www.societyforscience.org/press-release/regeneron-isef-2024-full-awards/,age_missing
ISEF,2024,Krzesimir Hyzyk,,European School Luxembourg 1,Luxembourg,Autonomous Driving Agents Trained by an Algorithm Based on NeuroEvolution of Augmenting Topologies (Neat) Using a New Logarithmic Fixed-Point Number System Optimized for Microcontrollers,ROBOTICS AND INTELLIGENT MACHINES — Third Award,,true,https://www.societyforscience.org/press-release/regeneron-isef-2024-full-awards/,age_missing
ISEF,2024,Sritej Padmanabhan,,"North Allegheny Senior High School, PA",United States of America,EnViD: A Novel Predictive Vision Framework With Temporal Contrast for Resource-Efficient Single Object Tracking in Dynamic Visual Fields,ROBOTICS AND INTELLIGENT MACHINES — Third Award,,true,https://www.societyforscience.org/press-release/regeneron-isef-2024-full-awards/,age_missing
ISEF,2024,Ashank Shah,,"Sunset High School, OR",United States of America,Generative Deep Learning-Based Data Augmentation Techniques via Adversarial and Diffusive Models for Enhanced Squamous Cell Carcinoma Histopathological Scan Diagnosis,ROBOTICS AND INTELLIGENT MACHINES — Third Award,,true,https://www.societyforscience.org/press-release/regeneron-isef-2024-full-awards/,age_missing
ISEF,2024,Michelle Wei,,"The Harker School, CA",United States of America,Solving Second-Order Cone Programs in Matrix Multiplication Time,SYSTEMS SOFTWARE — First Award,,true,https://www.societyforscience.org/press-release/regeneron-isef-2024-full-awards/,age_missing
ISEF,2024,Abhishek Shah,,"Green Level High School, NC",United States of America,"AuralStudio: A Multisensory Development Environment With a Novel, Bytecode-Compiled Programming Language",SYSTEMS SOFTWARE — Second Award,,true,https://www.societyforscience.org/press-release/regeneron-isef-2024-full-awards/,age_missing
ISEF,2024,Xiangzhou Sun,,"Webb School of California, CA",United States of America,Gaze Link: A Multi-language Low-Cost Mobile Eye-Gesture Communication System With Large Language Models for People With Amyotrophic Lateral Sclerosis,SYSTEMS SOFTWARE — Second Award,,true,https://www.societyforscience.org/press-release/regeneron-isef-2024-full-awards/,age_missing
ISEF,2024,Le Quoc Bao Nguyen,,"Le Hong Phong High School for the Gifted, Viet Nam Tuan Hy Le, Le Hong Phong High School for the Gifted",Viet Nam,Integration of Deep Learning Into Automatic Volumetric Cardiovascular Dissection and Reconstruction in Simulated 3D Space for Medical Practice,SYSTEMS SOFTWARE — Second Award,,true,https://www.societyforscience.org/press-release/regeneron-isef-2024-full-awards/,age_missing
ISEF,2024,Milan Lustig,,"Cold Spring Harbor Jr/Sr High School, NY",United States of America,A Configurable Compiled Programming Language With Integrated Transpilation,SYSTEMS SOFTWARE — Third Award,,true,https://www.societyforscience.org/press-release/regeneron-isef-2024-full-awards/,age_missing
ISEF,2024,Katherine Robertson,,"Sage Hill School, CA",United States of America,Software for Customized Development of Partial Hand Prostheses in the 3D-Printed Prosthetics Community,SYSTEMS SOFTWARE — Third Award,,true,https://www.societyforscience.org/press-release/regeneron-isef-2024-full-awards/,age_missing
ISEF,2024,Mohamed Abdalla,,"Obour STEM School, Kalubya, Egypt Mohamed Hemdan, Obour STEM School, Kalubya",Egypt,Mouseless Mouse: Enhancing Digital Interaction for Individuals With Limited Hand Mobility via Amplify and Smooth Extracted Data From Head Movement Using Real-Time Facial Tracking and Deep Learning,SYSTEMS SOFTWARE — Third Award,,true,https://www.societyforscience.org/press-release/regeneron-isef-2024-full-awards/,age_missing
ISEF,2024,Pratishrut Kamal,,"William G. Enloe High School, NC",United States of America,DynaGrad: A Novel Gradient Descent With Adaptive Dual Learning Rates & Momenta for Improved Optimization and Accelerated Convergence in Deep Neural Networks,SYSTEMS SOFTWARE — Third Award,,true,https://www.societyforscience.org/press-release/regeneron-isef-2024-full-awards/,age_missing
ISEF,2024,Venkata Varshith Vadlamudi,,"William G. Enloe High School, NC",United States of America,DynaGrad: A Novel Gradient Descent With Adaptive Dual Learning Rates & Momenta for Improved Optimization and Accelerated Convergence in Deep Neural Networks,SYSTEMS SOFTWARE — Third Award,,true,https://www.societyforscience.org/press-release/regeneron-isef-2024-full-awards/,age_missing
ISEF,2024,Antonia Kolb,,"King School, CT",United States of America,DETICKT IT: A Machine Learning-Based Application for Real-Time Tick Identification and Spatiotemporal Disease Risk Assessment,SYSTEMS SOFTWARE — Third Award,,true,https://www.societyforscience.org/press-release/regeneron-isef-2024-full-awards/,age_missing
ISEF,2024,Anant Khandelwal,,"Thomas Jefferson High School for Science and Technology, VA",United States of America,Diffusion-Based Conditional Mesh Synthesis for Rapid 3D Visual Design,TECHNOLOGY ENHANCES THE ARTS — First Award,,true,https://www.societyforscience.org/press-release/regeneron-isef-2024-full-awards/,age_missing
ISEF,2024,Siddhant Sood,,"Thomas Jefferson High School for Science and Technology, VA",United States of America,Diffusion-Based Conditional Mesh Synthesis for Rapid 3D Visual Design,TECHNOLOGY ENHANCES THE ARTS — First Award,,true,https://www.societyforscience.org/press-release/regeneron-isef-2024-full-awards/,age_missing
ISEF,2024,Sritan Motati,,"Thomas Jefferson High School for Science and Technology, VA",United States of America,Diffusion-Based Conditional Mesh Synthesis for Rapid 3D Visual Design,TECHNOLOGY ENHANCES THE ARTS — First Award,,true,https://www.societyforscience.org/press-release/regeneron-isef-2024-full-awards/,age_missing
ISEF,2024,Burak Sina Akbudak,,"Izmir Fen Lisesi, Bornova",Turkey,HAGU: AI-Generated Harmonically Rich Classical Guitar Pieces,TECHNOLOGY ENHANCES THE ARTS — Second Award,,true,https://www.societyforscience.org/press-release/regeneron-isef-2024-full-awards/,age_missing
ISEF,2024,Aurora Mendenhall,,"Niceville High School, FL",United States of America,International Math Sign Language (IMSL): Standardizing a “Universal Language” for the Deaf Community,TECHNOLOGY ENHANCES THE ARTS — Third Award,,true,https://www.societyforscience.org/press-release/regeneron-isef-2024-full-awards/,age_missing
ISEF,2024,Henry Huang,,"Palos Verdes Peninsula High School, CA",United States of America,Creating an Artificial Intelligence Neural Network to Critique Expressive Piano Performance,TECHNOLOGY ENHANCES THE ARTS — Third Award,,true,https://www.societyforscience.org/press-release/regeneron-isef-2024-full-awards/,age_missing
ISEF,2024,Ingrid Chan,,"German Swiss International School (Hong Kong), China",Hong Kong Special Administrative Region,MMRTD: Multi-Sensory Mixed Reality Therapy for Dementia,TRANSLATIONAL MEDICAL SCIENCE — First Award,,true,https://www.societyforscience.org/press-release/regeneron-isef-2024-full-awards/,age_missing
ISEF,2024,Zheng-Chi Lee,,"West Lafayette Junior/Senior High School, IN",United States of America,Advancing Early Detection of Kidney Cancer (Year 3): A Novel Automated Workflow for High-Throughput Proteomic Profiling of Urinary Extracellular Vesicles,TRANSLATIONAL MEDICAL SCIENCE — First Award,,true,https://www.societyforscience.org/press-release/regeneron-isef-2024-full-awards/,age_missing
ISEF,2024,Leanne Fan,,"Westview High School, CA",United States of America,Photobiomodulation on In Vivo and In Vitro Wound Models Under Simulated Microgravity for Future Space Travel,TRANSLATIONAL MEDICAL SCIENCE — Second Award,,true,https://www.societyforscience.org/press-release/regeneron-isef-2024-full-awards/,age_missing
ISEF,2024,Ashley Malkin,,"Greenwich High School, CT",United States of America,Development and in vitro Verification of a Polymersome for Blood-Brain Barrier Transport Through a Novel Machine Learning Model,TRANSLATIONAL MEDICAL SCIENCE — Second Award,,true,https://www.societyforscience.org/press-release/regeneron-isef-2024-full-awards/,age_missing
ISEF,2024,Siddharth Maruvada,,"North Carolina School of Science and Mathematics, NC",United States of America,"Design, Synthesis, and Testing of Novel Small Molecule Interleukin-6 Inhibitors for the Amelioration of Inflammatory Bowel Disease",TRANSLATIONAL MEDICAL SCIENCE — Second Award,,true,https://www.societyforscience.org/press-release/regeneron-isef-2024-full-awards/,age_missing
ISEF,2024,Aditya Ghai,,"Anglican Church Grammar School, Queensland",Australia,A Comparison of Machine Learning Models (CNN and SVM) in the Novel Supervised Image Classification Approach for the Accessible Diagnosis of Alzheimer’s Disease via Clock Drawing Tests on Mobile Phone Applications,TRANSLATIONAL MEDICAL SCIENCE — Second Award,,true,https://www.societyforscience.org/press-release/regeneron-isef-2024-full-awards/,age_missing
ISEF,2024,Maya Reddy,,"Leander High School, TX",United States of America,Selection and Preclinical Testing of DNA Aptamers as Targeted Tau Therapies: A Novel Approach to Slow the Progression of Tauopathies,TRANSLATIONAL MEDICAL SCIENCE — Third Award,,true,https://www.societyforscience.org/press-release/regeneron-isef-2024-full-awards/,age_missing
ISEF,2024,Anika Alla,,"Caddo Parish Magnet High School, LA",United States of America,Homotopic Connectivity as a Biomarker of Alzheimer’s Disease,TRANSLATIONAL MEDICAL SCIENCE — Third Award,,true,https://www.societyforscience.org/press-release/regeneron-isef-2024-full-awards/,age_missing
ISEF,2024,Anna Mohanty,,"Washington-Lee High School, VA",United States of America,Alcott: A Convolutional Neural Network to Predict Multimeric Interactions in HIV-1 Neural Infection,TRANSLATIONAL MEDICAL SCIENCE — Third Award,,true,https://www.societyforscience.org/press-release/regeneron-isef-2024-full-awards/,age_missing
ISEF,2024,Keshvee Sekhda,,"North Gwinnett High School, GA",United States of America,"IdentiCan: The App That Detects Brain, Breast, Lung, Skin, and Pancreatic Cancer",TRANSLATIONAL MEDICAL SCIENCE — Third Award,,true,https://www.societyforscience.org/press-release/regeneron-isef-2024-full-awards/,age_missing
ISEF,2024,Nyambura Sallinen,,"Lanier High School, GA",United States of America,"IdentiCan: The App That Detects Brain, Breast, Lung, Skin, and Pancreatic Cancer",TRANSLATIONAL MEDICAL SCIENCE — Third Award,,true,https://www.societyforscience.org/press-release/regeneron-isef-2024-full-awards/,age_missing
ISEF,2024,Laila Zowawi,,"Encyclopedia Of Science Schools, Riyadh",Saudi Arabia,Receptor Targeting Nanobodies: Locking the Door for All MERS-CoV Mutations as a Novel Therapeutic Approach,TRANSLATIONAL MEDICAL SCIENCE — Third Award,,true,https://www.societyforscience.org/press-release/regeneron-isef-2024-full-awards/,age_missing
ISEF,2024,Khunasin Suksri,,"The Prince Royal’s College, Chiang Mai, Thailand Patcharada Tawaditap, The Prince Royal’s College, Chiang Mai, Thailand Peerapat Wattanakit, The Prince Royal’s College, Chiang Mai",Thailand,EiPCA – A Portable Self-Screening Electrocardiographic System for Rapid Screening of Cardiovascular Diseases Using EiPCA Formula and Lead Augmentation Algorithm to Convert 1-Lead to 12-Lead ECGs,TRANSLATIONAL MEDICAL SCIENCE — Third Award,,true,https://www.societyforscience.org/press-release/regeneron-isef-2024-full-awards/,age_missing
ISEF,2024,Ethan Yan,,"Groton School, MA",United States of America,ALLocate: A Low-Cost Automatic Artificial Intelligence System for the Real-Time Localization and Classification of Acute Leukemia in Bone Marrow Smears,TRANSLATIONAL MEDICAL SCIENCE — Third Award,,true,https://www.societyforscience.org/press-release/regeneron-isef-2024-full-awards/,age_missing
ISEF,2025,Matthew Lo,,"The Haverford School, PA",United States of America,Enhancing Targeted Crop Pollination by Training Apis mellifera Using Synthetic Mimic Odors and AI-based Analysis,EUCYS — First Award,,true,https://www.societyforscience.org/press-release/regeneron-isef-2025-full-awards/,age_missing
ISEF,2025,Aakash Manaswi,,"Lake Highland Preparatory School, FL",United States of America,Evaluating the Efficacy of Novel Carbon Dioxide Spray and Pesticides Using a Convolutional Neural Network for Varroa Mite Treatment in Honey Bee Colonies,EUCYS — Second Award,,true,https://www.societyforscience.org/press-release/regeneron-isef-2025-full-awards/,age_missing
ISEF,2025,Anshul Bhatt,,"Dhirubhai Ambani International School, Maharashtra",India,PawPath: An IMU-Based Gait Detection and Disease Screening Tool for Canines,EUCYS — Second Award,,true,https://www.societyforscience.org/press-release/regeneron-isef-2025-full-awards/,age_missing
ISEF,2025,Pisit Arsirawichai,,Bangkok Christian College,Thailand,Bio-Innovative Sponge to Reduce Cannibalism Behavior for Blue Swimming Crab Conservation and Sustainable Coastal Ecosystems,EUCYS — Second Award,,true,https://www.societyforscience.org/press-release/regeneron-isef-2025-full-awards/,age_missing
ISEF,2025,Madeline Borchert,,"The Alabama School of Math and Science, AL",United States of America,Generating RNAi Pesticides to Specifically Target Invasive Species: A Case Study Examining Feasibility in the Red Fire Ant (Solenopsis invicta),EUCYS — Third Award,,true,https://www.societyforscience.org/press-release/regeneron-isef-2025-full-awards/,age_missing
ISEF,2025,Kasidet Srisuk,,"The Demonstration School of Khon Kaen University (Modindaeng), Khonkaen, Thailand Pruttachart Khongsawat, The Demonstration School of Khon Kaen University (Modindaeng), Khonkaen, Thailand Thunvarat Jaturon, The Demonstration School of Khon Kaen University (Modindaeng), Khonkaen",Thailand,An Innovative Feed Formula and Suitable Environmental Factors for Efficient Farming of Giant Water Bugs (Lethocerus indicus),EUCYS — Third Award,,true,https://www.societyforscience.org/press-release/regeneron-isef-2025-full-awards/,age_missing
ISEF,2025,Ananya Nagendra,,"Plano East Senior High School, TX",United States of America,Utilizing Ants to Mitigate MSW Landfill-Generated Methane Production Through Novel Aerobic Digester System for Anthropogenic Food Waste Decomposition,EUCYS — Third Award,,true,https://www.societyforscience.org/press-release/regeneron-isef-2025-full-awards/,age_missing
ISEF,2025,Burich Benjarattananon,,"Bangkok Christian College, Thailand Paphawin Kongkatitham, Bangkok Christian College",Thailand,Optimizing Nematode Efficiency for Precision Pest Biocontrol via Conditional Training and Formulation for Enhanced Endurance,EUCYS — Third Award,,true,https://www.societyforscience.org/press-release/regeneron-isef-2025-full-awards/,age_missing
ISEF,2025,Kittanon Mueangkaew,,"Damrongratsongkroh School, Chiangrai, Thailand Pannawit Teerananpattana, Damrongratsongkroh School, Chiangrai, Thailand Wipharat Thanawong, Damrongratsongkroh School, Chiangrai",Thailand,BeeShield: An Innovative Varroa Mite Protection Tunnel Using Bee Behaviors at the Hive Entrance and Mite Response to Formic Acid,EUCYS — Third Award,,true,https://www.societyforscience.org/press-release/regeneron-isef-2025-full-awards/,age_missing
ISEF,2025,Ameya Kharade,,"Nashua High School South, NH",United States of America,CLIMB: A Novel Framework for Unveiling Hidden Patterns in Brain Aging Dynamics Through Resting-State fMRI and Curriculum Learning,EUCYS — First Award,,true,https://www.societyforscience.org/press-release/regeneron-isef-2025-full-awards/,age_missing
ISEF,2025,Jesse Rumball-Smith,,"Wellington College, Wellington",New Zealand,Building a Better Backseat Driver – Emulating the Human Condition to Improve and Democratise Road Risk Intervention Technology,EUCYS — First Award,,true,https://www.societyforscience.org/press-release/regeneron-isef-2025-full-awards/,age_missing
ISEF,2025,Emma Huang,,"Herbert Henry Dow High School, MI",United States of America,A Novel Audio-Video Multimodal Deep Learning Model for Improved Deepfake Detection To Combat Disinformation,EUCYS — Second Award,,true,https://www.societyforscience.org/press-release/regeneron-isef-2025-full-awards/,age_missing
ISEF,2025,Louis Huang,,"Herbert Henry Dow High School, MI",United States of America,A Novel Audio-Video Multimodal Deep Learning Model for Improved Deepfake Detection To Combat Disinformation,EUCYS — Second Award,,true,https://www.societyforscience.org/press-release/regeneron-isef-2025-full-awards/,age_missing
ISEF,2025,Simran Kaur,,"Minnetonka High School, MN",United States of America,emoTune: New AI-Based Approaches to Assistive Technology for Individuals With Autism Spectrum Disorder,EUCYS — Second Award,,true,https://www.societyforscience.org/press-release/regeneron-isef-2025-full-awards/,age_missing
ISEF,2025,Ahmet Demirbas,,"Williamsville East High School, NY",United States of America,From Words to Actions: A Comprehensive Approach to Identifying Incel Behavior on Reddit,EUCYS — Second Award,,true,https://www.societyforscience.org/press-release/regeneron-isef-2025-full-awards/,age_missing
ISEF,2025,Malak Abowady,,"STEM School of Alexandria, Egypt Mariem Elkady, STEM School of Alexandria",Egypt,Nightingale: Panic Attacks Treatment,EUCYS — Second Award,,true,https://www.societyforscience.org/press-release/regeneron-isef-2025-full-awards/,age_missing
ISEF,2025,Keyaan Shah,,"Dhirubhai Ambani International School, Maharashtra, India Vanya Gupta, Fravashi International Academy, Maharashtra",India,"SoundKraft: A Gamified, Sensory-Adaptive Screening System for Geriatric Cognitive Impairment",EUCYS — Third Award,,true,https://www.societyforscience.org/press-release/regeneron-isef-2025-full-awards/,age_missing
ISEF,2025,Bersy Yonas,,"East Ridge High School, MN",United States of America,CALM-R: Creating and Optimizing the Impact of a Multisensory Mental Wellness Space in Public Schools,EUCYS — Third Award,,true,https://www.societyforscience.org/press-release/regeneron-isef-2025-full-awards/,age_missing
ISEF,2025,Aadi Mishra,,"The Waterford School, UT",United States of America,"Engaging Minds, Debunking Lies: Using Moral Foundations To Fight Misinformation",EUCYS — Third Award,,true,https://www.societyforscience.org/press-release/regeneron-isef-2025-full-awards/,age_missing
ISEF,2025,Hailey Richman,,"Plainview-Old Bethpage John F. Kennedy High School, NY",United States of America,Using a Multimodal Approach of Aromatherapy and Jigsaw Puzzles to Improve the Emotional Levels of a Geriatric Population Living With Alzheimer’s Disease (AD),EUCYS — Third Award,,true,https://www.societyforscience.org/press-release/regeneron-isef-2025-full-awards/,age_missing
ISEF,2025,Matthew Casavant,,"John Jay High School, NY",United States of America,Personalized Nature Virtual Reality (PnVR): A Novel Personalized Virtual Reality Nature Therapy via a Triple Combination Computational Software for Worldwide Mental Health Benefit,EUCYS — Third Award,,true,https://www.societyforscience.org/press-release/regeneron-isef-2025-full-awards/,age_missing
ISEF,2025,Serene Feng,,"Science Academy of South Texas, TX",United States of America,A Children’s Book About the Union-Closed Sets Conjecture,EUCYS — Third Award,,true,https://www.societyforscience.org/press-release/regeneron-isef-2025-full-awards/,age_missing
ISEF,2025,Pragathi Kasani-Akula,,"South Forsyth High School, GA",United States of America,Multi-Color Magneto-Fluorescent Nanoarchitectures for the Targeted Identification of Exosomes of Triple Negative Breast Cancer,EUCYS — First Award,,true,https://www.societyforscience.org/press-release/regeneron-isef-2025-full-awards/,age_missing
ISEF,2025,Ashka Shah,,"Jericho High School, NY",United States of America,Regulating Cancerous Hyperactive Wnt Signalling Through a Novel Gid8 Mechanism in Drosophila and Human Embryonic Kidney Cells,EUCYS — Second Award,,true,https://www.societyforscience.org/press-release/regeneron-isef-2025-full-awards/,age_missing
ISEF,2025,Rohan Bhosale,,"Carmel High School, IN",United States of America,Sustainable Biofuel Production Through Multimode Biocatalysis Using Enzymes Extracted and Concentrated From Household Waste,EUCYS — Second Award,,true,https://www.societyforscience.org/press-release/regeneron-isef-2025-full-awards/,age_missing
ISEF,2025,Angela Calvo-Chumbimuni,,"Oviedo High School, FL",United States of America,Detection of Serotonin and microRNA-1202 Using Molecularly Imprinted Polymers and Four-Way-Junction Sensor and Biosensor Toward Mental Disorder Diagnosis,EUCYS — Third Award,,true,https://www.societyforscience.org/press-release/regeneron-isef-2025-full-awards/,age_missing
ISEF,2025,Melina Kumar,,"Clear Lake High School, TX",United States of America,One Blood Drop to New Hope: A Novel Test Method To Improve Fertility Assessment,EUCYS — Third Award,,true,https://www.societyforscience.org/press-release/regeneron-isef-2025-full-awards/,age_missing
ISEF,2025,Mythili Kota,,"Dr. Ronald E. McNair Academic High School, NJ",United States of America,Engineering a Novel Electrochemical Biosensor Using a Self-Healing ZnO Quantum Dot Matrix and MIP Technology for Lysozyme Detection,EUCYS — Third Award,,true,https://www.societyforscience.org/press-release/regeneron-isef-2025-full-awards/,age_missing
ISEF,2025,Uma Sthanu,,"Westwood High School, TX",United States of America,Paving the Path to the Impossible: Regenerating Neurons Using Prostaglandin E2 Regulation as a Therapeutic Strategy,EUCYS — First Award,,true,https://www.societyforscience.org/press-release/regeneron-isef-2025-full-awards/,age_missing
ISEF,2025,Edward Kang,,"Bergen County Academies, NJ",United States of America,In vitro and in silico Retinal Models of Neurodevelopmental Disorders,EUCYS — First Award,,true,https://www.societyforscience.org/press-release/regeneron-isef-2025-full-awards/,age_missing
ISEF,2025,Rashmi Basu,,"Keystone School, TX",United States of America,Assembling Multifunctional Drug Capsules From Safe and Accessible Materials for Selective Cancer Treatment and Diagnosis: Synergizing Fluorescent and Iron-Based Magnetic Therapy,EUCYS — Second Award,,true,https://www.societyforscience.org/press-release/regeneron-isef-2025-full-awards/,age_missing
ISEF,2025,Lula Wang,,"Greenwich High School, CT",United States of America,"Lipid-Based Codelivery of Doxorubicin and siRNA PD-L1, as a Multi-function Chemo-Immunotherapy, Selective to Pancreatic Cancer via Its MUC1 Overexpression",EUCYS — Second Award,,true,https://www.societyforscience.org/press-release/regeneron-isef-2025-full-awards/,age_missing
ISEF,2025,Joshua Wu,,"Dublin High School, CA",United States of America,Molecular Arsonists: Degrading Oncogenic Transcription Factors to Reverse Tumor Cell Immortality,EUCYS — Second Award,,true,https://www.societyforscience.org/press-release/regeneron-isef-2025-full-awards/,age_missing
ISEF,2025,Pranav Reddy,,"St. Andrew’s Episcopal School, MS",United States of America,"The Role of Bacterial Cellulose in Advancing Regenerative Medicine Through Enhanced Healing, Infection Management, and Tissue Engineering",EUCYS — Second Award,,true,https://www.societyforscience.org/press-release/regeneron-isef-2025-full-awards/,age_missing
ISEF,2025,Richard Xu,,"New Hartford Senior High School, NY",United States of America,SARS-CoV-2 Spike Protein Interacts With the KCNA5 Potassium Channel: Potential Implications for Cardiac Ion Function and Arrhythmic Risk,EUCYS — Second Award,,true,https://www.societyforscience.org/press-release/regeneron-isef-2025-full-awards/,age_missing
ISEF,2025,Anand George,,"University School of Milwaukee, WI",United States of America,Combining Single Cell RNA Sequencing With Functional Analysis: An Analytic Pipeline to Optimize Selection of CAR T Cell Therapy vs. BiTEs,EUCYS — Third Award,,true,https://www.societyforscience.org/press-release/regeneron-isef-2025-full-awards/,age_missing
ISEF,2025,Ava Cummings,,"North Carolina School of Science and Mathematics, NC",United States of America,Musculoskeletal Effects of Tirasemtiv and Urtica dioica on Dstac Gene Knockdown in Drosophila melanogaster: Applications Towards STAC3 Disorder (Native American Myopathy),EUCYS — Third Award,,true,https://www.societyforscience.org/press-release/regeneron-isef-2025-full-awards/,age_missing
ISEF,2025,Anushka Sable,,"Chamblee Charter High School, GA",United States of America,‘Plasticoma’: A Bioengineered Platform to Study the Microplastic Pollution-Induced Cellular Pathologies and Discover Therapeutic Interventions,EUCYS — Third Award,,true,https://www.societyforscience.org/press-release/regeneron-isef-2025-full-awards/,age_missing
ISEF,2025,Aaron Weinberg,,"The Masters School, NY",United States of America,S107 Mitigates RyR2-Mediated Cardiac Dysfunction in COVID-19-Infected Rodents,EUCYS — Third Award,,true,https://www.societyforscience.org/press-release/regeneron-isef-2025-full-awards/,age_missing
ISEF,2025,Anna Tringale,,"North Carolina School of Science and Mathematics, NC",United States of America,"Investigating the Influence of Coal Ash Heavy Metal Leachate on Thyroid Hormone Concentration, Hormone Receptor Gene Expression and Spectral Sensitivity in Danio rerio",EUCYS — Third Award,,true,https://www.societyforscience.org/press-release/regeneron-isef-2025-full-awards/,age_missing
ISEF,2025,Evan Xiang,,"Shady Side Academy, PA",United States of America,A Newly Identified Chromatin Remodeling Pathway in the Lens Enables a Proof-of-Concept Gene Therapy for Posterior Capsule Opacification,EUCYS — Third Award,,true,https://www.societyforscience.org/press-release/regeneron-isef-2025-full-awards/,age_missing
ISEF,2025,Agastya Sarmah,,"Sharon High School, MA",United States of America,Demographic and Genetic Insights Into ARID1A Mutations in Hepatocellular Carcinoma: Implications for Prognosis and Treatment,EUCYS — Third Award,,true,https://www.societyforscience.org/press-release/regeneron-isef-2025-full-awards/,age_missing
ISEF,2025,Chanyoung Kim,,"Marcus High School, TX",United States of America,"NeuroFlex: A Cost-Effective, Non-Invasive EEG-Controlled Bionic Prosthesis for Transfemoral Amputees",EUCYS — First Award,,true,https://www.societyforscience.org/press-release/regeneron-isef-2025-full-awards/,age_missing
ISEF,2025,Eeshaan Dev Prashanth,,"Marcus High School, TX",United States of America,"NeuroFlex: A Cost-Effective, Non-Invasive EEG-Controlled Bionic Prosthesis for Transfemoral Amputees",EUCYS — First Award,,true,https://www.societyforscience.org/press-release/regeneron-isef-2025-full-awards/,age_missing
ISEF,2025,Samuel Skotnikov,,"Marcus High School, TX",United States of America,"NeuroFlex: A Cost-Effective, Non-Invasive EEG-Controlled Bionic Prosthesis for Transfemoral Amputees",EUCYS — First Award,,true,https://www.societyforscience.org/press-release/regeneron-isef-2025-full-awards/,age_missing
ISEF,2025,Ethan Yan,,"Groton School, MA",United States of America,Empowering Low-Resource Settings With RetinAI: An AI System With a Wearable Headset and Retinal Imaging for Eye Tumor Home-Screening,EUCYS — First Award,,true,https://www.societyforscience.org/press-release/regeneron-isef-2025-full-awards/,age_missing
ISEF,2025,Kayley Xu,,"The Bishop’s School, CA",United States of America,Wearable Stethoscope Array for Cardiopulmonary Sound Localization and Interference Suppression Using Beamforming,EUCYS — Second Award,,true,https://www.societyforscience.org/press-release/regeneron-isef-2025-full-awards/,age_missing
ISEF,2025,Tarun Malarvasan,,"Urbana High School, MD",United States of America,Bi-Stable Auxetic Stent for Enhanced Vascular Conformability Using Machine Learning and Finite Element Analysis,EUCYS — Second Award,,true,https://www.societyforscience.org/press-release/regeneron-isef-2025-full-awards/,age_missing
ISEF,2025,Jamie Cheng,,"Green Level High School, NC",United States of America,VAMPIRE: Vital Anti-Aging MiRNAs To Promote Induced Regeneration,EUCYS — Second Award,,true,https://www.societyforscience.org/press-release/regeneron-isef-2025-full-awards/,age_missing
ISEF,2025,Benjamin Lothamer,,"Mid-Prairie Home School Education Center, IA",United States of America,Design and Development of an Adaptable Gear-Based Upper Limb Prosthesis Using Additive Manufacturing and a Novel Visco-Elastic Material,EUCYS — Second Award,,true,https://www.societyforscience.org/press-release/regeneron-isef-2025-full-awards/,age_missing
ISEF,2025,Emma Zhang,,"Williamsville North High School, NY",United States of America,The Future of Breast Cancer Screening: AI-Based Photoacoustic Imaging,EUCYS — Second Award,,true,https://www.societyforscience.org/press-release/regeneron-isef-2025-full-awards/,age_missing
ISEF,2025,Julia Maksimowicz,,"Princess Anna Jablonowska nee Sapieha II High School, Podlaskie",Poland,Therapiez: A Piezoelectric System in a Wearable Medical Device for Accelerated Wound Healing Therapy,EUCYS — Third Award,,true,https://www.societyforscience.org/press-release/regeneron-isef-2025-full-awards/,age_missing
ISEF,2025,Akash Pai,,"Sunset High School, OR",United States of America,"An Ingestible, Self-Propelling, Electroceutical Device With Electroenterogram and Electrical Stimulation Capabilities for Noninvasive Management of Small Intestinal Dysmotility",EUCYS — Third Award,,true,https://www.societyforscience.org/press-release/regeneron-isef-2025-full-awards/,age_missing
ISEF,2025,Francesco Hamilton,,"Academic Magnet High School, SC",United States of America,VADAM: VOC Analyte Diagnostic Aid Machine,EUCYS — Third Award,,true,https://www.societyforscience.org/press-release/regeneron-isef-2025-full-awards/,age_missing
ISEF,2025,Kaavya Tatavarty,,"Henry M. Gunn High School, CA",United States of America,Personalized Cloud-Based sEMG-to-Haptic System to Enable Long-Distance Communication for Usher Syndrome,EUCYS — Third Award,,true,https://www.societyforscience.org/press-release/regeneron-isef-2025-full-awards/,age_missing
ISEF,2025,Benson Huang,,"Half Hollow Hills High School West, NY",United States of America,Using Changes in Bioimpedance Values to Infer Applied Force for Tissue-Specific Force-Sensing During Minimally Invasive Robotic Surgery,EUCYS — Third Award,,true,https://www.societyforscience.org/press-release/regeneron-isef-2025-full-awards/,age_missing
ISEF,2025,Brad Wu,,"Arizona College Prep High School, AZ",United States of America,A Novel Brain-Driven Forearm Exoskeleton With Adaptive Neuroregulation-Based Feedback for Subacute and Chronic Stroke Rehabilitation,EUCYS — Third Award,,true,https://www.societyforscience.org/press-release/regeneron-isef-2025-full-awards/,age_missing
ISEF,2025,An Pham,,"HUS High School for Gifted Student, Viet Nam Khue Nguyen, HUS High School for Gifted Student",Viet Nam,Deep-Learning Based Solution for Male Reproductive Health Self-Evaluation at Home,EUCYS — Third Award,,true,https://www.societyforscience.org/press-release/regeneron-isef-2025-full-awards/,age_missing
ISEF,2025,Lilly Horowitz,,"Jericho High School, NY",United States of America,The Effect of Histone Modifications Induced by Ack sRNAs on Ac Transposable Elements,EUCYS — First Award,,true,https://www.societyforscience.org/press-release/regeneron-isef-2025-full-awards/,age_missing
ISEF,2025,Serena Zhang,,"William G. Enloe High School, NC",United States of America,Design and in silico Validation of a Novel Fc-fusion Protein for the Treatment of Myasthenia Gravis,EUCYS — Second Award,,true,https://www.societyforscience.org/press-release/regeneron-isef-2025-full-awards/,age_missing
ISEF,2025,Alan Alwakeel,,"Stanton College Preparatory School, FL",United States of America,The Virtual Cell: Revolutionizing Personalized Cancer Treatment Through AI-Powered Simulation,EUCYS — Second Award,,true,https://www.societyforscience.org/press-release/regeneron-isef-2025-full-awards/,age_missing
ISEF,2025,Evan Morris,,"Saint Paul Academy and Summit School, MN",United States of America,"A Scalable, Cost-Effective and Noninvasive Optogenetic Platform for Probing Synaptic Plasticity in Neurodegenerative Disease Research",EUCYS — Second Award,,true,https://www.societyforscience.org/press-release/regeneron-isef-2025-full-awards/,age_missing
ISEF,2025,Kian Sanchez,,"University Laboratory School, HI",United States of America,"Exploring Marine-Derived Extracts as Ethical, Sustainable, and Cost-Effective Fetal Bovine Serum (FBS) Substitutes",EUCYS — Third Award,,true,https://www.societyforscience.org/press-release/regeneron-isef-2025-full-awards/,age_missing
ISEF,2025,Lara Hammoud,,"Detroit Country Day School, MI",United States of America,"Decoding ASXL3: A Novel Predictor of the Spectrum, Onset, and Treatment for Neurodevelopmental Disorders",EUCYS — Third Award,,true,https://www.societyforscience.org/press-release/regeneron-isef-2025-full-awards/,age_missing
ISEF,2025,Maya Hammoud,,"Detroit Country Day School, MI",United States of America,"Decoding ASXL3: A Novel Predictor of the Spectrum, Onset, and Treatment for Neurodevelopmental Disorders",EUCYS — Third Award,,true,https://www.societyforscience.org/press-release/regeneron-isef-2025-full-awards/,age_missing
ISEF,2025,Kevin Gong,,"Briarcliff High School, NY",United States of America,Exploration of ACVR1’s Signaling Mechanisms in Relation to Fibrodysplasia Ossificans Progressiva (FOP) Using ACVR1/ACVR1B Chimera Receptors,EUCYS — Third Award,,true,https://www.societyforscience.org/press-release/regeneron-isef-2025-full-awards/,age_missing
ISEF,2025,Sofia Magalhaes,,"Ossining High School, NY",United States of America,Region-Specific Maintenance of the Blood Brain Barrier by Astrocytes: Implications for Involvement in Selective Vulnerability to Alzheimer’s Disease,EUCYS — Third Award,,true,https://www.societyforscience.org/press-release/regeneron-isef-2025-full-awards/,age_missing
ISEF,2025,Adam Kovalcik,,"Gymnazium Nove Zamky, Nitra",Slovakia,"Novel Design and Total Synthesis of Aza-C-Nucleosides From Furfuryl Alcohol, the Key to Fighting RNA Viral Diseases",EUCYS — First Award,,true,https://www.societyforscience.org/press-release/regeneron-isef-2025-full-awards/,age_missing
ISEF,2025,Elliott Slaughter,,"Texas Academy of Mathematics and Science, TX",United States of America,Devising Metal-Organic Framework Technology for Scalable Direct Air Capture of CO2,EUCYS — Second Award,,true,https://www.societyforscience.org/press-release/regeneron-isef-2025-full-awards/,age_missing
ISEF,2025,Isabel Gonzalez,,"Manhasset High School, NY",United States of America,Ag-TiO2@HNT Photocatalytic Composites for Highly Efficient and Eco-Friendly Organic Pollutant Degradation,EUCYS — Second Award,,true,https://www.societyforscience.org/press-release/regeneron-isef-2025-full-awards/,age_missing
ISEF,2025,Lucienne Keyoung,,"Manhasset High School, NY",United States of America,Ag-TiO2@HNT Photocatalytic Composites for Highly Efficient and Eco-Friendly Organic Pollutant Degradation,EUCYS — Second Award,,true,https://www.societyforscience.org/press-release/regeneron-isef-2025-full-awards/,age_missing
ISEF,2025,Phuong Do,,"Viet Duc Upper Secondary School, Viet Nam Thai Nguyen, Viet Duc Upper Secondary School",Viet Nam,High-Performance Oxidizing Materials: Lithium Vanadium Oxide for Environmental Treatment Applications,EUCYS — Second Award,,true,https://www.societyforscience.org/press-release/regeneron-isef-2025-full-awards/,age_missing
ISEF,2025,Isabelle Aduna,,Wellington Girls’ College,New Zealand,Power-Up With Produce: Repurposing Produce Loss to Develop Eco-Friendly Dye-Sensitized Solar Cells,EUCYS — Third Award,,true,https://www.societyforscience.org/press-release/regeneron-isef-2025-full-awards/,age_missing
ISEF,2025,Prachi Natoo,,"College Park High School, TX",United States of America,Improving Alkaline Electrolyzers: The Role of Forced Convection in Hydrogen Generation,EUCYS — Third Award,,true,https://www.societyforscience.org/press-release/regeneron-isef-2025-full-awards/,age_missing
ISEF,2025,Tyler Clair,,"Minnetonka High School, MN",United States of America,Silver Nanoparticles From Food Waste: An Innovative Green Synthesis to Remove Synthetic Dyes for Novel Applications in Water Treatment,EUCYS — Third Award,,true,https://www.societyforscience.org/press-release/regeneron-isef-2025-full-awards/,age_missing
ISEF,2025,Clare Lee,,"Cary Academy, NC",United States of America,"Non-Adiabatic Nanoreactor (NANR): A Novel Tool for in silico Photoreaction Discovery Applied to Woodward Hoffmann Ring Opening of Cis/Trans-3,4-Dimethylcyclobutene",EUCYS — Third Award,,true,https://www.societyforscience.org/press-release/regeneron-isef-2025-full-awards/,age_missing
ISEF,2025,Qianheng Xu,,"Millburn High School, NJ",United States of America,StutterZero: End-to-End Speech Conversion to Transcribe and Correct Stutters,EUCYS — First Award,,true,https://www.societyforscience.org/press-release/regeneron-isef-2025-full-awards/,age_missing
ISEF,2025,Arnav Sharma,,"International Academy, MI",United States of America,The Novel Role of KRT Proteins as Biomarkers in the Dysregulated Neuroendocrine System of ALS for Early Diagnosis With PT150 as a Novel Multi-Target Neuroprotective Therapeutic,EUCYS — First Award,,true,https://www.societyforscience.org/press-release/regeneron-isef-2025-full-awards/,age_missing
ISEF,2025,Aryav Das,,"Park Tudor School, IN",United States of America,The Novel Role of KRT Proteins as Biomarkers in the Dysregulated Neuroendocrine System of ALS for Early Diagnosis With PT150 as a Novel Multi-Target Neuroprotective Therapeutic,EUCYS — First Award,,true,https://www.societyforscience.org/press-release/regeneron-isef-2025-full-awards/,age_missing
ISEF,2025,Samarth Dunakhe,,"Arizona College Prep High School, AZ",United States of America,The Novel Role of KRT Proteins as Biomarkers in the Dysregulated Neuroendocrine System of ALS for Early Diagnosis With PT150 as a Novel Multi-Target Neuroprotective Therapeutic,EUCYS — First Award,,true,https://www.societyforscience.org/press-release/regeneron-isef-2025-full-awards/,age_missing
ISEF,2025,Erin Wong,,"William A. Shine Great Neck South High School, NY",United States of America,StAIR: Stepwise All-Atom Iterative Reconstruction of Large Coarse-Grained Protein Structures,EUCYS — Second Award,,true,https://www.societyforscience.org/press-release/regeneron-isef-2025-full-awards/,age_missing
ISEF,2025,Saanvi Gudisay,,"Dublin High School, CA",United States of America,Allosteric Regulation of Ectopically Expressed Olfactory Receptors in Tumor Cells: Ligand-Receptor Topology and Deep Learning-Assisted Drug Discovery,EUCYS — Second Award,,true,https://www.societyforscience.org/press-release/regeneron-isef-2025-full-awards/,age_missing
ISEF,2025,Shivansh Bansal,,"Dublin High School, CA",United States of America,Allosteric Regulation of Ectopically Expressed Olfactory Receptors in Tumor Cells: Ligand-Receptor Topology and Deep Learning-Assisted Drug Discovery,EUCYS — Second Award,,true,https://www.societyforscience.org/press-release/regeneron-isef-2025-full-awards/,age_missing
ISEF,2025,William Wakefield,,"Pine Crest School, FL",United States of America,Variational Autoencoder Latent Space as a Robust Clinical Classification Tool for Neurodegenerative Diseases,EUCYS — Second Award,,true,https://www.societyforscience.org/press-release/regeneron-isef-2025-full-awards/,age_missing
ISEF,2025,Aditya Lakshminarasimhan,,"BASIS Scottsdale, AZ",United States of America,Modeling Bird Flu Mutation Patterns and Cross-Species Transmission Using Sequence Analysis and a Novel Contrastive Learning and Influence-tree Graph Attention Network (CLIGAT),EUCYS — Second Award,,true,https://www.societyforscience.org/press-release/regeneron-isef-2025-full-awards/,age_missing
ISEF,2025,Leonard Walletzky,,"Gymnazium Matyase Lercha, Moravia",Czech Republic,Above and Beyond the Autism of Today: Exploring a Retroelement Regulatory Hypothesis in Autism Spectrum Disorder,EUCYS — Third Award,,true,https://www.societyforscience.org/press-release/regeneron-isef-2025-full-awards/,age_missing
ISEF,2025,Arpit Ramani,,"Wheeler High School, GA",United States of America,Ferromilab: Quantum Molecular Dynamics-Derived Biclonal Antibodies Modulating Hepcidin-Ferroportin Interfaces to Mitigate Iron Dysregulation and Ferroptosis in Alzheimer’s Disease,EUCYS — Third Award,,true,https://www.societyforscience.org/press-release/regeneron-isef-2025-full-awards/,age_missing
ISEF,2025,Sonali Santhosh,,"Hanford High School, WA",United States of America,Cracking the Seizure Code: A Deep Learning Approach to Neonatal Seizure Detection Utilizing Hybrid Architecture for Multi-Scale EEG Analysis,EUCYS — Third Award,,true,https://www.societyforscience.org/press-release/regeneron-isef-2025-full-awards/,age_missing
ISEF,2025,Nidhi Yadalam,,"Jesuit High School, OR",United States of America,Spatial Transcriptomics and Adaptive Multi-Modal Encoding: A Novel Approach to Early Metastasis Profiling and Therapeutic Targeting Treatment,EUCYS — Third Award,,true,https://www.societyforscience.org/press-release/regeneron-isef-2025-full-awards/,age_missing
ISEF,2025,Claire Xu,,"The Harker School, CA",United States of America,Non-Invasive Blood-Based Early Alzheimer’s Detection Using Sex-Specific Brain-Blood Graph Reinforcement Learning,EUCYS — Third Award,,true,https://www.societyforscience.org/press-release/regeneron-isef-2025-full-awards/,age_missing
ISEF,2025,Clay Nicholson,,"Champlain Valley Union High School, VT",United States of America,The Development of a U-Net Model for Pancreatic Tumor Segmentation in Computed Tomography Scans,EUCYS — Third Award,,true,https://www.societyforscience.org/press-release/regeneron-isef-2025-full-awards/,age_missing
ISEF,2025,Claire Kim,,"Lamar Academy, TX",United States of America,AI Driven Drug Discovery: Designing Cancer Inhibiting Molecules With Genetic Algorithm,EUCYS — Third Award,,true,https://www.societyforscience.org/press-release/regeneron-isef-2025-full-awards/,age_missing
ISEF,2025,Miriam Haddad,,"Saginaw Arts and Sciences Academy, MI",United States of America,Optimizing Aquatic Oil Spill Clean Up: Oil Viscosity and Ferrofluid Composition,EUCYS — First Award,,true,https://www.societyforscience.org/press-release/regeneron-isef-2025-full-awards/,age_missing
ISEF,2025,Lakshmi Agrawal,,"Stanford Online High School, WA",United States of America,A Novel Method of Water Purification: Optimizing Foam Fractionation for Effective Broad-Spectrum Removal of DBP Precursors in Chlorinated Drinking Water,EUCYS — First Award,,true,https://www.societyforscience.org/press-release/regeneron-isef-2025-full-awards/,age_missing
ISEF,2025,Kailee Webster,,"Vero Beach High School, FL",United States of America,Quantifying Caffeine as an Anthropogenic Biomarker for Septic Tank Contamination in Queens Cove Using HPLC and GIS Integration,EUCYS — Second Award,,true,https://www.societyforscience.org/press-release/regeneron-isef-2025-full-awards/,age_missing
ISEF,2025,Tristan Pasquale,,"Wiregrass Ranch High School, FL",United States of America,MycoCast: Developing an Agent-Based Model for Mycorrhizal Network Connectivity Under Changing Environmental Conditions,EUCYS — Second Award,,true,https://www.societyforscience.org/press-release/regeneron-isef-2025-full-awards/,age_missing
ISEF,2025,Jeannik Littlefield,,"Hawaii Preparatory Academy, HI",United States of America,Flow Matters: How a Coral Can Divert Currents and Suffocate Corals Nearby,EUCYS — Second Award,,true,https://www.societyforscience.org/press-release/regeneron-isef-2025-full-awards/,age_missing
ISEF,2025,Kevin Zhang,,"North Hunterdon High School, NJ",United States of America,"Put AI-LyD On It! An AI-Driven Systematic Approach to Understanding, Predicting, and Controlling Spotted Lanternfly Proliferation Through Behavioral Analysis",EUCYS — Second Award,,true,https://www.societyforscience.org/press-release/regeneron-isef-2025-full-awards/,age_missing
ISEF,2025,Cathy Zhang,,"James Ruse Agricultural High School, NSW",Australia,Solving the Sulfur Problem: Box Modelling Sulfur Transfer on Mars Using Earth as a Geochemical Analogue,EUCYS — Third Award,,true,https://www.societyforscience.org/press-release/regeneron-isef-2025-full-awards/,age_missing
ISEF,2025,Sahil Gupta,,"Mamaroneck High School, NY",United States of America,An Assemblage of Woodpeckers as an Indicator Species of Fire Intensity Using Fuel Loads as an Intermediary,EUCYS — Third Award,,true,https://www.societyforscience.org/press-release/regeneron-isef-2025-full-awards/,age_missing
ISEF,2025,Hazel Campbell,,"Pacific Collegiate School, CA",United States of America,Nature-Based Erosion Prevention Field Data and Modeling of Drag Force on Giant Kelp Under Winter Swell,EUCYS — Third Award,,true,https://www.societyforscience.org/press-release/regeneron-isef-2025-full-awards/,age_missing
ISEF,2025,Srihaan Seelam,,"Horace Greeley High School, NY",United States of America,CorAI: Predicting Coral Bleaching Using Artificial Intelligence and Machine Learning,EUCYS — Third Award,,true,https://www.societyforscience.org/press-release/regeneron-isef-2025-full-awards/,age_missing
ISEF,2025,Tanvir Mundra,,"St. John’s School, British Columbia",Canada,"Saponin Surfactants: Novel Extraction of Environment Friendly Natural Saponins, and Their Effect on Bacterial Inhibition and Plant Histology",EUCYS — Third Award,,true,https://www.societyforscience.org/press-release/regeneron-isef-2025-full-awards/,age_missing
ISEF,2025,Cooper Grotzinger Frerichs,,"Shawnee Mission South High School, KS",United States of America,The Combinatorial Effects of “Forever Chemicals” on C. elegans Development and Behavior,EUCYS — Third Award,,true,https://www.societyforscience.org/press-release/regeneron-isef-2025-full-awards/,age_missing
ISEF,2025,Maya Trutschl,,"Caddo Parish Magnet High School, LA",United States of America,"Development of a Novel Solution for Mitigation of Debilitating Decubitus (Pressure) Ulcers, Year Two",EUCYS — First Award,,true,https://www.societyforscience.org/press-release/regeneron-isef-2025-full-awards/,age_missing
ISEF,2025,Ryan Honary,,"Newport Harbor High School, CA",United States of America,An AI-Driven Thermodynamics Based IOT Sensor Network for the Ultra-Early Detection of Wildfires Without Line of Sight View of Fire,EUCYS — Second Award,,true,https://www.societyforscience.org/press-release/regeneron-isef-2025-full-awards/,age_missing
ISEF,2025,Armaan Gomes,,"Homestead High School, CA",United States of America,Direct Pulse-Density-Modulated Bitstream Operators for Efficient Beamforming With Large Sensor Arrays,EUCYS — Second Award,,true,https://www.societyforscience.org/press-release/regeneron-isef-2025-full-awards/,age_missing
ISEF,2025,Ramiru Wijayasiriwardhane,,"Ananda College, Western",Sri Lanka,Really Autonomous Irrigation Network,EUCYS — Third Award,,true,https://www.societyforscience.org/press-release/regeneron-isef-2025-full-awards/,age_missing
ISEF,2025,Frank Lucci,,"BASIS San Antonio Shavano Campus, TX",United States of America,"SubArc: An Inexpensive, High Resolution, Open Source, Absolute Magnetic Rotary Encoder",EUCYS — Third Award,,true,https://www.societyforscience.org/press-release/regeneron-isef-2025-full-awards/,age_missing
ISEF,2025,Ansh Malhotra,,"Thomas Jefferson High School for Science and Technology, VA",United States of America,"BrailleSense: A Modular, Low-Cost Solution for Accessible Braille Displays",EUCYS — Third Award,,true,https://www.societyforscience.org/press-release/regeneron-isef-2025-full-awards/,age_missing
ISEF,2025,Anush Devkar,,"Thomas Jefferson High School for Science and Technology, VA",United States of America,"BrailleSense: A Modular, Low-Cost Solution for Accessible Braille Displays",EUCYS — Third Award,,true,https://www.societyforscience.org/press-release/regeneron-isef-2025-full-awards/,age_missing
ISEF,2025,David Safrata,,"Gymnazium Evolution, Czech Republic Jan Safrata, Gymnazium Evolution",Czech Republic,Development of Assistive Technologies for the Visually Impaired Using AI,EUCYS — Third Award,,true,https://www.societyforscience.org/press-release/regeneron-isef-2025-full-awards/,age_missing
ISEF,2025,Oliver Wang,,"Thomas Jefferson High School for Science and Technology, VA",United States of America,"A Hybrid Hydrogel-Heat Sink for Enhancing GPU Performance, Solar Panel Efficiency, and Electric Vehicle Range",EUCYS — First Award,,true,https://www.societyforscience.org/press-release/regeneron-isef-2025-full-awards/,age_missing
ISEF,2025,Anish Anand,,"Palos Verdes Peninsula High School, CA",United States of America,A Novel Wireless Charging System for IMDs Using 2.4GHz EM Waves,EUCYS — Second Award,,true,https://www.societyforscience.org/press-release/regeneron-isef-2025-full-awards/,age_missing
ISEF,2025,Cho Fung Woody Tai,,"The Chinese Foundation Secondary School, China, Hong Kong Special Administrative Region Tanliang Ge, The Chinese Foundation Secondary School, China",Hong Kong Special Administrative Region,Dual Functional Catalyst for Green Hydrogen Production,EUCYS — Second Award,,true,https://www.societyforscience.org/press-release/regeneron-isef-2025-full-awards/,age_missing
ISEF,2025,Mariam Almohaish,,"Alkifah Academy, Eastern Province, Ahsaa",Saudi Arabia,Hydrogen Safety Through Advanced Gas Chromic Coatings for Leak Detection in Next- Generation Storage and Transportation Infrastructure,EUCYS — Second Award,,true,https://www.societyforscience.org/press-release/regeneron-isef-2025-full-awards/,age_missing
ISEF,2025,Ryan Tae,,"Jericho High School, NY",United States of America,Optimizing Silicon Anodes: Investigating Ultra-High Carboxyl Density Binders,EUCYS — Third Award,,true,https://www.societyforscience.org/press-release/regeneron-isef-2025-full-awards/,age_missing
ISEF,2025,Thomas Sparling,,"Oakton High School, VA",United States of America,"Micro Closed-Loop, Pumped, Hydro-Power System Turbine Assessment",EUCYS — Third Award,,true,https://www.societyforscience.org/press-release/regeneron-isef-2025-full-awards/,age_missing
ISEF,2025,Akshara Srinivas,,"Eastlake High School, WA",United States of America,Improving Vertical Axis Wind Turbine Efficiency by Integrating Hammerhead Shark Hydrodynamic Features Into the NACA0015 Blade Design,EUCYS — Third Award,,true,https://www.societyforscience.org/press-release/regeneron-isef-2025-full-awards/,age_missing
ISEF,2025,Jomanah Belal,,"Al-Hussan Modern National School for Girls – Al-Jubail, Eastern Province",Saudi Arabia,Synergistic HI and Ag Doping Strategies for Efficient Lead-Free Perovskites in Indoor Photovoltaics,EUCYS — Third Award,,true,https://www.societyforscience.org/press-release/regeneron-isef-2025-full-awards/,age_missing
ISEF,2025,Benjamin Davis,,"Bishop Feehan High School, MA",United States of America,From Crude to Extrude: A Novel Approach to Combining Pultrusion and Extrusion Technologies Into a Single Filament Production System to Recycle PET Bottle Waste and 3D Printing Purge Materials Into Additive Manufacturing Filament,EUCYS — First Award,,true,https://www.societyforscience.org/press-release/regeneron-isef-2025-full-awards/,age_missing
ISEF,2025,Akos Vida,,Korosi Csoma Sandor Bilingual Baptist High School,Hungary,Modulating Z-Axis Movement to Increase the Layer Adhesion of 3D Printed Parts,EUCYS — Second Award,,true,https://www.societyforscience.org/press-release/regeneron-isef-2025-full-awards/,age_missing
ISEF,2025,Ruihan Zhao,,"BASIS International School Hangzhou, ZheJiang, China Yuyang Lin, BASIS International School Hangzhou, ZheJiang",China,"A Fully Self-Developed and Completely Open-Sourced, Affordable Rocket Module Featuring an Interchangeable Secondary System for Versatile Mission Adaptability",EUCYS — Second Award,,true,https://www.societyforscience.org/press-release/regeneron-isef-2025-full-awards/,age_missing
ISEF,2025,Jingxuan Zhou,,"Northfield Mount Hermon School, MA",United States of America,SkyProbe: A Thrust Vectoring UAV for Enhanced Contact-Based Inspection Performance in Windy Conditions,EUCYS — Second Award,,true,https://www.societyforscience.org/press-release/regeneron-isef-2025-full-awards/,age_missing
ISEF,2025,Suhani Sharma,,"Delhi Public School, Chandigarh",India,Hinged Threading: A Novel Method to Deploy Convex Polyhedral Nets,EUCYS — Third Award,,true,https://www.societyforscience.org/press-release/regeneron-isef-2025-full-awards/,age_missing
ISEF,2025,Ryan Xu,,"Plano West Senior High School, TX",United States of America,ASCEND: Autonomous Structure Construction With Novel Agent Swarms,EUCYS — Third Award,,true,https://www.societyforscience.org/press-release/regeneron-isef-2025-full-awards/,age_missing
ISEF,2025,Chon Man Tam,,"Instituto Salesiano, Macao, China, Macao Special Administrative Region Seng Chon Chang, Instituto Salesiano, Macao, China",Macao Special Administrative Region,"A Bio-inspired, Flexible, and Retractable Robotic Tail Exoskeleton",EUCYS — Third Award,,true,https://www.societyforscience.org/press-release/regeneron-isef-2025-full-awards/,age_missing
ISEF,2025,Asa Gangjee,,"Saint John’s School, TX",United States of America,Revolutionizing Rocket Propulsion: Development of a 3D-Printed Regeneratively Cooled Aerospike Nozzle for Extended Burn Propulsion,EUCYS — Third Award,,true,https://www.societyforscience.org/press-release/regeneron-isef-2025-full-awards/,age_missing
ISEF,2025,Suman Muppavarapu,,"Saint John’s School, TX",United States of America,Revolutionizing Rocket Propulsion: Development of a 3D-Printed Regeneratively Cooled Aerospike Nozzle for Extended Burn Propulsion,EUCYS — Third Award,,true,https://www.societyforscience.org/press-release/regeneron-isef-2025-full-awards/,age_missing
ISEF,2025,Erim Ozcan,,"The Potomac School, VA",United States of America,Parametric Optimization and Discovery of a Low-Noise Toroidal Quadrotor Propeller With a Leading Blade Segment Height Offset for Responsible Wildlife Research,EUCYS — Third Award,,true,https://www.societyforscience.org/press-release/regeneron-isef-2025-full-awards/,age_missing
ISEF,2025,XinYan Chen,,Shanghai High School International Division,China,A Digital and Portable Integrated Apparatus for Dynamic Monitoring and Highly Efficient Catalysis of Trace Formaldehyde Using Fe-Based TiO2 Single-nanoparticle Photocatalyst,EUCYS — First Award,,true,https://www.societyforscience.org/press-release/regeneron-isef-2025-full-awards/,age_missing
ISEF,2025,Bennett Huang,,"Langley High School, VA",United States of America,"Integrating AI-Guided Robotics, Mathematical Optimization, and GAN-Based Crop Analysis for Precision Methyl Jasmonate Pest Control in Autonomous Smart Agriculture",EUCYS — First Award,,true,https://www.societyforscience.org/press-release/regeneron-isef-2025-full-awards/,age_missing
ISEF,2025,Jason Pan,,"Langley High School, VA",United States of America,"Integrating AI-Guided Robotics, Mathematical Optimization, and GAN-Based Crop Analysis for Precision Methyl Jasmonate Pest Control in Autonomous Smart Agriculture",EUCYS — First Award,,true,https://www.societyforscience.org/press-release/regeneron-isef-2025-full-awards/,age_missing
ISEF,2025,Sharanya Natarajan,,"Edgewood Junior Senior High School, FL",United States of America,An Integrated Detection & Delivery System to Abate Contaminants in Water Bodies,EUCYS — Second Award,,true,https://www.societyforscience.org/press-release/regeneron-isef-2025-full-awards/,age_missing
ISEF,2025,Neil Hu,,"Temple City High School, CA",United States of America,Pioneering Ultrafine Particle Prevention Technology in Internal Combustion Engine Vehicles – Investigating the Pressure Release Valve,EUCYS — Second Award,,true,https://www.societyforscience.org/press-release/regeneron-isef-2025-full-awards/,age_missing
ISEF,2025,Jewan Shabi,,Ibn Roshd International School Jazan,Saudi Arabia,Innovative Application of Low GWP Refrigerants in Hydrate-Based Water Desalination,EUCYS — Second Award,,true,https://www.societyforscience.org/press-release/regeneron-isef-2025-full-awards/,age_missing
ISEF,2025,Areej Alqarni,,"Al-Batool International School, Makkah",Saudi Arabia,"Novel Contact Liquid for Energy-Efficient, Cost-Effective, and Scalable Cryogenic Carbon Capture",EUCYS — Second Award,,true,https://www.societyforscience.org/press-release/regeneron-isef-2025-full-awards/,age_missing
ISEF,2025,Jonathan Lai,,"Bartlesville High School, OK",United States of America,Turning Trash Into Treasure: Creating Sustainable Bioplastic Products From Food Waste Through Innovation,EUCYS — Third Award,,true,https://www.societyforscience.org/press-release/regeneron-isef-2025-full-awards/,age_missing
ISEF,2025,Luksina Isahaku,,"Nicolet High School, WI",United States of America,A Novel Device for in situ Removal of Microplastics From Riverbed Sediment via Laser-Induced Particle Fluorescence,EUCYS — Third Award,,true,https://www.societyforscience.org/press-release/regeneron-isef-2025-full-awards/,age_missing
ISEF,2025,Yumina Nishida,,"Yokohama Municipal Minami High School, Kanagawa",Japan,Biofuels and Fertilizers Utilizing Filamentous Algae: A Proposal for a Globally Regenerative Business With Reduced Production Costs,EUCYS — Third Award,,true,https://www.societyforscience.org/press-release/regeneron-isef-2025-full-awards/,age_missing
ISEF,2025,Laurentiu Palii,,"Aristotle Republican Theoretical Lyceum, Chisinau, Republic of Moldova Ruslan Gaitur, Liceul Academie de Stiinte a Moldovei",Republic of Moldova,Water Surface Remediation Using Liquid Marbles Formed by Self-Assembled ZnO Micro-Nanostructures,EUCYS — Third Award,,true,https://www.societyforscience.org/press-release/regeneron-isef-2025-full-awards/,age_missing
ISEF,2025,Yu Chen Guo,,"St. George’s School, British Columbia, Canada Yu Han Guo, York House School, British Columbia",Canada,Dual-Purpose Biological Photovoltaic: Optimizing Power Output and Wastewater Treatment,EUCYS — Third Award,,true,https://www.societyforscience.org/press-release/regeneron-isef-2025-full-awards/,age_missing
ISEF,2025,Lamyaa Al-Nofie,,"Alandalus Private Schools, Makkah Province",Saudi Arabia,Integrated Direct Air Capture and Conversion Using Porous Organic Polymers for Efficient and Scalable Carbon Utilization,EUCYS — Third Award,,true,https://www.societyforscience.org/press-release/regeneron-isef-2025-full-awards/,age_missing
ISEF,2025,Amelie Chen,,Pacific Horizons School,American Samoa,Science of Autonomy: Optimal Path Planning,EUCYS — Third Award,,true,https://www.societyforscience.org/press-release/regeneron-isef-2025-full-awards/,age_missing
ISEF,2025,Siyaa Poddar,,"Arizona College Prep High School, AZ",United States of America,"Developing a Rapid, Colorimetric Metal Organic Framework (MOF) for Airborne Silica and Uranium Detection: A Novel Approach to Pollutant Monitoring and Health Risk Assessment in Indigenous Communities for Sjogren’s Syndrome",EUCYS — First Award,,true,https://www.societyforscience.org/press-release/regeneron-isef-2025-full-awards/,age_missing
ISEF,2025,William Ferenchick,,"Wilson High School, PA",United States of America,"Shrimp-Wrap: Fabrication and Characterization of a Strong, Biodegradable Chitosan Bioplastic Composite",EUCYS — Second Award,,true,https://www.societyforscience.org/press-release/regeneron-isef-2025-full-awards/,age_missing
ISEF,2025,Samyra Mahiba,,"Jericho High School, NY",United States of America,Engineering DNA Nanocrystals for Trigger-Responsive Drug Delivery: A Biocompatible Approach to Nanomedicine,EUCYS — Second Award,,true,https://www.societyforscience.org/press-release/regeneron-isef-2025-full-awards/,age_missing
ISEF,2025,Chloe Wnek,,"Marine Academy of Technology and Environmental Science, NJ",United States of America,An Alternative Suture Material Synthesized From Marine Invertebrates,EUCYS — Second Award,,true,https://www.societyforscience.org/press-release/regeneron-isef-2025-full-awards/,age_missing
ISEF,2025,Sophia Zhang,,"Fairview High School, CO",United States of America,Eutectogel 2.0: A Continuous Journey Towards Advanced Green Electronic Skin,EUCYS — Second Award,,true,https://www.societyforscience.org/press-release/regeneron-isef-2025-full-awards/,age_missing
ISEF,2025,Ashu Anand,,"Alabama School of Fine Arts, AL",United States of America,Developing Emulsion Additives to Optimize Rheological Behavior in Non-Aqueous Magnetorheological Smart Fluids,EUCYS — Third Award,,true,https://www.societyforscience.org/press-release/regeneron-isef-2025-full-awards/,age_missing
ISEF,2025,Carmen Martinez,,"Harvest Preparatory Academy, AZ",United States of America,Eco-Pads: Engineering Sustainable Sanitary Pads Integrated With Jamaica Dyed Banana Fiber That Monitor Feminine Reproductive Health,EUCYS — Third Award,,true,https://www.societyforscience.org/press-release/regeneron-isef-2025-full-awards/,age_missing
ISEF,2025,Mercedes Castro,,"Harvest Preparatory Academy, AZ",United States of America,Eco-Pads: Engineering Sustainable Sanitary Pads Integrated With Jamaica Dyed Banana Fiber That Monitor Feminine Reproductive Health,EUCYS — Third Award,,true,https://www.societyforscience.org/press-release/regeneron-isef-2025-full-awards/,age_missing
ISEF,2025,Vallabh Ramesh,,"duPont Manual High School, KY",United States of America,Next-Gen Smart Materials: Thermo-Responsive and Conductive 3D Printable Polymer Gels,EUCYS — Third Award,,true,https://www.societyforscience.org/press-release/regeneron-isef-2025-full-awards/,age_missing
ISEF,2025,Ethan Albright,,"Hempfield High School, PA",United States of America,"Reel Problems, Reel Solutions: Combatting Microplastics in Aquatic Ecosystems With Biodegradable Fishing Lures",EUCYS — Third Award,,true,https://www.societyforscience.org/press-release/regeneron-isef-2025-full-awards/,age_missing
ISEF,2025,Kireeti Kompella,,"Interlake High School, WA",United States of America,First Fabrication of High Q-Factor Rho-SiTaN for Optical Spectroscopy: Enabling Low-Cost Breathalyzer Detection of Lung Cancer,EUCYS — Third Award,,true,https://www.societyforscience.org/press-release/regeneron-isef-2025-full-awards/,age_missing
ISEF,2025,Park Chanwoo,,"Sejong Science High School, South Korea Yoon Chan-Young, Sejong Science High School",South Korea,Hemostatic Application of Powdered Decellularized Extracellular Matrix From Porcine Liver,EUCYS — Third Award,,true,https://www.societyforscience.org/press-release/regeneron-isef-2025-full-awards/,age_missing
ISEF,2025,Cory Seelenfreund,,"New Rochelle High School, NY",United States of America,The Prisoner’s Dilemma: Strategy Dynamics Related to Memory and Selfishness,EUCYS — First Award,,true,https://www.societyforscience.org/press-release/regeneron-isef-2025-full-awards/,age_missing
ISEF,2025,Anay Aggarwal,,"Westview High School, OR",United States of America,Quantum-Sound Factorization: On the Distribution and Structure of Irreducible Sets,EUCYS — Second Award,,true,https://www.societyforscience.org/press-release/regeneron-isef-2025-full-awards/,age_missing
ISEF,2025,Maatank Parashar,,"Paradise Valley High School, AZ",United States of America,Solving Variable-Entangled Partial Differential Equations (PDEs) via Atomic Tensor Decomposition and Gated Expert Neural Networks: A Multi-Expansion Framework for Accurate and Adaptive PDE Approximation,EUCYS — Second Award,,true,https://www.societyforscience.org/press-release/regeneron-isef-2025-full-awards/,age_missing
ISEF,2025,Tejas Dhulipalla,,"Paradise Valley High School, AZ",United States of America,Solving Variable-Entangled Partial Differential Equations (PDEs) via Atomic Tensor Decomposition and Gated Expert Neural Networks: A Multi-Expansion Framework for Accurate and Adaptive PDE Approximation,EUCYS — Second Award,,true,https://www.societyforscience.org/press-release/regeneron-isef-2025-full-awards/,age_missing
ISEF,2025,Sarah Lu,,Centro Residencial de Oportunidades Educativas de Mayaguez,Puerto Rico,Exploring Optimal Learning Rates and Convergence in Coded Federated Learning Using Lyapunov’s Theorem,EUCYS — Third Award,,true,https://www.societyforscience.org/press-release/regeneron-isef-2025-full-awards/,age_missing
ISEF,2025,Liqian Ying,,NUS High School of Mathematics & Science,Singapore,Make24: Elegant Elementary Bounds for a Numbers Game,EUCYS — Third Award,,true,https://www.societyforscience.org/press-release/regeneron-isef-2025-full-awards/,age_missing
ISEF,2025,Alyssa Yu,,"Poolesville High School, MD",United States of America,A Novel Theory-Driven Approach for Model Compression in Deep Neural Networks,EUCYS — Third Award,,true,https://www.societyforscience.org/press-release/regeneron-isef-2025-full-awards/,age_missing
ISEF,2025,Abigail Qi,,"Baton Rouge Magnet High School, LA",United States of America,A Novel Biological Treatment for Antibiotic-Resistant Vibrio Infections in Aquaculture,EUCYS — First Award,,true,https://www.societyforscience.org/press-release/regeneron-isef-2025-full-awards/,age_missing
ISEF,2025,Eun Jae Lee,,"Peachtree Ridge High School, GA",United States of America,Silent Signals: Boronic Acids Quench E. coli Quorum Sensing,EUCYS — Second Award,,true,https://www.societyforscience.org/press-release/regeneron-isef-2025-full-awards/,age_missing
ISEF,2025,Srishti Boral,,"Eastlake High School, WA",United States of America,Computational Design of Novel Small-Molecule Activators Targeting the AtlA Autolysin in Multi Drug-Resistant Staphylococcus aureus to Combat Antibiotic Resistance Through Internal Cell Death Mechanisms,EUCYS — Second Award,,true,https://www.societyforscience.org/press-release/regeneron-isef-2025-full-awards/,age_missing
ISEF,2025,Prisha Bhat,,"Plano East Senior High School, TX",United States of America,Paracoccus for Bioremediation: Optimizing Formate Dehydrogenase in Paracoccus denitrificans for Development of a Non-Toxic Bioremediation Strategy for Toxic C1 Compounds in Water,EUCYS — Second Award,,true,https://www.societyforscience.org/press-release/regeneron-isef-2025-full-awards/,age_missing
ISEF,2025,Luke Itomura,,"Punahou School, HI",United States of America,Rapid and Cost-Effective Colorimetric Detection of Methicillin-Resistant Staphylococcus aureus in Water via Loop-Mediated Isothermal Amplification Targeting the mecA Gene,EUCYS — Third Award,,true,https://www.societyforscience.org/press-release/regeneron-isef-2025-full-awards/,age_missing
ISEF,2025,Hsiang-Cheng Shih,,"Taipei Municipal Chien Kuo High School, Chinese Taipei Zhong-Yue Fan, Taipei Municipal Chien Kuo High School",Chinese Taipei,A K47 Klebsiella pneumoniae Phage and Its Capsule Depolymerase in Therapeutic Applications,EUCYS — Third Award,,true,https://www.societyforscience.org/press-release/regeneron-isef-2025-full-awards/,age_missing
ISEF,2025,Mehek Sawhney,,"Commack High School, NY",United States of America,Characterizing the Secretion Signal in the C-Terminus of the Francisella tularensis Protein FTL_1123: Insights for Type 1 Secretion and Therapeutics,EUCYS — Third Award,,true,https://www.societyforscience.org/press-release/regeneron-isef-2025-full-awards/,age_missing
ISEF,2025,Alex Kidangathazhe,,"Stillwater High School, OK",United States of America,Understanding the Synergy Between Antibiotics and Phenolic Acids,EUCYS — Third Award,,true,https://www.societyforscience.org/press-release/regeneron-isef-2025-full-awards/,age_missing
ISEF,2025,Isabel Garcia,,"Isaac Bear Early College High School, NC",United States of America,Harnessing Coral Bacteria as Probiotics to Combat Vibrio cholerae Water Contamination,EUCYS — Third Award,,true,https://www.societyforscience.org/press-release/regeneron-isef-2025-full-awards/,age_missing
ISEF,2025,Aiden Kwon,,"Palos Verdes Peninsula High School, CA",United States of America,A Novel Low-Cost Zero Mean-Flow Chamber Design and Physics-Informed Neural Network for Astrophysical and Environmental Turbulence Applications,EUCYS — First Award,,true,https://www.societyforscience.org/press-release/regeneron-isef-2025-full-awards/,age_missing
ISEF,2025,Aleksandra Petkova,,National High School of Mathematics and Natural Sciences “Acad. Luybomir Chakalov”,Bulgaria,Theoretical and Experimental Investigation of Ship Wakes,EUCYS — First Award,,true,https://www.societyforscience.org/press-release/regeneron-isef-2025-full-awards/,age_missing
ISEF,2025,Aditya Sengupta,,"The Overlake School, WA",United States of America,ForeCAT: Advancing Clear Air Turbulence Prediction for Aviation Safety With Atmospheric Physics Informed Neural Networks and Spatiotemporal Weather Data,EUCYS — Second Award,,true,https://www.societyforscience.org/press-release/regeneron-isef-2025-full-awards/,age_missing
ISEF,2025,Pimpandao Putharukkit,,"Kamnoetvidya Science Academy, Thailand Thampisut Premsingchai, Kamnoetvidya Science Academy",Thailand,iSUM: Investigation of 3D Physical and Computational Models of Self-Uprighting Behavior in Pill Millipedes,EUCYS — Second Award,,true,https://www.societyforscience.org/press-release/regeneron-isef-2025-full-awards/,age_missing
ISEF,2025,Yosef Herrera,,"Science Academy of South Texas, TX",United States of America,The Power of a Star in a Jar: Using Nuclear Fusion for Medical Radioisotope Production,EUCYS — Second Award,,true,https://www.societyforscience.org/press-release/regeneron-isef-2025-full-awards/,age_missing
ISEF,2025,Thomas Jichen Wang,,"Shady Side Academy, PA",United States of America,High-Cadence Adaptive Reverberation Mapping of Variable Quasars to Resolve Light-Hour Accretion Disk Structures in Supermassive Black Holes,EUCYS — Second Award,,true,https://www.societyforscience.org/press-release/regeneron-isef-2025-full-awards/,age_missing
ISEF,2025,Saskia Poldmaa,,"Tallinn Secondary Science School, Harjumaa",Estonia,Development and Calibration of a Portable Muon Telescope for Balloon-Borne Atmospheric Muon Flux Studies,EUCYS — Third Award,,true,https://www.societyforscience.org/press-release/regeneron-isef-2025-full-awards/,age_missing
ISEF,2025,Julius Gutjahr,,"Goethe Gymnasium Emmendingen, Baden-Wuerttemberg, Germany Maja Leber, Goethe Gymnasium Emmendingen, Baden-Wuerttemberg",Germany,New Insights on Antibubbles: Investigation of the Physical Properties of Antibubbles Using an Original Systematic Experimental Setup,EUCYS — Third Award,,true,https://www.societyforscience.org/press-release/regeneron-isef-2025-full-awards/,age_missing
ISEF,2025,Joe Smith,,"Stanford Online High School, CA",United States of America,Lost in the Stars: Chemical Tagging of the Magellanic Clouds and Accreted Populations,EUCYS — Third Award,,true,https://www.societyforscience.org/press-release/regeneron-isef-2025-full-awards/,age_missing
ISEF,2025,Gary Han,,"Syosset High School, NY",United States of America,Discovery of the First Double Exocomet Using an Automated Deep Learning Convolutional Neural Network,EUCYS — Third Award,,true,https://www.societyforscience.org/press-release/regeneron-isef-2025-full-awards/,age_missing
ISEF,2025,Arushi Nath,,"Bloor Collegiate Institute, Ontario",Canada,NEPTUNE: N-body Exoplanet Prediction Using TTV for Unseen Exoplanets,EUCYS — Third Award,,true,https://www.societyforscience.org/press-release/regeneron-isef-2025-full-awards/,age_missing
ISEF,2025,Ruby Aubin,,"Florida Atlantic University High School, FL",United States of America,RUBES: Resonators Used in Building Emergency Sensors – Developing a Device (Year 4),EUCYS — Third Award,,true,https://www.societyforscience.org/press-release/regeneron-isef-2025-full-awards/,age_missing
ISEF,2025,Aarushi Pandey,,"College Park High School, TX",United States of America,"Examining the Synergistic Effects of Hydrotropism, Magnetotropism, and Simulated Microgravity on Allium fistulosum Morphology Using a Novel 3D Clinostat",EUCYS — First Award,,true,https://www.societyforscience.org/press-release/regeneron-isef-2025-full-awards/,age_missing
ISEF,2025,Moitri Santra,,"Oviedo High School, FL",United States of America,Development of an Industrially Viable Oxytetracycline Nano-Formulation and OXYCHECK Detection System to Combat Citrus Greening: Year 3,EUCYS — Second Award,,true,https://www.societyforscience.org/press-release/regeneron-isef-2025-full-awards/,age_missing
ISEF,2025,Tanishka Aglave,,"Strawberry Crest High School, FL",United States of America,"Year II, A Comprehensive Eco-Friendly Strategy for Citrus Greening Disease Management: Targeted Delivery of Novel Multi-Compound Formulation Derived From Murraya koenigii in Combination With Steam Therapy Approach and Its Validation Through Precision Agriculture Tools",EUCYS — Second Award,,true,https://www.societyforscience.org/press-release/regeneron-isef-2025-full-awards/,age_missing
ISEF,2025,Dora Fields,,"Northport High School, NY",United States of America,From Hair to Harvest: Effects of Nitrogen-Doped Carbon Dots on Germination and Growth in Solanum lycopersicum (Tomatoes) Seedlings Using Keratin-Based Hydroponic Substrates,EUCYS — Second Award,,true,https://www.societyforscience.org/press-release/regeneron-isef-2025-full-awards/,age_missing
ISEF,2025,Anubhav Ammangi,,"Redeemer Baptist School, NSW",Australia,Fractal Fingerprinting: Utilizing the Fractal Dimension to Height Ratio of Leaf Venation Structure as a Novel Morphological Characteristic for Plant Taxonomy,EUCYS — Third Award,,true,https://www.societyforscience.org/press-release/regeneron-isef-2025-full-awards/,age_missing
ISEF,2025,Al Zaidi,,"Holy Trinity Episcopal Academy, FL",United States of America,Efficacy of Chitosan Hydrogel for a Variety of Agricultural Applications,EUCYS — Third Award,,true,https://www.societyforscience.org/press-release/regeneron-isef-2025-full-awards/,age_missing
ISEF,2025,Venkat Yarlagadda,,"Arizona College Prep High School, AZ",United States of America,Photogene Fusion: Enhancing Photosynthesis Through Agrobacterium-Mediated Delivery of the 3S5 Ruby Plasmid for Sustainable Carbon Capture,EUCYS — Third Award,,true,https://www.societyforscience.org/press-release/regeneron-isef-2025-full-awards/,age_missing
ISEF,2025,Fatmah Almutabagani,,Riyadh School for Boys and Girls,Saudi Arabia,Production of Antimicrobial Peptides in Nicotiana benthamiana Plants for Efficient Treatments,EUCYS — Third Award,,true,https://www.societyforscience.org/press-release/regeneron-isef-2025-full-awards/,age_missing
ISEF,2025,Deborah Park,,"Iolani School, HI",United States of America,Reversed Genetic Research of Nannochloropsis oceanica for Increased Thermal Tolerance,EUCYS — Third Award,,true,https://www.societyforscience.org/press-release/regeneron-isef-2025-full-awards/,age_missing
ISEF,2025,Timothy Wilson,,"Barker College, New South Wales",Australia,Cuddle and Comfort Chimp: An Innovative Soft Robotic Sleep Aid,EUCYS — First Award,,true,https://www.societyforscience.org/press-release/regeneron-isef-2025-full-awards/,age_missing
ISEF,2025,Chinmayi Goyal,,"Yorktown High School, NY",United States of America,"MyoAssist: An Innovative AI-Based, User-Driven Exoskeletal Assistive Control System for Individuals With Movement Disabilities",EUCYS — First Award,,true,https://www.societyforscience.org/press-release/regeneron-isef-2025-full-awards/,age_missing
ISEF,2025,Louis Liu,,"University High School, AZ",United States of America,FallPoint: Fall Detection With 4D mmWave Radar Using PointNet and a Recurrent Neural Network,EUCYS — Second Award,,true,https://www.societyforscience.org/press-release/regeneron-isef-2025-full-awards/,age_missing
ISEF,2025,Amy Low,,"Raffles Institution, Singapore Felicia Tan, Raffles Institution",Singapore,"Great Minds Think Alike, Great Models Think All at Once: MAESTRO, A Unified Framework for Video-Audio Understanding & Reasoning",EUCYS — Second Award,,true,https://www.societyforscience.org/press-release/regeneron-isef-2025-full-awards/,age_missing
ISEF,2025,Krishna Arun,,"Eastlake High School, WA",United States of America,Utilizing Multi-Agent Reinforcement Learning With Encoder-Decoder Architecture Agents to Identify Optimal Resection Location in GBM Patients,EUCYS — Second Award,,true,https://www.societyforscience.org/press-release/regeneron-isef-2025-full-awards/,age_missing
ISEF,2025,Hung Huynh,,"Le Quy Don High School for the Gifted, Viet Nam Kiet Nguyen, Le Quy Don High School for the Gifted",Viet Nam,TalkiEVBot – An Educational Support Robot for Children With Speech Disorders,EUCYS — Second Award,,true,https://www.societyforscience.org/press-release/regeneron-isef-2025-full-awards/,age_missing
ISEF,2025,Keshav Anand,,"Plano East Senior High School, TX",United States of America,GaitGuardian: Real-Time IMU Processing and Visual Monitoring Using Machine Learning (ML) for Advanced Parkinson’s Disease Patients (II),EUCYS — Third Award,,true,https://www.societyforscience.org/press-release/regeneron-isef-2025-full-awards/,age_missing
ISEF,2025,Viren Bankapur,,"Independence High School, TX",United States of America,GaitGuardian: Real-Time IMU Processing and Visual Monitoring Using Machine Learning (ML) for Advanced Parkinson’s Disease Patients (II),EUCYS — Third Award,,true,https://www.societyforscience.org/press-release/regeneron-isef-2025-full-awards/,age_missing
ISEF,2025,Alexander Chindris,,"Episcopal School of Jacksonville, FL",United States of America,Multi UAV System for Wide Area Object Identification,EUCYS — Third Award,,true,https://www.societyforscience.org/press-release/regeneron-isef-2025-full-awards/,age_missing
ISEF,2025,James Steffes,,"Episcopal School of Jacksonville, FL",United States of America,Multi UAV System for Wide Area Object Identification,EUCYS — Third Award,,true,https://www.societyforscience.org/press-release/regeneron-isef-2025-full-awards/,age_missing
ISEF,2025,Jiya Joshi,,"Stephen F. Austin High School, TX",United States of America,Soft Robotics in Gastrointestinal Endoscopy: Engineering a Hydraulic AI-Assisted Colonoscope to Minimize Patient Risks and Enhance Usability,EUCYS — Third Award,,true,https://www.societyforscience.org/press-release/regeneron-isef-2025-full-awards/,age_missing
ISEF,2025,Sai Spoorthi Maram,,"William B. Travis High School, TX",United States of America,Soft Robotics in Gastrointestinal Endoscopy: Engineering a Hydraulic AI-Assisted Colonoscope to Minimize Patient Risks and Enhance Usability,EUCYS — Third Award,,true,https://www.societyforscience.org/press-release/regeneron-isef-2025-full-awards/,age_missing
ISEF,2025,Sydney West,,"Hanford High School, WA",United States of America,The Design and Engineering of an Intelligent Remotely Operated Vehicle for Coral Reef Research and Monitoring,EUCYS — Third Award,,true,https://www.societyforscience.org/press-release/regeneron-isef-2025-full-awards/,age_missing
ISEF,2025,Akash Ragam,,"Jesuit High School, OR",United States of America,IntelliCane: An Agentic Approach to Real-Time Obstacle Avoidance and Intelligent Decision-Making for the Visually Impaired Through a Monocular Servo-Guided Cane Using Deep Learning-Based Environmental Mapping,EUCYS — Third Award,,true,https://www.societyforscience.org/press-release/regeneron-isef-2025-full-awards/,age_missing
ISEF,2025,Tanay Chitlur,,"Westview High School, OR",United States of America,IntelliCane: An Agentic Approach to Real-Time Obstacle Avoidance and Intelligent Decision-Making for the Visually Impaired Through a Monocular Servo-Guided Cane Using Deep Learning-Based Environmental Mapping,EUCYS — Third Award,,true,https://www.societyforscience.org/press-release/regeneron-isef-2025-full-awards/,age_missing
ISEF,2025,Aidan La Rosa,,"Lake Minneola High School, FL",United States of America,AID: A Reinforcement Learning Framework for Iterative Optimization of Aerodynamic Elements,EUCYS — Third Award,,true,https://www.societyforscience.org/press-release/regeneron-isef-2025-full-awards/,age_missing
ISEF,2025,Arya Pasumarthi,,"The High School for Math, Science and Engineering, NY",United States of America,AID: A Reinforcement Learning Framework for Iterative Optimization of Aerodynamic Elements,EUCYS — Third Award,,true,https://www.societyforscience.org/press-release/regeneron-isef-2025-full-awards/,age_missing
ISEF,2025,Jainish Patel,,"Lake Minneola High School, FL",United States of America,AID: A Reinforcement Learning Framework for Iterative Optimization of Aerodynamic Elements,EUCYS — Third Award,,true,https://www.societyforscience.org/press-release/regeneron-isef-2025-full-awards/,age_missing
ISEF,2025,Ram Sivaraman,,"Acton Boxborough Regional High School, MA",United States of America,HM-Detect: Murmur Detection and Classification Methodology Using A Novel C^2-LSTM Architecture for Multi-Modal Signals,EUCYS — First Award,,true,https://www.societyforscience.org/press-release/regeneron-isef-2025-full-awards/,age_missing
ISEF,2025,Franciszek Lopuszanski,,"I Liceum Ogolnoksztalcace Dwujezyczne im. Edwarda Dembowskiego w Gliwicach, Slaskie",Poland,Gate OS: A Secure Rust Exokernel Based on Preventive Static Code Analysis With Process Domain Isolation,EUCYS — Second Award,,true,https://www.societyforscience.org/press-release/regeneron-isef-2025-full-awards/,age_missing
ISEF,2025,Huxley Westemeier,,"Saint Paul Academy and Summit School, MN",United States of America,Integrity: Generalized Artificial Image Classification With Noise Domain Localization,EUCYS — Second Award,,true,https://www.societyforscience.org/press-release/regeneron-isef-2025-full-awards/,age_missing
ISEF,2025,Amy Zhang,,"Lakewood High School, CO",United States of America,EnAct: A Safety-Aware Actionable Guidance System via Multi-Agent Vision-Language Models for People With Vision Impairments,EUCYS — Second Award,,true,https://www.societyforscience.org/press-release/regeneron-isef-2025-full-awards/,age_missing
ISEF,2025,Sebastian Alexis,,"Northwood High School, CA",United States of America,A Novel Framework for PDF-Based Stegomalware Detection Using Kolmogorov Complexity,EUCYS — Third Award,,true,https://www.societyforscience.org/press-release/regeneron-isef-2025-full-awards/,age_missing
ISEF,2025,Arnav Chaphalkar,,"Adlai E. Stevenson High School, IL",United States of America,Computer Vision Driven Kinematic Analysis of Athlete’s Motion for Decision Optimization and Enhanced Objectivity in Fencing Refereeing,EUCYS — Third Award,,true,https://www.societyforscience.org/press-release/regeneron-isef-2025-full-awards/,age_missing
ISEF,2025,Juyoung Park,,"Arnold O. Beckman High School, CA",United States of America,HandNBrain: A Hand Gesture Recognition Based Game Design for Elder’s Cognitive Improvement,EUCYS — Third Award,,true,https://www.societyforscience.org/press-release/regeneron-isef-2025-full-awards/,age_missing
ISEF,2025,Minjun Kim,,"Saint Paul Preparatory Seoul, Seoul, South Korea Mugeon Jung, Osan High School, Yongsan-gu",South Korea,HandNBrain: A Hand Gesture Recognition Based Game Design for Elder’s Cognitive Improvement,EUCYS — Third Award,,true,https://www.societyforscience.org/press-release/regeneron-isef-2025-full-awards/,age_missing
ISEF,2025,Henry Zou,,"Johnston High School, IA",United States of America,A Multi-Stage Deep Learning Framework for Classification and Severity Quantification of Maize Gray Leaf Spot With Integrated Management Recommendations (DeGLS),EUCYS — Third Award,,true,https://www.societyforscience.org/press-release/regeneron-isef-2025-full-awards/,age_missing
ISEF,2025,Yash Tomar,,"West Lafayette Junior/Senior High School, IN",United States of America,Breaking Barriers in Quantum Circuit Optimization With Efficient and Noise-Resilient Real-Time Adaptation,EUCYS — Third Award,,true,https://www.societyforscience.org/press-release/regeneron-isef-2025-full-awards/,age_missing
ISEF,2025,Punnawit Ponnirun,,"The Prince Royal’s College, Chiang Mai, Thailand Sataporn Thanapanyakul, The Prince Royal’s College, Chiang Mai, Thailand Siwakorn Suwannahong, The Prince Royal’s College, Chiang Mai",Thailand,"eiBraille: Systematic Reform of Braille Education With AI & Low-Cost Tactile Technology for an Inclusive, Zero-Discrimination Society",EUCYS — First Award,,true,https://www.societyforscience.org/press-release/regeneron-isef-2025-full-awards/,age_missing
ISEF,2025,May Espinola,,"Obra D. Tompkins High School, TX",United States of America,Unobstructed Voice for Signers: A Real-Time Centered Sign Language Recognition System,EUCYS — Second Award,,true,https://www.societyforscience.org/press-release/regeneron-isef-2025-full-awards/,age_missing
ISEF,2025,Anusha Arora,,"Interlake High School, WA",United States of America,SmartStrings: A Novel Low-Cost Multimodal System for Intelligent Violin Pedagogy With Real-time Corrective and Sensory Feedback Through Artificial Intelligence,EUCYS — Third Award,,true,https://www.societyforscience.org/press-release/regeneron-isef-2025-full-awards/,age_missing
ISEF,2025,Yashvir Sabharwal,,"Battlefield High School, VA",United States of America,BrainSync: Advanced Neural Decoding With fMRI and EEG for Reconstruction of Visual Perception in Neurological States,EUCYS — Third Award,,true,https://www.societyforscience.org/press-release/regeneron-isef-2025-full-awards/,age_missing
ISEF,2025,Vrishank Chandrasekhar,,"Lynbrook High School, CA",United States of America,OncoNote: Enabling the Discovery of a Novel Digital Biomarker for Early Pan-Cancer Survival and Recurrence Prediction via Free-Text Clinical Narratives,EUCYS — First Award,,true,https://www.societyforscience.org/press-release/regeneron-isef-2025-full-awards/,age_missing
ISEF,2025,Audrey Zheng,,"North Allegheny Senior High School, PA",United States of America,Dethroning the King of Cancers: Pancreatic Cancer Diagnosis From Blood Enabled by a Cocktail of Antibody-Magnetic Nanospheres,EUCYS — First Award,,true,https://www.societyforscience.org/press-release/regeneron-isef-2025-full-awards/,age_missing
ISEF,2025,Liyang Han,,"Brookfield Central High School, WI",United States of America,ParkinAid: A Multimodal AI-Powered Diagnostic and Robot-Assisted Rehabilitation System for Parkinson’s Patients,EUCYS — Second Award,,true,https://www.societyforscience.org/press-release/regeneron-isef-2025-full-awards/,age_missing
ISEF,2025,Mishika Bhatia,,"Rock Canyon High School, CO",United States of America,Saw Palmetto-Induced Inhibition of the 5ALPHA-reductase Pathway as a Clinical Treatment for PCOS Symptoms,EUCYS — Second Award,,true,https://www.societyforscience.org/press-release/regeneron-isef-2025-full-awards/,age_missing
ISEF,2025,Keen-Yin Woo,,"Greenwich High School, CT",United States of America,A Novel Multi-Modal Deep Learning Approach With Attention Mechanisms for Early Detection of Alzheimer’s Disease,EUCYS — Second Award,,true,https://www.societyforscience.org/press-release/regeneron-isef-2025-full-awards/,age_missing
ISEF,2025,Kasey Moore,,"American Heritage School of Boca Delray, FL",United States of America,"The Effect of Uncaria tomentosa (Cat’s Claw) and Gut Microbiome Dysbiosis Repair With Bacillus subtilis in Locomotion and Alpha Synuclein Aggregation in Caenorhabditis elegans Transgenic Strain NL5901, an Animal Model for Parkinson’s Disease",EUCYS — Second Award,,true,https://www.societyforscience.org/press-release/regeneron-isef-2025-full-awards/,age_missing
ISEF,2025,James Xiao,,"North Allegheny Senior High School, PA",United States of America,QuanTear: A Tear Test for Stroke Detection and Monitoring,EUCYS — Second Award,,true,https://www.societyforscience.org/press-release/regeneron-isef-2025-full-awards/,age_missing
ISEF,2025,Antariksha Sharma,,"Maharishi School of the Age of Enlightenment, IA",United States of America,"A Colorimetric Lateral Flow Assay to Detect Neurodegeneration From Tears, Phase I",EUCYS — Third Award,,true,https://www.societyforscience.org/press-release/regeneron-isef-2025-full-awards/,age_missing
ISEF,2025,Amritha Praveen,,"Adlai E. Stevenson High School, IL",United States of America,Patient-Specific Bolus Fabrication for Radiation Therapy: A Novel Computational Tool Using Deep Learning and Spectral Mesh Flattening With Geodesic Distance Mapping,EUCYS — Third Award,,true,https://www.societyforscience.org/press-release/regeneron-isef-2025-full-awards/,age_missing
ISEF,2025,Lana Nouri,,"Al Zikr Schools, Makkah",Saudi Arabia,Utilizing FDM 3D Printing to Fabricate Biodegradable PCL-Dexamethasone Implants for DME,EUCYS — Third Award,,true,https://www.societyforscience.org/press-release/regeneron-isef-2025-full-awards/,age_missing
ISEF,2025,Salman Alshehri,,Al Rowad International School,Saudi Arabia,Transcriptome Approach to Reveal Novel Prognostic Biomarkers for Thyroid Cancer,EUCYS — Third Award,,true,https://www.societyforscience.org/press-release/regeneron-isef-2025-full-awards/,age_missing
ISEF,2025,Amay Annasamudram,,"Arizona College Prep High School, AZ",United States of America,BreathInSight: Multi-Sensor Lung Health Analyzer for Early Detection of Respiratory Conditions,EUCYS — Third Award,,true,https://www.societyforscience.org/press-release/regeneron-isef-2025-full-awards/,age_missing
ISEF,2025,Ankit Annasamudram,,"Arizona College Prep High School, AZ",United States of America,BreathInSight: Multi-Sensor Lung Health Analyzer for Early Detection of Respiratory Conditions,EUCYS — Third Award,,true,https://www.societyforscience.org/press-release/regeneron-isef-2025-full-awards/,age_missing
ISEF,2025,Vihaan Patel,,"Arizona College Prep High School, AZ",United States of America,BreathInSight: Multi-Sensor Lung Health Analyzer for Early Detection of Respiratory Conditions,EUCYS — Third Award,,true,https://www.societyforscience.org/press-release/regeneron-isef-2025-full-awards/,age_missing
ISEF,2025,Ronak Pai,,"Bentonville West High School, AR",United States of America,OralScan: A Multi-Stage Multi-Modal Architecture for Early Diagnosis of Oral Cancer and Potentially Malignant Disorders via Intra-Oral Images Captured on a Mobile App,EUCYS — Third Award,,true,https://www.societyforscience.org/press-release/regeneron-isef-2025-full-awards/,age_missing
ISEF,2025,Veera Sai Joshik Unnam,,"Bentonville West High School, AR",United States of America,OralScan: A Multi-Stage Multi-Modal Architecture for Early Diagnosis of Oral Cancer and Potentially Malignant Disorders via Intra-Oral Images Captured on a Mobile App,EUCYS — Third Award,,true,https://www.societyforscience.org/press-release/regeneron-isef-2025-full-awards/,age_missing
ISEF,2025,Ishmeet Singh,,"Stockdale High School, CA",United States of America,"An Analytical Study of Optimized EfficientNet CNNs, Vision Transformers, and Hybrid Transformers for State-of-the-Art MRI-Based Brain Tumor Diagnosis With Integrated Explainable AI",EUCYS — Third Award,,true,https://www.societyforscience.org/press-release/regeneron-isef-2025-full-awards/,age_missing
ISEF,2026,Aakash Manaswi,,"Lake Highland Preparatory School, FL, Dr. Nelson Ying-Orange County Science Exposition",United States of America,Integrating Multi-Convolutional Neural Network Histological Analysis and Field Trials to Evaluate Carbon Dioxide and Pesticide Impacts on Honeybee Health and Colony Performance,ANIMAL SCIENCES — First Award,,true,https://www.societyforscience.org/press-release/regeneron-isef-2026-full-awards/,age_missing
ISEF,2026,Naphudon Sriratana,,"Bangkok Christian College, SST-NSM National Science Projects Competition, Thailand Proadpran Chanthammaphitak, Bangkok Christian College, SST-NSM National Science Projects Competition, Thailand Sunyapat Akkarajeerawat, Bangkok Christian College, SST-NSM National Science Projects Competition",Thailand,Building Climate-Resilient Corals: A Coral Restoration Strategy Integrating Molecular Repairs With Satellite-Monitored Artificial Reefs,ANIMAL SCIENCES — Second Award,,true,https://www.societyforscience.org/press-release/regeneron-isef-2026-full-awards/,age_missing
ISEF,2026,Ethan Liang,,"The Harker School, CA, Synopsys Silicon Valley Science and Technology Championship presented by the Santa Clara Valley Science and Engineering Fair Association",United States of America,ApiSense: A Weather-Aware Multimodal Framework for Environmental Pesticide Contamination Detection Using Honey Bees as Biosensors,ANIMAL SCIENCES — Second Award,,true,https://www.societyforscience.org/press-release/regeneron-isef-2026-full-awards/,age_missing
ISEF,2026,Lenny Hanisko,,"Florida Atlantic University High School, FL, Palm Beach Regional Science and Engineering Fair",United States of America,"Morphological Analysis of Gastric Nematodes in Pygmy and Dwarf Sperm Whales (Kogia breviceps and Kogia sima) Using Stereoscopy, Scanning Electron Microscopy, and Histology",ANIMAL SCIENCES — Second Award,,true,https://www.societyforscience.org/press-release/regeneron-isef-2026-full-awards/,age_missing
ISEF,2026,Iris Shen,,"College Park High School, TX, Science Engineering Fair of Houston",United States of America,Year III: Development of M. mercenaria Neoplastic Hemocytes as a Novel Alternative Experimental Model for BCL-2 Interactions in Blood Cancers: An Application for Targeted Drug Studies,ANIMAL SCIENCES — Third Award,,true,https://www.societyforscience.org/press-release/regeneron-isef-2026-full-awards/,age_missing
ISEF,2026,Harsha Bheemanathini,,"Alabama School of Fine Arts, AL, Central Alabama Regional Science and Engineering Fair",United States of America,The Effects of Menstrual Product Leachates on Planarian Survival,ANIMAL SCIENCES — Third Award,,true,https://www.societyforscience.org/press-release/regeneron-isef-2026-full-awards/,age_missing
ISEF,2026,Andaman Surabote,,"Princess Chulabhon Science High School Pathumthani, Pathumthani, Young Scientists Competition, Thailand Wuttipat Direkrungrueng, Princess Chulabhon Science High School Pathumthani, Pathumthani, Young Scientists Competition",Thailand,Integrated Multistimuli Behavior Analysis and Visual Modeling for Improved Multimodal D. melanogaster Trap in Quail Farm,ANIMAL SCIENCES — Third Award,,true,https://www.societyforscience.org/press-release/regeneron-isef-2026-full-awards/,age_missing
ISEF,2026,Panyaporn Kaewkantha,,"Damrongratsongkroh School, Chiangrai, Young Scientists Competition, Thailand Phanuphong Bunsri, Damrongratsongkroh School, Chiangrai, Young Scientists Competition, Thailand Yada Piyo, Damrongratsongkroh School, Chiangrai, Young Scientists Competition",Thailand,CrabTech: A Smart System for Pre-Molt Detection and Monitoring in Soft-Shell Rice Field Crab Production Using Behavioral and Morphological Indicators,ANIMAL SCIENCES — Third Award,,true,https://www.societyforscience.org/press-release/regeneron-isef-2026-full-awards/,age_missing
ISEF,2026,Yaejoon Jung,,"Phillips Academy, MA, Massachusetts State Science & Engineering Fair",United States of America,SmartBlink: Real-Time AI-Driven Adaptive Pedestrian Traffic System for Enhancing Perceived Pedestrian Safety and Traffic Efficiency,BEHAVIORAL AND SOCIAL SCIENCES — First Award,,true,https://www.societyforscience.org/press-release/regeneron-isef-2026-full-awards/,age_missing
ISEF,2026,Atiksh Bhan,,"Charles J. Colgan Sr. High School, VA, Prince William-Manassas Regional Science and Engineering Fair",United States of America,Designing for Presence: A Randomized Controlled Trial Comparing Incentive Structures to Reduce Smartphone Use During Social Interactions,BEHAVIORAL AND SOCIAL SCIENCES — Second Award,,true,https://www.societyforscience.org/press-release/regeneron-isef-2026-full-awards/,age_missing
ISEF,2026,Nikhil Shah,,"Syosset High School, NY, Long Island Science and Engineering Fair",United States of America,Examining the Impact of the Federal Sentencing Guidelines on Racial Disparities in Federal Sentencing,BEHAVIORAL AND SOCIAL SCIENCES — Second Award,,true,https://www.societyforscience.org/press-release/regeneron-isef-2026-full-awards/,age_missing
ISEF,2026,Michael Lyakhov,,"John L. Miller Great Neck North High School, NY, New York State Science and Engineering Fair",United States of America,Early Diagnosis of Schizophrenia Through an Interpretable CNN–Transformer Model of fMRI Connectivity,BEHAVIORAL AND SOCIAL SCIENCES — Second Award,,true,https://www.societyforscience.org/press-release/regeneron-isef-2026-full-awards/,age_missing
ISEF,2026,Daniel Ming,,"Syosset High School, NY, Long Island Science and Engineering Fair",United States of America,Digital Expressions of Discontent: A Computational Analysis of Anti-Work Reddit Communities and Evolving Work Narratives,BEHAVIORAL AND SOCIAL SCIENCES — Third Award,,true,https://www.societyforscience.org/press-release/regeneron-isef-2026-full-awards/,age_missing
ISEF,2026,Rishi Pampati,,"Walnut Hills High School, OH, Buckeye Science and Engineering Fair",United States of America,Diffusion Tensor Imaging for Predicting Cochlear Implant Outcomes: A Novel Application of Noninvasive Microstructural Analysis,BEHAVIORAL AND SOCIAL SCIENCES — Third Award,,true,https://www.societyforscience.org/press-release/regeneron-isef-2026-full-awards/,age_missing
ISEF,2026,Beren Uluc,,"Signature School, IN, Hoosier Science and Engineering Fair Region 1",United States of America,The Impact of Auditory Smartphone Notifications on Cognitive Load and Typing Performance in Adolescents,BEHAVIORAL AND SOCIAL SCIENCES — Third Award,,true,https://www.societyforscience.org/press-release/regeneron-isef-2026-full-awards/,age_missing
ISEF,2026,Amaira Srivastava,,"Arizona College Prep High School, AZ, Arizona Science and Engineering Fair",United States of America,REWIRE: Realtime Evaluation of Waves for Intervention-Based Reinforcement of Engagement – A Novel Approach to Enhancing Attention and Memory by Leveraging Neuroplasticity via Noninvasive Real-Time Electroencephalogram (EEG) Guided Neuroadaptive Feedback,BEHAVIORAL AND SOCIAL SCIENCES — Third Award,,true,https://www.societyforscience.org/press-release/regeneron-isef-2026-full-awards/,age_missing
ISEF,2026,Linus Plohr,,"Los Alamos High School, NM, Northeastern New Mexico Regional Science and Engineering Fair",United States of America,Collective Intelligence: Driving Lessons From Ants,BEHAVIORAL AND SOCIAL SCIENCES — Third Award,,true,https://www.societyforscience.org/press-release/regeneron-isef-2026-full-awards/,age_missing
ISEF,2026,Kaya Parikh,,"Hunter College High School, NY, Terra New York City STEM Fair",United States of America,Semaglutide and “Fake” Semaglutide in Drosophila Model With Type 2 Diabetes and Obesity,BIOCHEMISTRY — First Award,,true,https://www.societyforscience.org/press-release/regeneron-isef-2026-full-awards/,age_missing
ISEF,2026,Siddharth Sridharan,,"Little Rock Central High School, AR, Central Arkansas Regional Science and Engineering Fair",United States of America,Gamma-Tocotrienol Alleviates Chemotherapy-Induced Cardiotoxicity by Promoting Novel Multiscale Mitochondrial Bioenergetic and Structural Restoration,BIOCHEMISTRY — Second Award,,true,https://www.societyforscience.org/press-release/regeneron-isef-2026-full-awards/,age_missing
ISEF,2026,Joshua Kim,,"McCallie School, TN, Chattanooga Regional Science and Engineering Fair",United States of America,Ionizable Amphiphilic Janus Dendrimer Optimization: Investigating Dendrimersome Nanoparticles for Enhanced mRNA Transfection in vitro,BIOCHEMISTRY — Second Award,,true,https://www.societyforscience.org/press-release/regeneron-isef-2026-full-awards/,age_missing
ISEF,2026,Milan Darji,,"Minnetonka High School, MN, Western Suburbs Science Fair",United States of America,Escaping the Matrix: Identifying ADAMTSL2 as the Trigger for Irreversible Liver Fibrosis Through Protein Modeling,BIOCHEMISTRY — Third Award,,true,https://www.societyforscience.org/press-release/regeneron-isef-2026-full-awards/,age_missing
ISEF,2026,Gabriel Hwang,,"Edgemont High School, NY, Regeneron-Westchester Science and Engineering Fair",United States of America,The Design and Synthesis of an I-131 Labeled Rhodium Metalloinsertor Targeting MMR-Deficient Colorectal Cancer,BIOCHEMISTRY — Third Award,,true,https://www.societyforscience.org/press-release/regeneron-isef-2026-full-awards/,age_missing
ISEF,2026,Ethan Pei,,"Richard Montgomery High School, MD, ScienceMontgomery",United States of America,PRPS1 Lactylation by p300 Drives Nucleotide de novo Synthesis and Chemotherapy Resistance in Glioblastoma,BIOCHEMISTRY — Third Award,,true,https://www.societyforscience.org/press-release/regeneron-isef-2026-full-awards/,age_missing
ISEF,2026,Illaria Liedtke,,"Rye Country Day School, NY, Regeneron-Westchester Science and Engineering Fair",United States of America,"Remote, Tunable Modulation of Astrocytic Calcium Signaling via an Engineered Paramagnetic Matrix: A Non-Invasive Platform for Neuroprotection in CNS Disease",BIOMEDICAL AND HEALTH SCIENCES — First Award,,true,https://www.societyforscience.org/press-release/regeneron-isef-2026-full-awards/,age_missing
ISEF,2026,Yatharth Kakkad,,"Pine View School, FL, Sarasota County STEM Fair",United States of America,Identification of a Novel TBX2-Dependent Mechanism Linking Pericyte Dynamics to Abnormal Vasculature in Lung Adenocarcinoma,BIOMEDICAL AND HEALTH SCIENCES — First Award,,true,https://www.societyforscience.org/press-release/regeneron-isef-2026-full-awards/,age_missing
ISEF,2026,Andrea Qian Lei,,"Shanghai High School International Division, Sichuan Science Fair",China,Searching for “Smart-and-Sex” Genes — Evolutionary Driver for Neuron and Germ Cell Development in Primates,BIOMEDICAL AND HEALTH SCIENCES — Second Award,,true,https://www.societyforscience.org/press-release/regeneron-isef-2026-full-awards/,age_missing
ISEF,2026,Leo Toake,,"Bergen County Academies, NJ, BCA Research Expo",United States of America,A Multi-Modal Framework for Exercise-Induced Anti-Tumor Immunotherapy,BIOMEDICAL AND HEALTH SCIENCES — Second Award,,true,https://www.societyforscience.org/press-release/regeneron-isef-2026-full-awards/,age_missing
ISEF,2026,Aryana Adur,,"Jericho High School, NY, New York State Science and Engineering Fair",United States of America,Modulating a Novel Neuroepithelial Circuit in Food Allergy to Repair Barrier Dysfunction With Larazotide Acetate and Neuregulin-1,BIOMEDICAL AND HEALTH SCIENCES — Second Award,,true,https://www.societyforscience.org/press-release/regeneron-isef-2026-full-awards/,age_missing
ISEF,2026,June Loukinas,,"San Juan College High School, NM, San Juan New Mexico Regional Science and Engineering Fair",United States of America,Mechanobiological Reprogramming of Cancer Cells in RPM-Simulated Microgravity: A High-Fidelity Transcriptomic Model for Overcoming Chemoresistance and Therapeutic Regression,BIOMEDICAL AND HEALTH SCIENCES — Second Award,,true,https://www.societyforscience.org/press-release/regeneron-isef-2026-full-awards/,age_missing
ISEF,2026,Jaehyeon Lee,,"George Walton Comprehensive High School, GA, Cobb/Paulding Regional Science Fair",United States of America,Glucotoxicity in Regeneration: Modeling Hyperglycemia-Induced Repair Failure in Planaria,BIOMEDICAL AND HEALTH SCIENCES — Third Award,,true,https://www.societyforscience.org/press-release/regeneron-isef-2026-full-awards/,age_missing
ISEF,2026,Arnav Prathipati,,"Carlmont High School, CA, Golden Gate STEM Fair",United States of America,"Evaluating Active, Passive, and Electromuscular Recovery Methods on Pitching Performance and Fatigue in High School Athletes",BIOMEDICAL AND HEALTH SCIENCES — Third Award,,true,https://www.societyforscience.org/press-release/regeneron-isef-2026-full-awards/,age_missing
ISEF,2026,Lula Wang,,"Greenwich High School, CT, Connecticut Science & Engineering Fair",United States of America,"Design of a Novel, Dual-Functioning, T-Cell-Engaging and Cytarabine-Based Nanotherapeutic for Acute Myeloid Leukemia Treatment",BIOMEDICAL AND HEALTH SCIENCES — Third Award,,true,https://www.societyforscience.org/press-release/regeneron-isef-2026-full-awards/,age_missing
ISEF,2026,Joshua Wu,,"Dublin High School, CA, HITACHI Science and Engineering Fair, Alameda County",United States of America,Protein Assassins: Screening for Improved Degraders to Reverse Tumor Immortality,BIOMEDICAL AND HEALTH SCIENCES — Third Award,,true,https://www.societyforscience.org/press-release/regeneron-isef-2026-full-awards/,age_missing
ISEF,2026,Juan Hindi,,"Dar AlFikr Schools, Makkah, Mawhiba Science & Engineering Fair",Saudi Arabia,PPARγ–PGC-1α-Mediated Mitochondrial Biogenesis in Fibromyalgia: From PQQ Evaluation to Rosiglitazone Repurposing,BIOMEDICAL AND HEALTH SCIENCES — Third Award,,true,https://www.societyforscience.org/press-release/regeneron-isef-2026-full-awards/,age_missing
ISEF,2026,Dominic Bernardi,,"Redlands East Valley High School, CA, San Bernardino, Inyo, Mono, (SIM) Science and Engineering Fair",United States of America,Breath-Based Volatile Organic Compound Profiling as a Noninvasive Approach to Detect Eosinophilic Esophagitis,BIOMEDICAL AND HEALTH SCIENCES — Third Award,,true,https://www.societyforscience.org/press-release/regeneron-isef-2026-full-awards/,age_missing
ISEF,2026,Zackary Lewis,,"Redlands East Valley High School, CA, San Bernardino, Inyo, Mono, (SIM) Science and Engineering Fair",United States of America,Breath-Based Volatile Organic Compound Profiling as a Noninvasive Approach to Detect Eosinophilic Esophagitis,BIOMEDICAL AND HEALTH SCIENCES — Third Award,,true,https://www.societyforscience.org/press-release/regeneron-isef-2026-full-awards/,age_missing
ISEF,2026,Jamie Cheng,,"Green Level High School, NC, North Carolina State Science Fair",United States of America,BREATHE: Bioactive Respiratory Extracellular Vesicles for Vaping Addiction Therapy and Healing of Epithelium,BIOMEDICAL ENGINEERING — First Award,,true,https://www.societyforscience.org/press-release/regeneron-isef-2026-full-awards/,age_missing
ISEF,2026,Natdanai Suksri,,"The Prince Royal’s College, SST-NSM National Science Projects Competition, Thailand Nattaphong Thaworn, The Prince Royal’s College, SST-NSM National Science Projects Competition, Thailand Poomjai Pongsriwat, The Prince Royal’s College, SST-NSM National Science Projects Competition",Thailand,"Cost-Effective MalariaX: An AI-Optomechatronic System Decoding Expert Reasoning Into a Sub-Micron, Pan-Species Clinically Traceable Pipeline",BIOMEDICAL ENGINEERING — First Award,,true,https://www.societyforscience.org/press-release/regeneron-isef-2026-full-awards/,age_missing
ISEF,2026,Gopalaniket Tadinada,,"North Oldham High School, KY, Louisville Regional Science and Engineering Fair",United States of America,"AIRA: A Patient-Specific, Risk-Weighted Surgical Path Planning and Preclinical Robotic Execution Framework for Maximal Safe Glioma Resection",BIOMEDICAL ENGINEERING — Second Award,,true,https://www.societyforscience.org/press-release/regeneron-isef-2026-full-awards/,age_missing
ISEF,2026,Junzhe Wang,,"The High School Affiliated to Renmin University of China, Beijing, Beijing -Tianjin – Hebei Young Science Fair (BTHYSF)",China,From Cognitive Shift Theory to Closed-Loop Neurocognitive Control: An End-to-End EEG-Based System for Real-Time Attention Regulation,BIOMEDICAL ENGINEERING — Second Award,,true,https://www.societyforscience.org/press-release/regeneron-isef-2026-full-awards/,age_missing
ISEF,2026,Rig Saini,,"Santa Clara High School, CA, Synopsys Silicon Valley Science and Technology Championship presented by the Santa Clara Valley Science and Engineering Fair Association",United States of America,ATLAS: A Multi-Axis Ankle-Foot Prosthetic With Adaptive Tendon Stiffness for Locomotor Assistance and Stability,BIOMEDICAL ENGINEERING — Second Award,,true,https://www.societyforscience.org/press-release/regeneron-isef-2026-full-awards/,age_missing
ISEF,2026,Dean Jordan,,"International Academy, MI, Science and Engineering Fair of Metropolitan Detroit",United States of America,Towards Completing and Annotating the Human Connectome With CGNN: Connectome Generation Neural Network,BIOMEDICAL ENGINEERING — Second Award,,true,https://www.societyforscience.org/press-release/regeneron-isef-2026-full-awards/,age_missing
ISEF,2026,Ameya Kharade,,"Nashua High School South, NH, New Hampshire Science & Engineering Expo",United States of America,Breaking the Brain-Computer Interface Ceiling: Discovering a New Paradigm for Brain-Machine Communication That Enables Noninvasive Interfaces to Reach Invasive-Class Communication Speed,BIOMEDICAL ENGINEERING — Second Award,,true,https://www.societyforscience.org/press-release/regeneron-isef-2026-full-awards/,age_missing
ISEF,2026,Cynthia Chen,,"Walter Payton College Preparatory High School, IL, Chicago Public Schools Student Science Fair",United States of America,REVOICE: A Real-Time Speech-to-Text Text-to-Speech Destuttering Pipeline,BIOMEDICAL ENGINEERING — Third Award,,true,https://www.societyforscience.org/press-release/regeneron-isef-2026-full-awards/,age_missing
ISEF,2026,Jiya Joshi,,"William B. Travis High School, TX, Science Engineering Fair of Houston",United States of America,"POCKET: A Multiplexing Point-of-Care Kinetic Electrochemical Test Using Aptamers for Accessible, Rapid Diagnostics",BIOMEDICAL ENGINEERING — Third Award,,true,https://www.societyforscience.org/press-release/regeneron-isef-2026-full-awards/,age_missing
ISEF,2026,Sai Spoorthi Maram,,"William B. Travis High School, TX, Science Engineering Fair of Houston",United States of America,"POCKET: A Multiplexing Point-of-Care Kinetic Electrochemical Test Using Aptamers for Accessible, Rapid Diagnostics",BIOMEDICAL ENGINEERING — Third Award,,true,https://www.societyforscience.org/press-release/regeneron-isef-2026-full-awards/,age_missing
ISEF,2026,Helen Wan,,"Pine Creek High School, CO, Pikes Peak Regional Science Fair",United States of America,Medicine Dissolution in a Microgravity Environment Emulated by Acoustic Levitation,BIOMEDICAL ENGINEERING — Third Award,,true,https://www.societyforscience.org/press-release/regeneron-isef-2026-full-awards/,age_missing
ISEF,2026,Diya Ramakrishnan,,"Saginaw Arts and Sciences Academy, MI, Flint Regional Science & Engineering Fair",United States of America,Low Cost Breath-Based System to Detect Cancers,BIOMEDICAL ENGINEERING — Third Award,,true,https://www.societyforscience.org/press-release/regeneron-isef-2026-full-awards/,age_missing
ISEF,2026,Baoya Fan,,"Hamilton High School, AZ, Arizona Science and Engineering Fair",United States of America,"Nanoparticle Enabled, Rapid Detection of Infectious Diseases at Femtomolar Sensitivity",BIOMEDICAL ENGINEERING — Third Award,,true,https://www.societyforscience.org/press-release/regeneron-isef-2026-full-awards/,age_missing
ISEF,2026,Kai Vajapey,,"Moorestown High School, NJ, Delaware Valley Science Fairs",United States of America,TremorPause: A Wearable Inertial Hand Tremor Evaluation and Suppression System,BIOMEDICAL ENGINEERING — Third Award,,true,https://www.societyforscience.org/press-release/regeneron-isef-2026-full-awards/,age_missing
ISEF,2026,Poonyapath Thongpitaktarvorn,,"Bangkok Christian College, Young Scientists Competition, Thailand Poowit Siriphant, Bangkok Christian College, Young Scientists Competition",Thailand,"RADIA: Novel Assessment Through a Unified AI-Driven Embedded Respiratory Health System Integrating 3D Airway Modeling for Rapid Screening, Monitoring, and Rehabilitation",BIOMEDICAL ENGINEERING — Third Award,,true,https://www.societyforscience.org/press-release/regeneron-isef-2026-full-awards/,age_missing
ISEF,2026,Serena Yuan,,"Menlo School, CA, California Science & Engineering Fair",United States of America,Kiri-Grip: Integrated Kirigami-EMG Robotic Hand With Geometric Optimization of Cut Topologies for Assistive Grasping,BIOMEDICAL ENGINEERING — Third Award,,true,https://www.societyforscience.org/press-release/regeneron-isef-2026-full-awards/,age_missing
ISEF,2026,Evan Morris,,"Saint Paul Academy and Summit School, MN, Minnesota Academy of Science State Science & Engineering Fair",United States of America,SILENCE: On-Demand Seizure Suppression via Closed-Loop Sonogenetics,CELLULAR AND MOLECULAR BIOLOGY — First Award,,true,https://www.societyforscience.org/press-release/regeneron-isef-2026-full-awards/,age_missing
ISEF,2026,Alan Alwakeel,,"Stanton College Preparatory School, FL, State Science and Engineering Fair of Florida – Ying Scholars",United States of America,The Virtual Cell 2.0: Expanding Precision and Personalized Cancer Therapy Through AI-Powered Simulation,CELLULAR AND MOLECULAR BIOLOGY — Second Award,,true,https://www.societyforscience.org/press-release/regeneron-isef-2026-full-awards/,age_missing
ISEF,2026,Nicholas Khoury Levy,,"The Masters School, NY, New York State Science and Engineering Fair",United States of America,Hyperactive (Autoimmunity) vs. Dysfunctional (Cancer) T Cells: Two Sides of the Same Coin,CELLULAR AND MOLECULAR BIOLOGY — Second Award,,true,https://www.societyforscience.org/press-release/regeneron-isef-2026-full-awards/,age_missing
ISEF,2026,Kai Kuboi,,"Iolani School, HI, Hawaii Association of Independent Schools Science and Engineering Fair",United States of America,Modeling LEPID Pathogenesis in vitro: siRNA Knockdown of Kars1 in PC12 Cells Reveals Downstream Gene Dysregulation,CELLULAR AND MOLECULAR BIOLOGY — Third Award,,true,https://www.societyforscience.org/press-release/regeneron-isef-2026-full-awards/,age_missing
ISEF,2026,Jiwoo Kim,,"The Carol Martin Gatton Academy of Mathematics and Science in Kentucky, KY, Louisville Regional Science and Engineering Fair",United States of America,The Mechanistic Effect of Isoflurane on Crayfish Synaptic Transmission,CELLULAR AND MOLECULAR BIOLOGY — Third Award,,true,https://www.societyforscience.org/press-release/regeneron-isef-2026-full-awards/,age_missing
ISEF,2026,Ashley Hein,,"Lynbrook High School, CA, Synopsys Silicon Valley Science and Technology Championship presented by the Santa Clara Valley Science and Engineering Fair Association",United States of America,Modulation of Neural Stem Cell Fate by Reactive Astrocytes,CELLULAR AND MOLECULAR BIOLOGY — Third Award,,true,https://www.societyforscience.org/press-release/regeneron-isef-2026-full-awards/,age_missing
ISEF,2026,Benedikt Kienle,,"Lancaster Country Day School, PA, North Museum Science and Engineering Fair",United States of America,New Green Chemistry Iridium Catalysts,CHEMISTRY — First Award,,true,https://www.societyforscience.org/press-release/regeneron-isef-2026-full-awards/,age_missing
ISEF,2026,Lakshmi Agrawal,,"Interlake High School, WA, Washington State Science and Engineering Fair",United States of America,Stormwater Remediation of 6PPD and 6PPD-Quinone Using Sustainable Citric Acid and Aluminum Crosslinked Nanocellulose Hydrosponges,CHEMISTRY — First Award,,true,https://www.societyforscience.org/press-release/regeneron-isef-2026-full-awards/,age_missing
ISEF,2026,Gulsen Ece Ozge,,"Tubitak Science High School, Tubitak Fair, Turkey Kadir Kagan Sahin, Tubitak Science High School, Tubitak Fair",Turkey,Acorn–Derived Hydrogel for Antifungal Treatment,CHEMISTRY — Second Award,,true,https://www.societyforscience.org/press-release/regeneron-isef-2026-full-awards/,age_missing
ISEF,2026,Keith Xin,,"Whitney M. Young Magnet High School, IL, Chicago Public Schools Student Science Fair",United States of America,High-Capacity Al3+/Fe3+-Crosslinked Nanocellulose Hydrogels for Arsenite Removal: A Zero-Waste Approach to Water Remediation,CHEMISTRY — Second Award,,true,https://www.societyforscience.org/press-release/regeneron-isef-2026-full-awards/,age_missing
ISEF,2026,Ayush Vasireddy,,"Marquette High School, MO, Academy of Science – Greater St. Louis Science Fair",United States of America,A Cost-Effective Hierarchical Bimodal Nanoporous Gold Sensor for the Electrochemical Detection of Bisphenol F,CHEMISTRY — Second Award,,true,https://www.societyforscience.org/press-release/regeneron-isef-2026-full-awards/,age_missing
ISEF,2026,Ryan Tae,,"Jericho High School, NY, Long Island Science and Engineering Fair",United States of America,Unlocking a Tenfold Increase in Battery Performance: Poly(citric Acid) as a Novel Binder for Silicon Anode Batteries,CHEMISTRY — Second Award,,true,https://www.societyforscience.org/press-release/regeneron-isef-2026-full-awards/,age_missing
ISEF,2026,Man Shun Tam,,"King’s College, Hong Kong S&T Invention Contest, China, Hong Kong Special Administrative Region Marcus Hok Yin Cheung, King’s College, Hong Kong S&T Invention Contest, China, Hong Kong Special Administrative Region Pak Hang Chan, King’s College, Hong Kong S&T Invention Contest, China",Hong Kong Special Administrative Region,"Synthesis of Uniform-Sized Silver-Cysteine-Functionalized Superparamagnetic Iron(II, III) Oxide Nanoparticles (SPIONs) Under Aerobic Condition and Its Potential Application in Chiral Separation",CHEMISTRY — Third Award,,true,https://www.societyforscience.org/press-release/regeneron-isef-2026-full-awards/,age_missing
ISEF,2026,Lucie Ovcacikova,,"Gymnazium Olomouc – Hejcin, Olomoucky Kraj, Students’ Professional Activities (SPA)",Czech Republic,The Study of Possibilities of Using Diazonium Salt of Activated Ester for Peptide Cyclization,CHEMISTRY — Third Award,,true,https://www.societyforscience.org/press-release/regeneron-isef-2026-full-awards/,age_missing
ISEF,2026,Pavan Subramani,,"Morgantown High School, WV, West Virginia State Science and Engineering Fair",United States of America,The Hybridization of Generative Diffusion Models With Molecular Dynamics Simulations: a Novel Method to Accelerate Drug Discovery,CHEMISTRY — Third Award,,true,https://www.societyforscience.org/press-release/regeneron-isef-2026-full-awards/,age_missing
ISEF,2026,Olaf Muchalski,,"Clovis West, CA, Fresno County Science Fair",United States of America,Synthesis and Evaluation of Pyridyl Thioester-Based F-Tags for Rapid Analysis of Amino Acids by 19F NMR Spectroscopy,CHEMISTRY — Third Award,,true,https://www.societyforscience.org/press-release/regeneron-isef-2026-full-awards/,age_missing
ISEF,2026,Athulya Rajesh,,"Arizona College Prep High School, AZ, Arizona Science and Engineering Fair",United States of America,A Sustainable Circular Approach to Lithium-Ion Battery Recycling: Optimizing Innocuous Acetic Acid Lixiviation for Exclusive Zinc Recovery From Simulated Black Mass,CHEMISTRY — Third Award,,true,https://www.societyforscience.org/press-release/regeneron-isef-2026-full-awards/,age_missing
ISEF,2026,Abdalrahman Jamal,,"Jeddah Knowledge International School, Makkah, Mawhiba Science & Engineering Fair",Saudi Arabia,Advancing Direct CO₂-to-Methanol Conversion Through Novel Macroporous Cobalt-Indium Catalyst Design,CHEMISTRY — Third Award,,true,https://www.societyforscience.org/press-release/regeneron-isef-2026-full-awards/,age_missing
ISEF,2026,Eshan Vipuil,,"West Shore Junior/Senior High School, FL, Brevard South Regional STEM Fair",United States of America,A Multi-Modal Deep Learning Pipeline Integrating Physics-Informed Neural Networks and 3D Image Processing for Accurate Rupture Prediction and Data-Driven Surgical Planning of Cerebral Aneurysms: Year 3,COMPUTATIONAL BIOLOGY AND BIOINFORMATICS — First Award,,true,https://www.societyforscience.org/press-release/regeneron-isef-2026-full-awards/,age_missing
ISEF,2026,Mohammed Alasmari,,"Rowad High School, Eastern Province, Mawhiba Science & Engineering Fair",Saudi Arabia,A Markov Chain Model for Predicting ETI Resistance Breakdown in Tomato–Pseudomonas syringae,COMPUTATIONAL BIOLOGY AND BIOINFORMATICS — First Award,,true,https://www.societyforscience.org/press-release/regeneron-isef-2026-full-awards/,age_missing
ISEF,2026,Austin Zi Rui Liu,,"Raffles Institution, Singapore Science and Engineering Fair",Singapore,Beating the Odds in Drug Discovery With 3DICE: Interpretable 3D Cross-Modal Learning for Drug–Target Interaction Prediction at Scale,COMPUTATIONAL BIOLOGY AND BIOINFORMATICS — Second Award,,true,https://www.societyforscience.org/press-release/regeneron-isef-2026-full-awards/,age_missing
ISEF,2026,Matthew Shen,,"Saint Theresa of Lisieux Catholic High School, Ontario, Youth Science Canada – Team Canada",Canada,A Multi-Omic “Digital Embryo” Framework to Model Early Human Preimplantation Development In Silico,COMPUTATIONAL BIOLOGY AND BIOINFORMATICS — Second Award,,true,https://www.societyforscience.org/press-release/regeneron-isef-2026-full-awards/,age_missing
ISEF,2026,Warren Fu,,"Horace Greeley High School, NY, Regeneron-Westchester Science and Engineering Fair",United States of America,Biophysical and Genomic Drivers of Targeted Therapy Resistance: Analysis of Growth Dynamics in Non-Small Cell Lung Cancer,COMPUTATIONAL BIOLOGY AND BIOINFORMATICS — Second Award,,true,https://www.societyforscience.org/press-release/regeneron-isef-2026-full-awards/,age_missing
ISEF,2026,Ahyoung Song,,"International Academy, MI, Science and Engineering Fair of Metropolitan Detroit",United States of America,Designing and Delivering Molecular Glue Degraders for the Total Elimination of Previously Undruggable Pathogenic Proteins,COMPUTATIONAL BIOLOGY AND BIOINFORMATICS — Second Award,,true,https://www.societyforscience.org/press-release/regeneron-isef-2026-full-awards/,age_missing
ISEF,2026,Arnav Sharma,,"International Academy, MI, Science and Engineering Fair of Metropolitan Detroit",United States of America,Designing and Delivering Molecular Glue Degraders for the Total Elimination of Previously Undruggable Pathogenic Proteins,COMPUTATIONAL BIOLOGY AND BIOINFORMATICS — Second Award,,true,https://www.societyforscience.org/press-release/regeneron-isef-2026-full-awards/,age_missing
ISEF,2026,Jerry Xu,,"Lexington High School, MA, Massachusetts State Science & Engineering Fair",United States of America,A Unified Protein Embedding Model With Local and Global Structural Sensitivity,COMPUTATIONAL BIOLOGY AND BIOINFORMATICS — Second Award,,true,https://www.societyforscience.org/press-release/regeneron-isef-2026-full-awards/,age_missing
ISEF,2026,Adhrith Vutukuri,,"Nikola Tesla STEM High School, WA, Central Sound Regional Science & Engineering Fair",United States of America,"GlueForge: A Generalizable Pipeline for Molecular Glue Discovery via Multi-Stage Screening and Geometry-Aware Ternary Learning, Demonstrated at the FBW7–MYC Interface",COMPUTATIONAL BIOLOGY AND BIOINFORMATICS — Third Award,,true,https://www.societyforscience.org/press-release/regeneron-isef-2026-full-awards/,age_missing
ISEF,2026,Krishna Bhatt,,"BASIS Independent Silicon Valley, CA, Synopsys Silicon Valley Science and Technology Championship presented by the Santa Clara Valley Science and Engineering Fair Association",United States of America,THALis: A Topology-Preserving Brain-Computer Interface for Dexterous Non-Invasive EEG-Driven Hand Control,COMPUTATIONAL BIOLOGY AND BIOINFORMATICS — Third Award,,true,https://www.societyforscience.org/press-release/regeneron-isef-2026-full-awards/,age_missing
ISEF,2026,Yookta Pandit,,"Quarry Lane School, CA, HITACHI Science and Engineering Fair, Alameda County",United States of America,A Multimodal Approach to Real-Time Seizure Prediction Using Discreet Wearables,COMPUTATIONAL BIOLOGY AND BIOINFORMATICS — Third Award,,true,https://www.societyforscience.org/press-release/regeneron-isef-2026-full-awards/,age_missing
ISEF,2026,Amritha Praveen,,"Adlai E. Stevenson High School, IL, Illinois Junior Academy of Science State Exposition",United States of America,GeneSTRATA: An Outcome-Aware Multimodal Hierarchical Bayesian Framework for Biologically Structured Autism Subtype Discovery and Prognostic Stratification,COMPUTATIONAL BIOLOGY AND BIOINFORMATICS — Third Award,,true,https://www.societyforscience.org/press-release/regeneron-isef-2026-full-awards/,age_missing
ISEF,2026,Arnav Chaphalkar,,"Adlai E. Stevenson High School, IL, Illinois Junior Academy of Science State Exposition",United States of America,Spatial Transcriptomics-Conditioned Latent Diffusion Models for Synthetic Histopathology Tissue Patch Generation,COMPUTATIONAL BIOLOGY AND BIOINFORMATICS — Third Award,,true,https://www.societyforscience.org/press-release/regeneron-isef-2026-full-awards/,age_missing
ISEF,2026,Zainab Zahran,,"Galal Official Language School, Cairo, Egypt Science and Engineering fair – Cairo & Upper Egypt",Egypt,Simulating Quantum-Coherence Dynamics in ALS Neuronal Ion Channels via Lindblad Master Equation: A Computational Biophysics Approach,COMPUTATIONAL BIOLOGY AND BIOINFORMATICS — Third Award,,true,https://www.societyforscience.org/press-release/regeneron-isef-2026-full-awards/,age_missing
ISEF,2026,Laksh Agarwal,,"Carmel High School, IN, Hoosier Science and Engineering Fair",United States of America,H.E.P.A.R (Hepatic Ensemble Predictive Analysis Resource): A Convergent Machine Learning Architecture for Drug-Induced Liver Injury Prediction,COMPUTATIONAL BIOLOGY AND BIOINFORMATICS — Third Award,,true,https://www.societyforscience.org/press-release/regeneron-isef-2026-full-awards/,age_missing
ISEF,2026,Neo Dong,,"Carmel High School, IN, Hoosier Science and Engineering Fair",United States of America,H.E.P.A.R (Hepatic Ensemble Predictive Analysis Resource): A Convergent Machine Learning Architecture for Drug-Induced Liver Injury Prediction,COMPUTATIONAL BIOLOGY AND BIOINFORMATICS — Third Award,,true,https://www.societyforscience.org/press-release/regeneron-isef-2026-full-awards/,age_missing
ISEF,2026,Emma Liu,,"The Bishop’s School, CA, California Science & Engineering Fair",United States of America,Computational Pipeline for High-Throughput 3D Quantification of Cell States in Polymorphonuclear Neutrophils,COMPUTATIONAL BIOLOGY AND BIOINFORMATICS — Third Award,,true,https://www.societyforscience.org/press-release/regeneron-isef-2026-full-awards/,age_missing
ISEF,2026,Makaila Eagleton,,"Somers High School, NY, Regeneron-Westchester Science and Engineering Fair",United States of America,Investigating the Stability of Prebiotic Uracil Under the Conditions of Impact-Generated Terrestrial Hydrothermal Systems,EARTH AND ENVIRONMENTAL SCIENCES — First Award,,true,https://www.societyforscience.org/press-release/regeneron-isef-2026-full-awards/,age_missing
ISEF,2026,Tina Jin,,"Phillips Academy, MA, New Hampshire Science & Engineering Expo",United States of America,Sustainable Animal Bone Filtration for the Design of Water Treatment Devices for Resource-Limited Regions,EARTH AND ENVIRONMENTAL SCIENCES — First Award,,true,https://www.societyforscience.org/press-release/regeneron-isef-2026-full-awards/,age_missing
ISEF,2026,Anders Thogerson,,"Joel E. Ferris High School, WA, Eastern Washington Regional Science and Engineering Fair",United States of America,"The Chemical and Structural Effects of Wildfire Smoke on Triticum aestivum Oryza sativa, and Brassica oleracea var. italica: A Multimodal Microscopy and Germination Matrix Analysis",EARTH AND ENVIRONMENTAL SCIENCES — Second Award,,true,https://www.societyforscience.org/press-release/regeneron-isef-2026-full-awards/,age_missing
ISEF,2026,Teddy Osborne,,"Joel E. Ferris High School, WA, Eastern Washington Regional Science and Engineering Fair",United States of America,"The Chemical and Structural Effects of Wildfire Smoke on Triticum aestivum Oryza sativa, and Brassica oleracea var. italica: A Multimodal Microscopy and Germination Matrix Analysis",EARTH AND ENVIRONMENTAL SCIENCES — Second Award,,true,https://www.societyforscience.org/press-release/regeneron-isef-2026-full-awards/,age_missing
ISEF,2026,Prayrona Choudhury,,"Hanford High School, WA, Mid-Columbia Regional Science and Engineering Fair",United States of America,AquaShift: Synchronized Chemical Equilibrium Convergence as a Leading Indicator of Phycocyanin-Threshold Cyanobacterial Bloom Onset Across Contrasting Freshwater Systems,EARTH AND ENVIRONMENTAL SCIENCES — Second Award,,true,https://www.societyforscience.org/press-release/regeneron-isef-2026-full-awards/,age_missing
ISEF,2026,Daleen Qudair,,"The Thirty-Third Girls’ High School, Makkah, Mawhiba Science & Engineering Fair",Saudi Arabia,Interfacial Crystallization for Oil Spill Remediation Using Divalent Ions Zn²⁺ and Ca²⁺ and Bio-Derived Myristic Acid,EARTH AND ENVIRONMENTAL SCIENCES — Second Award,,true,https://www.societyforscience.org/press-release/regeneron-isef-2026-full-awards/,age_missing
ISEF,2026,Hao Lin,,"Mira Costa High School, CA, California Science & Engineering Fair",United States of America,Physics-Anchored Short-Term Earthquake Hazard Characterization Using Large-Scale Seismic Data Waveform-Derived Sequence Information Improves Leakage-Safe Short-Term Regional Hazard Indicators Beyond Catalog-Only Baselines,EARTH AND ENVIRONMENTAL SCIENCES — Second Award,,true,https://www.societyforscience.org/press-release/regeneron-isef-2026-full-awards/,age_missing
ISEF,2026,Delaney Peterson,,"Belleview High School, FL, Big Springs Regional Science Fair",United States of America,"Revolutionizing Artificial Reefs: Recycled Foamed Glass Aggregates as a Sustainable Solution for Oyster Habitats, Year 3",EARTH AND ENVIRONMENTAL SCIENCES — Third Award,,true,https://www.societyforscience.org/press-release/regeneron-isef-2026-full-awards/,age_missing
ISEF,2026,Bennet Chen,,"Little Rock Central High School, AR, Central Arkansas Regional Science and Engineering Fair",United States of America,AgriCast: A Novel Environmentally-Driven Framework for In-Season Crop Yield Forecasts via Machine Learning,EARTH AND ENVIRONMENTAL SCIENCES — Third Award,,true,https://www.societyforscience.org/press-release/regeneron-isef-2026-full-awards/,age_missing
ISEF,2026,Jack Gao,,"Thomas Jefferson High School for Science and Technology, VA, Fairfax County Regional Science and Engineering Fair",United States of America,TorSight: Transitioning From Tornado Detection to Prediction Through Pre-Tornadic Signatures,EARTH AND ENVIRONMENTAL SCIENCES — Third Award,,true,https://www.societyforscience.org/press-release/regeneron-isef-2026-full-awards/,age_missing
ISEF,2026,Kaylee Kiesow,,"Aberdeen Central High School, SD, Northern South Dakota Science and Math Fair",United States of America,The Hidden Threat: Microplastics and Gut Formation in Sea Urchin Larvae,EARTH AND ENVIRONMENTAL SCIENCES — Third Award,,true,https://www.societyforscience.org/press-release/regeneron-isef-2026-full-awards/,age_missing
ISEF,2026,Maria Polyanska,,"Garth Webb Secondary School, Ontario, Bay Area Science and Engineering Fair",Canada,WindDrift: Engineered Real Time Adaptive Platform for Atmospheric and Marine Sensing,EARTH AND ENVIRONMENTAL SCIENCES — Third Award,,true,https://www.societyforscience.org/press-release/regeneron-isef-2026-full-awards/,age_missing
ISEF,2026,Srihaan Seelam,,"Horace Greeley High School, NY, New York State Science and Engineering Fair",United States of America,CorAI: Global Coral Bleaching Prediction Using Region-Specific Artificial Intelligence and Machine Learning Models,EARTH AND ENVIRONMENTAL SCIENCES — Third Award,,true,https://www.societyforscience.org/press-release/regeneron-isef-2026-full-awards/,age_missing
ISEF,2026,Filip Lajciak,,"Secondary Technical High School Dubnica nad Vahom, Trenciansky kraj, AMAVET-Slovak Association for Youth, Science & Technology",Slovakia,A Novel Stereo Vision 3D Scanning System for Microscopic Samples,EMBEDDED SYSTEMS — First Award,,true,https://www.societyforscience.org/press-release/regeneron-isef-2026-full-awards/,age_missing
ISEF,2026,Eren Kaygisiz,,"Ataturk High School of Science, Tubitak Fair, Turkey Hasan Yagiz Ozer, Ataturk High School of Science, Tubitak Fair, Turkey Kerem Gelir, Ataturk High School of Science, Tubitak Fair",Turkey,EM-A: Electromagnetic Anemometer With Dynamic Sensitivity,EMBEDDED SYSTEMS — Second Award,,true,https://www.societyforscience.org/press-release/regeneron-isef-2026-full-awards/,age_missing
ISEF,2026,Michael Reeves,,"Ivanhoe Grammar School, Victoria, Australian Science and Engineering Fair",Australia,CryoFlow: A Streaming FPGA Architecture for High-Efficiency Cryogenic Electron Microscopy Reconstruction,EMBEDDED SYSTEMS — Second Award,,true,https://www.societyforscience.org/press-release/regeneron-isef-2026-full-awards/,age_missing
ISEF,2026,Cavon Hajimiri,,"Polytechnic School, CA, Los Angeles County Science and Engineering Fair",United States of America,Hindsight: An End-to-End Ultra-Low-Cost Wearable Safety Radar for Pedestrians With Edge-Executed Machine Learning,EMBEDDED SYSTEMS — Second Award,,true,https://www.societyforscience.org/press-release/regeneron-isef-2026-full-awards/,age_missing
ISEF,2026,Samuel Kim,,"Bergen County Academies, NJ, BCA Research Expo",United States of America,Novel Auto-Leveling Footwear System for Postural Stability Support,EMBEDDED SYSTEMS — Third Award,,true,https://www.societyforscience.org/press-release/regeneron-isef-2026-full-awards/,age_missing
ISEF,2026,Syd (Morgan) West,,"Horton High School, Nova Scotia, Youth Science Canada – Team Canada",Canada,A Wearable System for Real-Time Detection and Attenuation of Hazardous Visual Stimuli,EMBEDDED SYSTEMS — Third Award,,true,https://www.societyforscience.org/press-release/regeneron-isef-2026-full-awards/,age_missing
ISEF,2026,Aarit Atreja,,"Davis Senior High School, CA, Sacramento Regional Science and Engineering Fair",United States of America,Universal CPR AI Assistance Response Engine (U-CARE): Development and Evaluation,EMBEDDED SYSTEMS — Third Award,,true,https://www.societyforscience.org/press-release/regeneron-isef-2026-full-awards/,age_missing
ISEF,2026,William Yuan,,"Fairmont Preparatory Academy, CA, Orange County Science and Engineering Fair",United States of America,Quantitative Characterization of LoRa Signal Propagation: Discrepancies Between Analytical Link-Budget Models and Empirical Field Measurements for a Novel Ground-Based LoRa Grid Network Tracking and Search-and-Rescue System,EMBEDDED SYSTEMS — Third Award,,true,https://www.societyforscience.org/press-release/regeneron-isef-2026-full-awards/,age_missing
ISEF,2026,Janak Vasisht,,"H-B Woodlawn Secondary Program, VA, Northern Virginia Science and Engineering Fair",United States of America,Optimization of Wind Turbine Performance: Integrating Evolutionary Based AI-Assisted Genetic Algorithms and XGBoost With Blade Element Momentum and Aero-Servo-Hydro-Elastic Simulations,ENERGY: SUSTAINABLE MATERIALS AND DESIGN — First Award,,true,https://www.societyforscience.org/press-release/regeneron-isef-2026-full-awards/,age_missing
ISEF,2026,Chi Kin Pun,,"Pui Ching Middle School, Macao Region Science Fair, China, Macao Special Administrative Region Lok Ieng Lou, Pui Ching Middle School, Macao Region Science Fair, China",Macao Special Administrative Region,Titanium Sulfide-Iodine Hybrid Catalysts Promote Solid-Solid Redox Reactions in All-Solid-State Lithium-Sulfur Batteries,ENERGY: SUSTAINABLE MATERIALS AND DESIGN — Second Award,,true,https://www.societyforscience.org/press-release/regeneron-isef-2026-full-awards/,age_missing
ISEF,2026,Ao Wang,,"Shanghai Foreign Language School Affiliated to SISU, Shanghai Science Seed Olympiad",China,Machine Learning Guided and Accelerated Development of Semiconductor Photothermal Materials Using Doping Strategy to Modify Bandgap for Enhancing Solar Water Evaporation,ENERGY: SUSTAINABLE MATERIALS AND DESIGN — Second Award,,true,https://www.societyforscience.org/press-release/regeneron-isef-2026-full-awards/,age_missing
ISEF,2026,Asher John Garcia,,"Angeles City Science High School, Pampanga, Philippines Science Fair, Philippines Nathan Andrew Canilao, Angeles City Science High School, Pampanga, Philippines Science Fair, Philippines Pierre Phoella Ilagan, Angeles City Science High School, Pampanga, Philippines Science Fair",Philippines,WinDTurbinePower: A Novel Hybrid Dimple-Tubercle Blade Configuration Integrating Physics-Informed Gaussian Process (PIGP) for Power Coefficient (Cp) Optimization,ENERGY: SUSTAINABLE MATERIALS AND DESIGN — Second Award,,true,https://www.societyforscience.org/press-release/regeneron-isef-2026-full-awards/,age_missing
ISEF,2026,Anita Huang,,"Taipei Fuhsing Private School, Taiwan International Science Fair",Chinese Taipei,A New Class of Thermoelectric Material – Electrical Power From Coconut-Fibers and Carbon Nanoparticles,ENERGY: SUSTAINABLE MATERIALS AND DESIGN — Third Award,,true,https://www.societyforscience.org/press-release/regeneron-isef-2026-full-awards/,age_missing
ISEF,2026,Benjamin Kwon,,"Chantilly High School, VA, Fairfax County Regional Science and Engineering Fair",United States of America,The Effect of Pendulum Configuration on Energy Harvesting Efficiency Across Different Wave Conditions,ENERGY: SUSTAINABLE MATERIALS AND DESIGN — Third Award,,true,https://www.societyforscience.org/press-release/regeneron-isef-2026-full-awards/,age_missing
ISEF,2026,Utsav Das,,"Chantilly High School, VA, Fairfax County Regional Science and Engineering Fair",United States of America,The Effect of Pendulum Configuration on Energy Harvesting Efficiency Across Different Wave Conditions,ENERGY: SUSTAINABLE MATERIALS AND DESIGN — Third Award,,true,https://www.societyforscience.org/press-release/regeneron-isef-2026-full-awards/,age_missing
ISEF,2026,Ali Alnaib,,"Salem High School, MI, Science and Engineering Fair of Metropolitan Detroit",United States of America,Structural Optimization of Wireless Power Transfer Using 3D-Printed Metamaterials,ENERGY: SUSTAINABLE MATERIALS AND DESIGN — Third Award,,true,https://www.societyforscience.org/press-release/regeneron-isef-2026-full-awards/,age_missing
ISEF,2026,Fatimah Alsaleem,,"Tabuk International Schools, Northern Province, Mawhiba Science & Engineering Fair",Saudi Arabia,Tailored Bimetallic NiCo Electrocatalyst for Dual Green Hydrogen and Formate Production From Seawater,ENERGY: SUSTAINABLE MATERIALS AND DESIGN — Third Award,,true,https://www.societyforscience.org/press-release/regeneron-isef-2026-full-awards/,age_missing
ISEF,2026,Ana Spiride,,"Plano East Senior High School, TX, Texas Science and Engineering Fair",United States of America,HandTalk: A Translation System for American Sign Language,ENGINEERING TECHNOLOGY: STATICS & DYNAMICS — First Award,,true,https://www.societyforscience.org/press-release/regeneron-isef-2026-full-awards/,age_missing
ISEF,2026,U Ian Min,,"Pui Ching Middle School, Macao Region Science Fair, China",Macao Special Administrative Region,A Universal Kinematic Assist Platform Based on Active Floating-Drive Mechanism: Achieving Load-Adaptive Traction and Passive Freewheeling,ENGINEERING TECHNOLOGY: STATICS & DYNAMICS — Second Award,,true,https://www.societyforscience.org/press-release/regeneron-isef-2026-full-awards/,age_missing
ISEF,2026,Sophie Schuh,,"Viera High School, FL, Brevard Mainland Regional STEM Fair",United States of America,"Revolutionizing Marine Mammal Survival Through Multi-Spectrum Imaging, AI-Powered Detection and Innovative Disentanglement Strategies",ENGINEERING TECHNOLOGY: STATICS & DYNAMICS — Second Award,,true,https://www.societyforscience.org/press-release/regeneron-isef-2026-full-awards/,age_missing
ISEF,2026,Shounak Ray Chaudhuri,,"Francis Parker School, CA, Greater San Diego Science and Engineering Fair",United States of America,Novel Scalable Multiphase Autonomous Vehicle Systems for Emerging Markets,ENGINEERING TECHNOLOGY: STATICS & DYNAMICS — Second Award,,true,https://www.societyforscience.org/press-release/regeneron-isef-2026-full-awards/,age_missing
ISEF,2026,Ryan Zhao,,"BASIS International School Hangzhou, ZheJiang, Sichuan Science Fair, China Yulan Sheng, BASIS International School Hangzhou, ZheJiang, Sichuan Science Fair",China,A Fully Self-Developed Open-Source 17 kW High-Temperature Superconducting Applied-Field Magnetoplasmadynamic Thruster for Efficient Deep Space Exploration,ENGINEERING TECHNOLOGY: STATICS & DYNAMICS — Third Award,,true,https://www.societyforscience.org/press-release/regeneron-isef-2026-full-awards/,age_missing
ISEF,2026,Cayson Wang,,"College Park High School, TX, Science Engineering Fair of Houston",United States of America,AeroHive: A Novel Honeycomb Electrohydrodynamic Thruster Array With Vectorized Propulsion,ENGINEERING TECHNOLOGY: STATICS & DYNAMICS — Third Award,,true,https://www.societyforscience.org/press-release/regeneron-isef-2026-full-awards/,age_missing
ISEF,2026,Vivian Liu,,"Texas Academy of Mathematics and Science, TX, Fort Worth Regional Science and Engineering Fair",United States of America,Development of a Low-Cost Grating-Based Surface Plasmon Resonance Sensor for Detection of Waterborne Toxins,ENGINEERING TECHNOLOGY: STATICS & DYNAMICS — Third Award,,true,https://www.societyforscience.org/press-release/regeneron-isef-2026-full-awards/,age_missing
ISEF,2026,Elliot Koziol,,"Madison Country Day School, WI, Badger State Science and Engineering Fair",United States of America,Testing and Deployment of a Thermostatic Valve for Use in the Antarctic Rodwell Apparatus for the IceCube Upgrade Project,ENGINEERING TECHNOLOGY: STATICS & DYNAMICS — Third Award,,true,https://www.societyforscience.org/press-release/regeneron-isef-2026-full-awards/,age_missing
ISEF,2026,Evan Budz,,"Dr Frank J Hayden Secondary School, Ontario, Youth Science Canada – Team Canada",Canada,In Situ Microplastic Detection Using Holographic Imaging and AI on an Autonomous Bionic Sea Turtle,ENVIRONMENTAL ENGINEERING — First Award,,true,https://www.societyforscience.org/press-release/regeneron-isef-2026-full-awards/,age_missing
ISEF,2026,Bennett Huang,,"Langley High School, VA, Fairfax County Regional Science and Engineering Fair",United States of America,Harnessing Methyl Jasmonate Epigenetic Defense Modulation Through an Autonomous Robotic Precision Spraying System for Targeted Pest Control,ENVIRONMENTAL ENGINEERING — First Award,,true,https://www.societyforscience.org/press-release/regeneron-isef-2026-full-awards/,age_missing
ISEF,2026,Jason Pan,,"Langley High School, VA, Fairfax County Regional Science and Engineering Fair",United States of America,Harnessing Methyl Jasmonate Epigenetic Defense Modulation Through an Autonomous Robotic Precision Spraying System for Targeted Pest Control,ENVIRONMENTAL ENGINEERING — First Award,,true,https://www.societyforscience.org/press-release/regeneron-isef-2026-full-awards/,age_missing
ISEF,2026,Justin (Jiaxing) Guo,,"St. George’s School, British Columbia, Youth Science Canada – Team Canada",Canada,SmartFilter: A Universal Non-Fouling MNMP and Non-Polar Pollutant Wastewater Filter,ENVIRONMENTAL ENGINEERING — Second Award,,true,https://www.societyforscience.org/press-release/regeneron-isef-2026-full-awards/,age_missing
ISEF,2026,Julianne Luna,,"Sanger High School, CA, Fresno County Science Fair",United States of America,"Functionalized Bio-Composite Sorbent: Novel Core-Shell Beads With Encapsulated Functionalized Biochar Engineered for Selective Chemical Removal of Waterborne Contaminants, Affording Magnetic Retrieval for Optional Circular Water Management",ENVIRONMENTAL ENGINEERING — Second Award,,true,https://www.societyforscience.org/press-release/regeneron-isef-2026-full-awards/,age_missing
ISEF,2026,John Liu,,"Mounds View High School, MN, Minnesota Academy of Science State Science & Engineering Fair",United States of America,Transforming Agricultural Waste Into Green Technology for Lithium Enrichment From Dilute Brines,ENVIRONMENTAL ENGINEERING — Second Award,,true,https://www.societyforscience.org/press-release/regeneron-isef-2026-full-awards/,age_missing
ISEF,2026,Imran Alturkistani,,"Misk Schools, Mawhiba Science & Engineering Fair",Saudi Arabia,Developing a Novel Superhydrophobic GO–Ni/PAN Membrane for Interfacial Solar Steam Generation,ENVIRONMENTAL ENGINEERING — Second Award,,true,https://www.societyforscience.org/press-release/regeneron-isef-2026-full-awards/,age_missing
ISEF,2026,Moneera Alroumi,,"Dhahran Ahliyya Schools, Eastern Province, Mawhiba Science & Engineering Fair",Saudi Arabia,Bioremediation of Crude Oil Using Halotolerant and Thermotolerant Bacteria from Saudi Arabia,ENVIRONMENTAL ENGINEERING — Second Award,,true,https://www.societyforscience.org/press-release/regeneron-isef-2026-full-awards/,age_missing
ISEF,2026,Penelope Phillips,,"Episcopal School of Jacksonville, FL, Northeast Florida Regional Science and Engineering Fair",United States of America,Developing a Colorimetric Patch and Toxicity Index for Detecting Components in Secondhand Smoke,ENVIRONMENTAL ENGINEERING — Third Award,,true,https://www.societyforscience.org/press-release/regeneron-isef-2026-full-awards/,age_missing
ISEF,2026,Carson West,,"Wiregrass Ranch High School, FL, Pasco Regional Science and Engineering Showcase",United States of America,Addressing Deficiencies in Wastewater Treatment: Engineering an Innovative Dielectrophoretic Apparatus Capable of Real-time Emerging Pollutant Remediation,ENVIRONMENTAL ENGINEERING — Third Award,,true,https://www.societyforscience.org/press-release/regeneron-isef-2026-full-awards/,age_missing
ISEF,2026,Marley Wies,,"Greenwich High School, CT, Connecticut Science & Engineering Fair",United States of America,Process Optimization of Green Chemistry Pathway for Fabric-to-Fabric Recycling of Cotton,ENVIRONMENTAL ENGINEERING — Third Award,,true,https://www.societyforscience.org/press-release/regeneron-isef-2026-full-awards/,age_missing
ISEF,2026,Claire Shi,,"Bergen County Academies, NJ, BCA Research Expo",United States of America,Surface-Modified Alginate Bioplastics: Biodegradable Sorbents for Selective Oil Spill Remediation,ENVIRONMENTAL ENGINEERING — Third Award,,true,https://www.societyforscience.org/press-release/regeneron-isef-2026-full-awards/,age_missing
ISEF,2026,Aadya Kanchan,,"Vidyashilp Academy, Karnataka, IRIS (Initiative for Research and Innovation in STEM)",India,Aqua Flux : Passive Vortex-Driven insert for Accelerated Urban Drainage and Waterlogging Mitigation,ENVIRONMENTAL ENGINEERING — Third Award,,true,https://www.societyforscience.org/press-release/regeneron-isef-2026-full-awards/,age_missing
ISEF,2026,Yara AlKadi,,"Dhahran Ahliyya Schools, Eastern Province, Mawhiba Science & Engineering Fair",Saudi Arabia,Visible-Light-Activated SPR-Enhanced Nanocatalyst for Simultaneous Water Disinfection and Organic Pollutant Removal,ENVIRONMENTAL ENGINEERING — Third Award,,true,https://www.societyforscience.org/press-release/regeneron-isef-2026-full-awards/,age_missing
ISEF,2026,Ashley Chifamba,,"Arundel School, Harare, Zimbabwe National Science Fair",Zimbabwe,Development of Biodegradable Sanitary Pads from Indigenous Plant Fibres With Biodegradable Moisture and Removable Reusable Electronic Sensors for Hygiene Monitoring,ENVIRONMENTAL ENGINEERING — Third Award,,true,https://www.societyforscience.org/press-release/regeneron-isef-2026-full-awards/,age_missing
ISEF,2026,Arnav Kodavati,,"Lynbrook High School, CA, Synopsys Silicon Valley Science and Technology Championship presented by the Santa Clara Valley Science and Engineering Fair Association",United States of America,Cost-Effective Fabrication of Biodegradable Paper Towels from Food-Waste Derived Cellulose and Pectin Crosslinked with Ca2+: A Novel Biopolymer Composite Strategy for Enhancing Wet Strength and Absorbency,MATERIALS SCIENCE — First Award,,true,https://www.societyforscience.org/press-release/regeneron-isef-2026-full-awards/,age_missing
ISEF,2026,Kevin Sun,,"Andover High School, MA, Massachusetts State Science & Engineering Fair",United States of America,Printing 2D MXene-Based Chipless Radio Frequency Identification Tags to Enable Plastic Waste Sorting for Recycling,MATERIALS SCIENCE — First Award,,true,https://www.societyforscience.org/press-release/regeneron-isef-2026-full-awards/,age_missing
ISEF,2026,Eubyn Jin,,"Chadwick International School, Korea Science Fair",South Korea,Performance Control and Optimization of KO2 -Ca(OH)2 Based Oxygen Generator to Enhance Survival Rates in Emergency and Disaster Environments,MATERIALS SCIENCE — Second Award,,true,https://www.societyforscience.org/press-release/regeneron-isef-2026-full-awards/,age_missing
ISEF,2026,Jingyi Ge,,"Raffles Institution, Singapore Science and Engineering Fair",Singapore,Optimizing Bacterial Outer Membrane Vesicles (OMVs) for mRNA-Based Immunogene Therapy,MATERIALS SCIENCE — Second Award,,true,https://www.societyforscience.org/press-release/regeneron-isef-2026-full-awards/,age_missing
ISEF,2026,Vick Tan,,"EP Academy, MN, Minnesota Academy of Science State Science & Engineering Fair",United States of America,Colorimetric Arsenic Detection at Micromolar Concentrations and Machine Learning Assisted Development of a Composite Teabag for Arsenic Bioremediation in Drinking Water,MATERIALS SCIENCE — Second Award,,true,https://www.societyforscience.org/press-release/regeneron-isef-2026-full-awards/,age_missing
ISEF,2026,Jomanah Belal,,"Al-Hussan Modern National School for Girls – Al-Jubail, Eastern Province, Mawhiba Science & Engineering Fair",Saudi Arabia,Enhancing Button Battery Ingestion Safety Using a Multifunctional Hydrogel Composite,MATERIALS SCIENCE — Second Award,,true,https://www.societyforscience.org/press-release/regeneron-isef-2026-full-awards/,age_missing
ISEF,2026,Annika Chadha,,"duPont Manual High School, KY, Dupont Manual High School Regional Fair",United States of America,"Magnetorheological Elastomers (MREs) for Adaptive Friction Control in Mobility Aids: Fabrication, Tribological Testing, and Optimization",MATERIALS SCIENCE — Third Award,,true,https://www.societyforscience.org/press-release/regeneron-isef-2026-full-awards/,age_missing
ISEF,2026,Vedika Devarajan,,"Redmond High School, WA, Washington State Science and Engineering Fair",United States of America,BananaBaby: Musa spp. Anisotropic and Parallel Venation Biomimetic Neonatal Incubator Liner Preventing Hospital Acquired Infections (HAIs) in Developing Countries,MATERIALS SCIENCE — Third Award,,true,https://www.societyforscience.org/press-release/regeneron-isef-2026-full-awards/,age_missing
ISEF,2026,Xiaowu Lai,,"Jericho High School, NY, New York State Science and Engineering Fair",United States of America,Printing the Future of Flight: Additive Manufacturing of Carbon Fiber/Carbon Nanotube Hybrid Reinforced Polyetheretherketone (PEEK) Composites Using Selective Laser Sintering,MATERIALS SCIENCE — Third Award,,true,https://www.societyforscience.org/press-release/regeneron-isef-2026-full-awards/,age_missing
ISEF,2026,Abdullah Alreshaid,,"University Schools – Boys High School, Mawhiba Science & Engineering Fair",Saudi Arabia,Thermochromic Smart Window Performance Enhancement Through Pulsed Laser Dual-Doping of VO₂ Thin Films,MATERIALS SCIENCE — Third Award,,true,https://www.societyforscience.org/press-release/regeneron-isef-2026-full-awards/,age_missing
ISEF,2026,Rahul Madhu,,"Arizona College Prep High School, AZ, Arizona Science and Engineering Fair",United States of America,ESSENCE- Enzyme Split System Enabling Non-Wash Colorimetric Evaluation: A Novel Colorimetric Inducing Dual Biopolymer Nanocomposite Fixed Within an Anisotropic Vertical-Flow Nitrocellulose Matrix for the Spatial Mapping of Interleukin-1a and Cathepsin-K for Skin Cancer Differentiation and Staging,MATERIALS SCIENCE — Third Award,,true,https://www.societyforscience.org/press-release/regeneron-isef-2026-full-awards/,age_missing
ISEF,2026,Anvesha Subramanian,,"Ridge Point High School, TX, Texas Science and Engineering Fair",United States of America,Complex Coacervate: Novel Methodology to Crystallize Hydrophobic Drugs,MATERIALS SCIENCE — Third Award,,true,https://www.societyforscience.org/press-release/regeneron-isef-2026-full-awards/,age_missing
ISEF,2026,Diivij Todi,,"Jayshree Periwal International School, Rajasthan, IRIS (Initiative for Research and Innovation in STEM), India Mrityunjay Gupta, Jayshree Periwal International School, Rajasthan, IRIS (Initiative for Research and Innovation in STEM)",India,EcoFog: A Novel Composite Mesh for Passive Water Collection From Fog and High Relative-Humidity Environments,MATERIALS SCIENCE — Third Award,,true,https://www.societyforscience.org/press-release/regeneron-isef-2026-full-awards/,age_missing
ISEF,2026,Nikola Veselinov,,"Sofia High School of Mathematics, Bulgarian Science and Innovation Fair",Bulgaria,Solvability of Meromorphic Equations in Elementary Functions,MATHEMATICS — First Award,,true,https://www.societyforscience.org/press-release/regeneron-isef-2026-full-awards/,age_missing
ISEF,2026,Arav Chand,,"Half Hollow Hills High School West, NY, Long Island Science and Engineering Fair",United States of America,Universal Matrices for Counting Fibo-Multinomial and C-Multinomial Coefficients With a Cryptographic Application,MATHEMATICS — Second Award,,true,https://www.societyforscience.org/press-release/regeneron-isef-2026-full-awards/,age_missing
ISEF,2026,Zining Fan,,"Emmaus High School, PA, Delaware Valley Science Fairs",United States of America,Detecting Causality in (2+1)-Dimensional Globally Hyperbolic Spacetimes Using Conjugation Quandles Over Dihedral Groups,MATHEMATICS — Second Award,,true,https://www.societyforscience.org/press-release/regeneron-isef-2026-full-awards/,age_missing
ISEF,2026,Liqian Ying,,"NUS High School of Mathematics & Science, Singapore Science and Engineering Fair",Singapore,Complexity Functions Are All You Need,MATHEMATICS — Third Award,,true,https://www.societyforscience.org/press-release/regeneron-isef-2026-full-awards/,age_missing
ISEF,2026,Maya Rangarajan,,"Horace Mann School, NY, Terra New York City STEM Fair",United States of America,Early Warning for Critical Transitions in Epidemics: A Generative Dynamical Systems Approach,MATHEMATICS — Third Award,,true,https://www.societyforscience.org/press-release/regeneron-isef-2026-full-awards/,age_missing
ISEF,2026,Riya Mehrotra,,"Los Altos High School, CA, California Science & Engineering Fair",United States of America,The Repelling Propellers Problem: Optimizing Energy Configurations in Orbital Patterns,MATHEMATICS — Third Award,,true,https://www.societyforscience.org/press-release/regeneron-isef-2026-full-awards/,age_missing
ISEF,2026,Audrey Cowen,,"Riverdale Collegiate Institute, Ontario, Youth Science Canada – Team Canada",Canada,Harnessing Inhibition of Efflux to Reverse Antifungal Resistance,MICROBIOLOGY — First Award,,true,https://www.societyforscience.org/press-release/regeneron-isef-2026-full-awards/,age_missing
ISEF,2026,Jinxuan Wu,,"Shanghai Pinghe Bilingual School, Shanghai Science Seed Olympiad",China,"A Nano-Chitin and HACC Multilayer System for Remediating Severely Eutrophic Waters via Oxygenation, Bacterial Inhibition, and Nutrient Stabilization",MICROBIOLOGY — Second Award,,true,https://www.societyforscience.org/press-release/regeneron-isef-2026-full-awards/,age_missing
ISEF,2026,Isabel Garcia,,"Isaac Bear Early College High School, NC, North Carolina State Science Fair",United States of America,Novel Identification of Probiotic-Bacteriophage Combination Therapy for Vibrio Coralliilyticus in Aquaculture,MICROBIOLOGY — Second Award,,true,https://www.societyforscience.org/press-release/regeneron-isef-2026-full-awards/,age_missing
ISEF,2026,Vera Wang,,"Henry J. Kaiser High School, HI, Honolulu District Science & Engineering Fair",United States of America,Bioprospecting of Novel Sunscreen- and Plastic-Degrading Fungi in Tannin-Rich Coconut Fiber,MICROBIOLOGY — Third Award,,true,https://www.societyforscience.org/press-release/regeneron-isef-2026-full-awards/,age_missing
ISEF,2026,Avijay Sen,,"Franklin High School, CA, Sacramento Regional Science and Engineering Fair",United States of America,"In situ Cryo-Em Structures Reveal Mechanisms of Sheathed Flagellar Assembly, Rotation, and Disassembly in Vibrio cholerae",MICROBIOLOGY — Third Award,,true,https://www.societyforscience.org/press-release/regeneron-isef-2026-full-awards/,age_missing
ISEF,2026,Ashwika Pesara,,"Sunset High School, OR, Northwest Science Expo",United States of America,Lipid Nanocarrier-Mediated siRNA Targeting of Viral Genes in Burkitt’s Lymphoma,MICROBIOLOGY — Third Award,,true,https://www.societyforscience.org/press-release/regeneron-isef-2026-full-awards/,age_missing
ISEF,2026,Ishita Grandhi,,"Sunset High School, OR, Northwest Science Expo",United States of America,Lipid Nanocarrier-Mediated siRNA Targeting of Viral Genes in Burkitt’s Lymphoma,MICROBIOLOGY — Third Award,,true,https://www.societyforscience.org/press-release/regeneron-isef-2026-full-awards/,age_missing
ISEF,2026,Shriya Raghavendra,,"Jesuit High School, OR, Northwest Science Expo",United States of America,Lipid Nanocarrier-Mediated siRNA Targeting of Viral Genes in Burkitt’s Lymphoma,MICROBIOLOGY — Third Award,,true,https://www.societyforscience.org/press-release/regeneron-isef-2026-full-awards/,age_missing
ISEF,2026,Abigail Qi,,"Baton Rouge Magnet High School, LA, Louisiana Science and Engineering Fair",United States of America,Warming-Driven Selection for Thermotolerant Human-Pathogenic Vibrio in Gulf Oysters: Strain Level Growth Responses and Novel Predator-Based Treatment,MICROBIOLOGY — Third Award,,true,https://www.societyforscience.org/press-release/regeneron-isef-2026-full-awards/,age_missing
ISEF,2026,Hikaru Kuribayashi,17,"Sapporo Kaisei Secondary School, Hokkaido, Japan Science & Engineering Challenge",Japan,Sampling the Complete Configuration Space of Origami and Linkages Using Markov Chain Monte Carlo,PHYSICS AND ASTRONOMY — First Award,,true,https://www.societyforscience.org/press-release/regeneron-isef-2026-full-awards/,
ISEF,2026,Aryav Das,,"Park Tudor School, IN, Central Kentucky Regional Science and Engineering Fair",United States of America,A Novel Hybrid Computational Framework for Solar Alfvén Wave Analysis and Tokamak Heating Optimization Using Parker Solar Probe Data,PHYSICS AND ASTRONOMY — First Award,,true,https://www.societyforscience.org/press-release/regeneron-isef-2026-full-awards/,age_missing
ISEF,2026,Saikrish Kolli,,"Paul Laurence Dunbar High School, KY, Central Kentucky Regional Science and Engineering Fair",United States of America,A Novel Hybrid Computational Framework for Solar Alfvén Wave Analysis and Tokamak Heating Optimization Using Parker Solar Probe Data,PHYSICS AND ASTRONOMY — First Award,,true,https://www.societyforscience.org/press-release/regeneron-isef-2026-full-awards/,age_missing
ISEF,2026,Shunsuke Kita,,"Senior High School at Komaba, University of Tsukuba, Tokyo, Japan Students Science Awards",Japan,"Do Magnetic Forces in Matter Act Solely on the Boundary Surfaces? Evaluating the Formulations of Minkowski, Helmholtz and Lorentz",PHYSICS AND ASTRONOMY — Second Award,,true,https://www.societyforscience.org/press-release/regeneron-isef-2026-full-awards/,age_missing
ISEF,2026,Elizabeth Zhang,,"The Harker School, CA, Synopsys Silicon Valley Science and Technology Championship presented by the Santa Clara Valley Science and Engineering Fair Association",United States of America,Orbital Reconstruction and Discovery of Hidden Circumbinary Planets Through Eclipse Timing Residuals and N-Body Dynamics,PHYSICS AND ASTRONOMY — Second Award,,true,https://www.societyforscience.org/press-release/regeneron-isef-2026-full-awards/,age_missing
ISEF,2026,Bill Xu,,"Marianopolis College, Quebec, Montreal Regional Science and Technology Fair, Canada Kuan Yi Wang, Marianopolis College, Quebec, Montreal Regional Science and Technology Fair",Canada,Scalable Quantum Error Decoding With Sparse Graph Neural Networks,PHYSICS AND ASTRONOMY — Second Award,,true,https://www.societyforscience.org/press-release/regeneron-isef-2026-full-awards/,age_missing
ISEF,2026,Julia Gao,,"Fairview High School, CO, Colorado Science and Engineering Fair",United States of America,Year Two: Toward Expansion of the Standard Model Using Multi-Hadron Final States and Muon Neutrino Reconstruction,PHYSICS AND ASTRONOMY — Second Award,,true,https://www.societyforscience.org/press-release/regeneron-isef-2026-full-awards/,age_missing
ISEF,2026,Gary Han,,"Syosset High School, NY, Long Island Science and Engineering Fair",United States of America,Discovery of Previously Undetected Exocomet Candidates in Kepler Using ExoSeek: A Novel End-to-End Deep Learning Exocomet Detection Algorithm,PHYSICS AND ASTRONOMY — Third Award,,true,https://www.societyforscience.org/press-release/regeneron-isef-2026-full-awards/,age_missing
ISEF,2026,Annika Martin,,"Wilsonville High School, OR, CREST-Jane Goodall Science Symposium",United States of America,KITE: Kilonova Intelligent Targeting Engine for Time-Resolved Multi-Messenger Forecasting of Neutron Star Merger Transients,PHYSICS AND ASTRONOMY — Third Award,,true,https://www.societyforscience.org/press-release/regeneron-isef-2026-full-awards/,age_missing
ISEF,2026,Parham Yeganeh,,"George C. Marshall High School, VA, Fairfax County Regional Science and Engineering Fair",United States of America,Exploration of the Motion-Induced Quicksand Effect With Vertical Rotation,PHYSICS AND ASTRONOMY — Third Award,,true,https://www.societyforscience.org/press-release/regeneron-isef-2026-full-awards/,age_missing
ISEF,2026,Ethan Tang,,"duPont Manual High School, KY, Kentucky Science and Engineering Fair",United States of America,Flow Rate Dependence on Stenosis Order in a Serial Stenosis Model: Effects of Viscosity and Turbulence,PHYSICS AND ASTRONOMY — Third Award,,true,https://www.societyforscience.org/press-release/regeneron-isef-2026-full-awards/,age_missing
ISEF,2026,Albert Shahinyan,,"National Polytechnic University of Armenia Foundation Yerevan High School, Yerevan, Armenian School Science Festival",Armenia,The Enhancement of Forced Atmospheric Water Condensation Using Multilayer Graphene-Coated Porous Ceramic Substrates,PHYSICS AND ASTRONOMY — Third Award,,true,https://www.societyforscience.org/press-release/regeneron-isef-2026-full-awards/,age_missing
ISEF,2026,Jessica Wu,,"Deerfield Academy, MA, Massachusetts State Science & Engineering Fair",United States of America,Novel Nudged Elastic Band (NEB) Approach for Minimum Energy Pathway Modeling in Protein Binding for Efficient Drug Discovery,PHYSICS AND ASTRONOMY — Third Award,,true,https://www.societyforscience.org/press-release/regeneron-isef-2026-full-awards/,age_missing
ISEF,2026,Yecheng Gong,,"Shanghai Foreign Language School Affiliated to SISU, Shanghai Science Seed Olympiad",China,FireAIDSS: Real-Time and In-Situ Reconstruction of Wildfire Thermofluid Dynamics Through Physics-Constrained Inverse PDE Modeling,PHYSICS AND ASTRONOMY — Third Award,,true,https://www.societyforscience.org/press-release/regeneron-isef-2026-full-awards/,age_missing
ISEF,2026,Moitri Santra,,"Oviedo High School, FL, State Science and Engineering Fair of Florida – Ying Scholars",United States of America,Development of an Industrially Viable Oxytetracycline Nano-Carrier and Microneedle-Based Detection System (OXYCHECK2) for Citrus and Stone Fruit Disease Management: Year 4,PLANT SCIENCES — First Award,,true,https://www.societyforscience.org/press-release/regeneron-isef-2026-full-awards/,age_missing
ISEF,2026,Kazuhiro Komatsu,,"Nagano Prefectural Suwa Seiryo High School, Nagano, Japan Students Science Awards",Japan,Learning Without a Brain: Habituation and Stimulus Discrimination in Mimosa pudica Explained by Mechanosensitive Channel Desensitization?,PLANT SCIENCES — Second Award,,true,https://www.societyforscience.org/press-release/regeneron-isef-2026-full-awards/,age_missing
ISEF,2026,Nina Goyal,,"Martin County High School, FL, Martin County Regional Science and Engineering Fair",United States of America,"Year 5: Developing a Novel RNAi Based Biopesticide Optimized via Bioenhancers to Target the miRNA Bantam in Spodoptera frugiperda for Environmentally-Friendly, Cost-Effective Improved Pest Management",PLANT SCIENCES — Second Award,,true,https://www.societyforscience.org/press-release/regeneron-isef-2026-full-awards/,age_missing
ISEF,2026,Aanya Goel,,"Kalamazoo Area Mathematics and Science Center, MI, Southwest Michigan Science & Engineering Fair",United States of America,A Systematic Study of the Caffeine Biosynthetic Enzymes in the Ilex Genus,PLANT SCIENCES — Second Award,,true,https://www.societyforscience.org/press-release/regeneron-isef-2026-full-awards/,age_missing
ISEF,2026,Claire Tong,,"Kalamazoo Area Mathematics and Science Center, MI, Southwest Michigan Science & Engineering Fair",United States of America,A Systematic Study of the Caffeine Biosynthetic Enzymes in the Ilex Genus,PLANT SCIENCES — Second Award,,true,https://www.societyforscience.org/press-release/regeneron-isef-2026-full-awards/,age_missing
ISEF,2026,Janelle Yao,,"Kalamazoo Area Mathematics and Science Center, MI, Southwest Michigan Science & Engineering Fair",United States of America,A Systematic Study of the Caffeine Biosynthetic Enzymes in the Ilex Genus,PLANT SCIENCES — Second Award,,true,https://www.societyforscience.org/press-release/regeneron-isef-2026-full-awards/,age_missing
ISEF,2026,Christopher Shepherd,,"Satellite High School, FL, Brevard Intracoastal Regional STEM Fair",United States of America,"Utilizing PCR and Induced Transformation to Reinsert Amplified Genes of Plant-Symbiotic Bacillus subtilis for Improved Growth, Antimicrobial Activity, and Abiotic Stress Resistance in Arabidopsis thaliana",PLANT SCIENCES — Third Award,,true,https://www.societyforscience.org/press-release/regeneron-isef-2026-full-awards/,age_missing
ISEF,2026,Maizie Koentopp,,"Northside College Preparatory High School, IL, Chicago Public Schools Student Science Fair",United States of America,Impact of Endophytic Inoculation on Buckwheat Root and Stem Traits: A Viable Alternative to Harmful Agrochemicals,PLANT SCIENCES — Third Award,,true,https://www.societyforscience.org/press-release/regeneron-isef-2026-full-awards/,age_missing
ISEF,2026,Saisha Sahoo,,"Alabama School of Fine Arts, AL, Central Alabama Regional Science and Engineering Fair",United States of America,"Examining the Phytoremediation Potential of Pontederia cordata for Cobalt, Lithium, and Lead",PLANT SCIENCES — Third Award,,true,https://www.societyforscience.org/press-release/regeneron-isef-2026-full-awards/,age_missing
ISEF,2026,Beatriz Maria dos Santos,,"Colegio Estadual Jardim Porto Alegre, FEBRACE – Feira Brasileira de Ciencias e Engenharia",Brazil,Plant Extracts as Biostimulants for in vitro Orchid Cultivation and Keiki Development – Phase II,PLANT SCIENCES — Third Award,,true,https://www.societyforscience.org/press-release/regeneron-isef-2026-full-awards/,age_missing
ISEF,2026,Qiyun Zheng,,"Shanghai Foreign Language School Affiliated to SISU, Shanghai Science Seed Olympiad",China,An Ellipsoidal Remote Wireless Robot for Wetland Ecological Monitoring,ROBOTICS AND INTELLIGENT MACHINES — First Award,,true,https://www.societyforscience.org/press-release/regeneron-isef-2026-full-awards/,age_missing
ISEF,2026,Michael Hua,,"Cranbrook Kingswood School, MI, Michigan Science and Engineering Fair",United States of America,Decoding Light: Physics-Aware Self-Supervised AI for Low-Cost High-Fidelity Hyperspectral Imaging,ROBOTICS AND INTELLIGENT MACHINES — First Award,,true,https://www.societyforscience.org/press-release/regeneron-isef-2026-full-awards/,age_missing
ISEF,2026,Yugo Igarashi,,"The American School In Japan, Tokyo, Japan Science & Engineering Challenge",Japan,Autonomous Underwater Vehicle (AUV) for Real-Time 3D Microplastic Concentration and Toxicity Mapping via Deep Learning and Integrated Microscopy,ROBOTICS AND INTELLIGENT MACHINES — Second Award,,true,https://www.societyforscience.org/press-release/regeneron-isef-2026-full-awards/,age_missing
ISEF,2026,Salma Kshaf,,"El Shaheed Eid Fathy School, Gharbia, Bibliotheca Alexandrina Science and Engineering Fair – Alexandria",Egypt,FlexiGripper,ROBOTICS AND INTELLIGENT MACHINES — Second Award,,true,https://www.societyforscience.org/press-release/regeneron-isef-2026-full-awards/,age_missing
ISEF,2026,Partap Sidhu,,"Bethpage High School, NY, Long Island Science and Engineering Fair",United States of America,"NeuroGait: A Low-Cost, Mind-Controlled Pneumatic Exoskeleton With CNN-Based Control for Individuals With Lower-Limb Mobility Impairments Using Brain Computer Interface",ROBOTICS AND INTELLIGENT MACHINES — Second Award,,true,https://www.societyforscience.org/press-release/regeneron-isef-2026-full-awards/,age_missing
ISEF,2026,Maurice Zemp,,"Kollegium St. Fidelis Stans, Nidwalden, Swiss Youth in Science",Switzerland,Reinforcement-Learning-Based Drone Racing for Nanocopters Using a Self-Developed Motion Capture System,ROBOTICS AND INTELLIGENT MACHINES — Third Award,,true,https://www.societyforscience.org/press-release/regeneron-isef-2026-full-awards/,age_missing
ISEF,2026,Min Sen Tan,,"Raffles Institution, Singapore Science and Engineering Fair, Singapore Zachary Choy, Raffles Institution, Singapore Science and Engineering Fair",Singapore,"Keep Your Data Close, but Your Failures Closer: Failure-Driven Adversarial Self-Evolution of Language Models",ROBOTICS AND INTELLIGENT MACHINES — Third Award,,true,https://www.societyforscience.org/press-release/regeneron-isef-2026-full-awards/,age_missing
ISEF,2026,Calvin Hung,,"El Cerrito High School, CA, Contra Costa County Science and Engineering Fair",United States of America,Math Into Motion: Robotic Hexapod for Hazardous Environments,ROBOTICS AND INTELLIGENT MACHINES — Third Award,,true,https://www.societyforscience.org/press-release/regeneron-isef-2026-full-awards/,age_missing
ISEF,2026,Richard Shan,,"North Carolina School of Science and Mathematics, NC, North Carolina State Science Fair",United States of America,MERIT: Mechanistic Explainability of Reasoning Integrity and Transparency,ROBOTICS AND INTELLIGENT MACHINES — Third Award,,true,https://www.societyforscience.org/press-release/regeneron-isef-2026-full-awards/,age_missing
ISEF,2026,Kevin Xia,,"Walt Whitman High School, MD, ScienceMontgomery",United States of America,ScoutCane: A Novel Cooperative Drone-Cane System Enabling Infrastructure-Free Navigation for the Visually Impaired via Viewpoint-Invariant Semantic Graph Encoding,ROBOTICS AND INTELLIGENT MACHINES — Third Award,,true,https://www.societyforscience.org/press-release/regeneron-isef-2026-full-awards/,age_missing
ISEF,2026,Zack O’ Leary,,"Clongowes Wood College SJ, Kildare, SciFest",Ireland,"M.A.N.T.I.S — Muon Analysis for Non-Invasive Tomography and Image Simulation: Simulating Atmospheric Muon Flux for Remote, Non-Invasive Subsurface Imaging",SOFTWARE DESIGN — First Award,,true,https://www.societyforscience.org/press-release/regeneron-isef-2026-full-awards/,age_missing
ISEF,2026,Sanjay Shreeyans Javangula,,"Bentonville High School, AR, Northwest Arkansas Regional Science and Engineering Fair",United States of America,ExpressBuddy: An AI-Powered Companion With Impediment-Aware Speech Processing for Children With Autism and Speech Disorders,SOFTWARE DESIGN — First Award,,true,https://www.societyforscience.org/press-release/regeneron-isef-2026-full-awards/,age_missing
ISEF,2026,Soham Shekhar,,"Bentonville High School, AR, Northwest Arkansas Regional Science and Engineering Fair",United States of America,ExpressBuddy: An AI-Powered Companion With Impediment-Aware Speech Processing for Children With Autism and Speech Disorders,SOFTWARE DESIGN — First Award,,true,https://www.societyforscience.org/press-release/regeneron-isef-2026-full-awards/,age_missing
ISEF,2026,Huxley Westemeier,,"Saint Paul Academy and Summit School, MN, St. Paul Science Fair",United States of America,INTRINSIC: Parameter-Free Private Keystroke Classification With Normalized Relative Compression,SOFTWARE DESIGN — Second Award,,true,https://www.societyforscience.org/press-release/regeneron-isef-2026-full-awards/,age_missing
ISEF,2026,Amy Zhang,,"Lakewood High School, CO, Denver Regional Science and Engineering Fair",United States of America,"Just Look, Don’t Type: Enabling Intent-Level Communication Through Gaze Grounding and Disambiguation",SOFTWARE DESIGN — Second Award,,true,https://www.societyforscience.org/press-release/regeneron-isef-2026-full-awards/,age_missing
ISEF,2026,Finnegan Sommer,,"Southeastern Regional Vocational Technical High School, MA, Massachusetts State Science & Engineering Fair",United States of America,TheraBee: Accessible Mental Health Screening and Support Through the Use of Generative AI and Autoregressive Agentic Assessment,SOFTWARE DESIGN — Second Award,,true,https://www.societyforscience.org/press-release/regeneron-isef-2026-full-awards/,age_missing
ISEF,2026,Olutayo Oyewusi,,"Southeastern Regional Vocational Technical High School, MA, Massachusetts State Science & Engineering Fair",United States of America,TheraBee: Accessible Mental Health Screening and Support Through the Use of Generative AI and Autoregressive Agentic Assessment,SOFTWARE DESIGN — Second Award,,true,https://www.societyforscience.org/press-release/regeneron-isef-2026-full-awards/,age_missing
ISEF,2026,Chenpan Li,,"Martin-Andersen-Nexo-Gymnasium, Sachsen, Jugend Forscht",Germany,C2P-Net: Reconstructing Hidden Anatomy in Middle Ear Imaging Using Novel Complete-to-Partial Non-Rigid 3D Registration Methodology,SOFTWARE DESIGN — Third Award,,true,https://www.societyforscience.org/press-release/regeneron-isef-2026-full-awards/,age_missing
ISEF,2026,Parth Rana,,"Wayzata High School, MN, Western Suburbs Science Fair",United States of America,DeepScope: A Cascading Biological Plausibility Architecture for Real-Time Deepfake Detection,SOFTWARE DESIGN — Third Award,,true,https://www.societyforscience.org/press-release/regeneron-isef-2026-full-awards/,age_missing
ISEF,2026,Qianheng Xu,,"Millburn High School, NJ, Terra North Jersey STEM Fair",United States of America,TerraFormer: A Multimodal Latent World Model for Soil Dynamics,SOFTWARE DESIGN — Third Award,,true,https://www.societyforscience.org/press-release/regeneron-isef-2026-full-awards/,age_missing
ISEF,2026,Cassandra Aubrey Lipango,,"Quezon City Science High School, Philippines Science Fair, Philippines Eirah Gabrielle Riduca, Quezon City Science High School, Philippines Science Fair, Philippines Jose Rafael Cayabyab, Quezon City Science High School, Philippines Science Fair",Philippines,"ViSMo: An AI-Integrated Vital Status Monitoring Robot With IoT for Intensive Home-Based Care, Solitary Individuals",SOFTWARE DESIGN — Third Award,,true,https://www.societyforscience.org/press-release/regeneron-isef-2026-full-awards/,age_missing
ISEF,2026,Snayhin Sharma,,"Central Bucks High School East, PA, Delaware Valley Science Fairs",United States of America,A Faster Algorithm for Solving Constant and Variable Delay Differential Equations via Quantum Block Encoding,SOFTWARE DESIGN — Third Award,,true,https://www.societyforscience.org/press-release/regeneron-isef-2026-full-awards/,age_missing
ISEF,2026,Anusha Arora,,"Interlake High School, WA, Central Sound Regional Science & Engineering Fair",United States of America,"HARMONI: Harmonically Adaptive Real-Time Multimodal Output for Neural Integration, an AI-Powered Music Therapy Platform for Global Mental Health",TECHNOLOGY ENHANCES THE ARTS — First Award,,true,https://www.societyforscience.org/press-release/regeneron-isef-2026-full-awards/,age_missing
ISEF,2026,Ethan Finch,,"Stillwater Area High School, MN, Twin Cities Regional Science Fair",United States of America,ArticuRace: Closing the Global Speech Therapy Gap Through a Low-Resource and Interpretable AI Framework,TECHNOLOGY ENHANCES THE ARTS — Second Award,,true,https://www.societyforscience.org/press-release/regeneron-isef-2026-full-awards/,age_missing
ISEF,2026,Jiho Lee,,"North London Collegiate School Jeju, Jeju-do, Korea Code Fair",South Korea,Synchronome: An Intelligent Music Practice System Providing Real-time Multimodal Feedback for Visually Impaired Musicians,TECHNOLOGY ENHANCES THE ARTS — Third Award,,true,https://www.societyforscience.org/press-release/regeneron-isef-2026-full-awards/,age_missing
ISEF,2026,Jonathan Baschek,,"Bischofliches Cusanus-Gymnasium, Rhineland Palatinate, Jugend Forscht",Germany,EyeR Glasses: Engineering and Development of Modular and Technically Efficient Smart Glasses,TECHNOLOGY ENHANCES THE ARTS — Third Award,,true,https://www.societyforscience.org/press-release/regeneron-isef-2026-full-awards/,age_missing
ISEF,2026,Shivum Telang,,"North Allegheny Senior High School, PA, Pittsburgh Regional Science & Engineering Fair",United States of America,Uncovering a New Avenue to Fight Retinal Diseases: Identifying Retinal Ganglion Cells as a Novel Signaling Pathway Through Fixational Eye Movements With Discovery of the ZNF385D Biomarker Group for AKB-9778 Therapeutic Intervention,TRANSLATIONAL MEDICAL SCIENCE — First Award,,true,https://www.societyforscience.org/press-release/regeneron-isef-2026-full-awards/,age_missing
ISEF,2026,Rhea Doshi,,"Kingswood Oxford School, CT, Connecticut Science & Engineering Fair",United States of America,A Multi-Modal AI/ML Platform for Neurodegenerative Risk Prediction: Integrating Epigenetic Signatures Through cfDNA Methylation and Functional Mobility Data,TRANSLATIONAL MEDICAL SCIENCE — Second Award,,true,https://www.societyforscience.org/press-release/regeneron-isef-2026-full-awards/,age_missing
ISEF,2026,Shiven Das,,"Bridgewater-Raritan High School, NJ, Terra North Jersey STEM Fair",United States of America,From Computational Screening to Biological Validation: Targeting TNIK in Triple-Negative Breast Cancer,TRANSLATIONAL MEDICAL SCIENCE — Second Award,,true,https://www.societyforscience.org/press-release/regeneron-isef-2026-full-awards/,age_missing
ISEF,2026,Antariksha Sharma,,"Maharishi School, IA, Eastern Iowa Science and Engineering Fair",United States of America,"A Colorimetric Lateral Flow Assay to Detect Neurodegeneration From Tears, Phase II",TRANSLATIONAL MEDICAL SCIENCE — Second Award,,true,https://www.societyforscience.org/press-release/regeneron-isef-2026-full-awards/,age_missing
ISEF,2026,Carl Tidtijumreonpon,,"The Prince Royal’s College, SST-NSM National Science Projects Competition, Thailand Daichi Tanaka, The Prince Royal’s College, SST-NSM National Science Projects Competition, Thailand Pongkun Fucheun, The Prince Royal’s College, SST-NSM National Science Projects Competition",Thailand,BiQancer: A Novel Quantitative Mathematical Biomarker and Automated End-to-End System for Decentralized Cervical Pre-Cancer Detection,TRANSLATIONAL MEDICAL SCIENCE — Second Award,,true,https://www.societyforscience.org/press-release/regeneron-isef-2026-full-awards/,age_missing
ISEF,2026,Omkar Phadnis,,"Redmond High School, WA, Washington State Science and Engineering Fair",United States of America,Unified Transcriptomic Melanoma Reference Map Reveals Predictive Molecular Signatures for Patient Prognosis,TRANSLATIONAL MEDICAL SCIENCE — Second Award,,true,https://www.societyforscience.org/press-release/regeneron-isef-2026-full-awards/,age_missing
ISEF,2026,Sharmada Palakurthi,,"W.B. Ray High School, TX, Coastal Bend Regional Science Fair",United States of America,A Multi-Target Chronopharmacotherapy for the Inhibition and Clearance of Toxic Proteins in Alzheimer’s Disease,TRANSLATIONAL MEDICAL SCIENCE — Third Award,,true,https://www.societyforscience.org/press-release/regeneron-isef-2026-full-awards/,age_missing
ISEF,2026,Emma Zhang,,"Williamsville North High School, NY, Terra WNY STEM Fair",United States of America,The Future of Osteosarcoma Treatment: FL118,TRANSLATIONAL MEDICAL SCIENCE — Third Award,,true,https://www.societyforscience.org/press-release/regeneron-isef-2026-full-awards/,age_missing
ISEF,2026,Dhyana Desai,,"Silver Creek High School, CA, Synopsys Silicon Valley Science and Technology Championship presented by the Santa Clara Valley Science and Engineering Fair Association",United States of America,"OncoTwin: A Multi-Modal, Treatment-Based Digital Twin for Cancer Recurrence Risk Prediction and Biomarker Discovery",TRANSLATIONAL MEDICAL SCIENCE — Third Award,,true,https://www.societyforscience.org/press-release/regeneron-isef-2026-full-awards/,age_missing
ISEF,2026,Fillip Funak,,"North Carolina School of Science and Mathematics, NC, North Carolina State Science Fair",United States of America,"Design, Synthesis, and Testing of a Novel 3,5-Dimethoxycinnamic Acid-based Cathepsin C Inhibitor for the Treatment of Inflammatory Bowel Disease",TRANSLATIONAL MEDICAL SCIENCE — Third Award,,true,https://www.societyforscience.org/press-release/regeneron-isef-2026-full-awards/,age_missing
ISEF,2026,Isha Ghiya,,"Millburn High School, NJ, Terra North Jersey STEM Fair",United States of America,Engineering an Optimal Dressing to Prevent Pressure Ulcers,TRANSLATIONAL MEDICAL SCIENCE — Third Award,,true,https://www.societyforscience.org/press-release/regeneron-isef-2026-full-awards/,age_missing
ISEF,2026,Austin Jin,,"William A. Shine Great Neck South High School, NY, New York State Science and Engineering Fair",United States of America,M-CATCH: A Multiplex Microparticle CRISPR Assay for Mycobacterium Tuberculosis Drug Resistance Characterization,TRANSLATIONAL MEDICAL SCIENCE — Third Award,,true,https://www.societyforscience.org/press-release/regeneron-isef-2026-full-awards/,age_missing
ISEF,2026,Vedaant Agarwal,,"Pine Crest School, FL, Broward Regional Science & Engineering Fair",United States of America,A Multimodal Deep Learning Framework for a Novel Clinical Decision Support System in Retinal Disease Diagnosis and Management,TRANSLATIONAL MEDICAL SCIENCE — Third Award,,true,https://www.societyforscience.org/press-release/regeneron-isef-2026-full-awards/,age_missing
ISEF,2026,Nikila Swaminathan,,"Allen High School, TX, Texas Science and Engineering Fair",United States of America,MALAT1 Silencing Reduces EDB-Fibronectin Expression and Invasive Morphology in Triple-Negative Breast Cancer,TRANSLATIONAL MEDICAL SCIENCE — Third Award,,true,https://www.societyforscience.org/press-release/regeneron-isef-2026-full-awards/,age_missing
IOI,2022,Jiangqi Dai,,,China,,Gold,1,true,https://stats.ioinformatics.org/results/2022,age_missing;project_na
IOI,2022,Shaoxuan Tang,,,China,,Gold,1,true,https://stats.ioinformatics.org/results/2022,age_missing;project_na
IOI,2022,Hangrui Zhou,,,China,,Gold,3,true,https://stats.ioinformatics.org/results/2022,age_missing;project_na
IOI,2022,Junkai Zhang,,,China,,Gold,3,true,https://stats.ioinformatics.org/results/2022,age_missing;project_na
IOI,2022,Hankai Zhang,,,United States of America,,Gold,5,true,https://stats.ioinformatics.org/results/2022,age_missing;project_na
IOI,2022,Zixiang Zhou,,,Canada,,Gold,6,true,https://stats.ioinformatics.org/results/2022,age_missing;project_na
IOI,2022,Roman Yanushevskyi,,,Ukraine,,Gold,7,true,https://stats.ioinformatics.org/results/2022,age_missing;project_na
IOI,2022,Timothy Feng,,,United States of America,,Gold,8,true,https://stats.ioinformatics.org/results/2022,age_missing;project_na
IOI,2022,Aleksandr Babin,,,,,Gold,9,true,https://stats.ioinformatics.org/results/2022,age_missing;project_na
IOI,2022,Koosha Moosavi,,,Iran,,Gold,10,true,https://stats.ioinformatics.org/results/2022,age_missing;project_na
IOI,2022,Vsevolod Nagibin,,,,,Gold,11,true,https://stats.ioinformatics.org/results/2022,age_missing;project_na
IOI,2022,Alireza Kaviani,,,Iran,,Gold,12,true,https://stats.ioinformatics.org/results/2022,age_missing;project_na
IOI,2022,Dorijan Lendvaj,,,Croatia,,Gold,13,true,https://stats.ioinformatics.org/results/2022,age_missing;project_na
IOI,2022,Oleh Naver,,,Ukraine,,Gold,14,true,https://stats.ioinformatics.org/results/2022,age_missing;project_na
IOI,2022,Ashley Aragorn Khoo,,,Singapore,,Gold,15,true,https://stats.ioinformatics.org/results/2022,age_missing;project_na
IOI,2022,Daiki Kodama,,,Japan,,Gold,16,true,https://stats.ioinformatics.org/results/2022,age_missing;project_na
IOI,2022,Yuto Watanabe,,,Japan,,Gold,17,true,https://stats.ioinformatics.org/results/2022,age_missing;project_na
IOI,2022,Alexandru Luchianov,,,Romania,,Gold,18,true,https://stats.ioinformatics.org/results/2022,age_missing;project_na
IOI,2022,Elliot En-Yi Liu,,,Taiwan,,Gold,19,true,https://stats.ioinformatics.org/results/2022,age_missing;project_na
IOI,2022,Patrick Pavić,,,Croatia,,Gold,20,true,https://stats.ioinformatics.org/results/2022,age_missing;project_na
IOI,2022,Benjamin Chen,,,United States of America,,Gold,21,true,https://stats.ioinformatics.org/results/2022,age_missing;project_na
IOI,2022,Taehwan Jang,,,Republic of Korea,,Gold,22,true,https://stats.ioinformatics.org/results/2022,age_missing;project_na
IOI,2022,Yui Tamura,,,Japan,,Gold,23,true,https://stats.ioinformatics.org/results/2022,age_missing;project_na
IOI,2022,Yuki Tanaka,,,Japan,,Gold,24,true,https://stats.ioinformatics.org/results/2022,age_missing;project_na
IOI,2022,Danil Klisch,,,,,Gold,25,true,https://stats.ioinformatics.org/results/2022,age_missing;project_na
IOI,2022,Younguk Jo,,,Republic of Korea,,Gold,26,true,https://stats.ioinformatics.org/results/2022,age_missing;project_na
IOI,2022,Daniel Weber,,,Israel,,Gold,27,true,https://stats.ioinformatics.org/results/2022,age_missing;project_na
IOI,2022,Benjamin Bajd,,,Slovenia,,Gold,28,true,https://stats.ioinformatics.org/results/2022,age_missing;project_na
IOI,2022,Hsin-Wei Hou,,,Taiwan,,Gold,29,true,https://stats.ioinformatics.org/results/2022,age_missing;project_na
IOI,2022,Bach Tran Xuan,,,Vietnam,,Gold,30,true,https://stats.ioinformatics.org/results/2022,age_missing;project_na
IOI,2022,Eliška Macáková,,,Slovakia,,Silver,31,true,https://stats.ioinformatics.org/results/2022,age_missing;project_na
IOI,2022,Kacper Paciorek,,,Poland,,Silver,32,true,https://stats.ioinformatics.org/results/2022,age_missing;project_na
IOI,2022,Jerry Zirui Li,,,Australia,,Silver,33,true,https://stats.ioinformatics.org/results/2022,age_missing;project_na
IOI,2022,Allen Pei,,,Canada,,Silver,34,true,https://stats.ioinformatics.org/results/2022,age_missing;project_na
IOI,2022,Jan Strzeszyński,,,Poland,,Silver,35,true,https://stats.ioinformatics.org/results/2022,age_missing;project_na
IOI,2022,Rain Jiang,,,United States of America,,Silver,36,true,https://stats.ioinformatics.org/results/2022,age_missing;project_na
IOI,2022,Blagojche Pavleski,,,North Macedonia,,Silver,37,true,https://stats.ioinformatics.org/results/2022,age_missing;project_na
IOI,2022,Ditbul Ban,,,Republic of Korea,,Silver,38,true,https://stats.ioinformatics.org/results/2022,age_missing;project_na
IOI,2022,Luca Perju Verzotti,,,Romania,,Silver,39,true,https://stats.ioinformatics.org/results/2022,age_missing;project_na
IOI,2022,Cheng U Ian,,,"Macao, China",,Silver,40,true,https://stats.ioinformatics.org/results/2022,age_missing;project_na
IOI,2022,Kshitij Sodani,,,India,,Silver,41,true,https://stats.ioinformatics.org/results/2022,age_missing;project_na
IOI,2022,Sanghoon Park,,,Republic of Korea,,Silver,42,true,https://stats.ioinformatics.org/results/2022,age_missing;project_na
IOI,2022,Manuel Darío Oliver Ballesteros,,,Cuba,,Silver,43,true,https://stats.ioinformatics.org/results/2022,age_missing;project_na
IOI,2022,Daniil Zabauski,,,,,Silver,44,true,https://stats.ioinformatics.org/results/2022,age_missing;project_na
IOI,2022,Alireza Samimi,,,Iran,,Silver,45,true,https://stats.ioinformatics.org/results/2022,age_missing;project_na
IOI,2022,Michał Stawarz,,,Poland,,Silver,46,true,https://stats.ioinformatics.org/results/2022,age_missing;project_na
IOI,2022,Atanas Dimitrov,,,Bulgaria,,Silver,47,true,https://stats.ioinformatics.org/results/2022,age_missing;project_na
IOI,2022,Man Tsung Yeung,,,"Hong Kong, China",,Silver,48,true,https://stats.ioinformatics.org/results/2022,age_missing;project_na
IOI,2022,Che Liu,,,Taiwan,,Silver,49,true,https://stats.ioinformatics.org/results/2022,age_missing;project_na
IOI,2022,Lucas Schwebler,,,Germany,,Silver,50,true,https://stats.ioinformatics.org/results/2022,age_missing;project_na
IOI,2022,Ryan Bai,,,Canada,,Silver,51,true,https://stats.ioinformatics.org/results/2022,age_missing;project_na
IOI,2022,Jovan Bengin,,,Serbia,,Silver,52,true,https://stats.ioinformatics.org/results/2022,age_missing;project_na
IOI,2022,Alexandru-Raul Todoran,,,Romania,,Silver,53,true,https://stats.ioinformatics.org/results/2022,age_missing;project_na
IOI,2022,Tan Si Jie,,,Singapore,,Silver,54,true,https://stats.ioinformatics.org/results/2022,age_missing;project_na
IOI,2022,Andy van Horssen,,,Netherlands,,Silver,55,true,https://stats.ioinformatics.org/results/2022,age_missing;project_na
IOI,2022,Farhan Ahmad,,,Bangladesh,,Silver,56,true,https://stats.ioinformatics.org/results/2022,age_missing;project_na
IOI,2022,Leonardo Valente Nascimento,,,Brazil,,Silver,57,true,https://stats.ioinformatics.org/results/2022,age_missing;project_na
IOI,2022,Eitan Elbaum,,,Israel,,Silver,58,true,https://stats.ioinformatics.org/results/2022,age_missing;project_na
IOI,2022,Vladyslav Denysiuk,,,Ukraine,,Silver,59,true,https://stats.ioinformatics.org/results/2022,age_missing;project_na
IOI,2022,Alperen Tupurtu,,,Türkiye,,Silver,60,true,https://stats.ioinformatics.org/results/2022,age_missing;project_na
IOI,2022,Erekle Roinishvili,,,United Kingdom,,Silver,61,true,https://stats.ioinformatics.org/results/2022,age_missing;project_na
IOI,2022,Albert Yulius Ramahalim,,,Indonesia,,Silver,62,true,https://stats.ioinformatics.org/results/2022,age_missing;project_na
IOI,2022,Arthur Wenqi Sun,,,Australia,,Silver,63,true,https://stats.ioinformatics.org/results/2022,age_missing;project_na
IOI,2022,Alon Tanay,,,Israel,,Silver,64,true,https://stats.ioinformatics.org/results/2022,age_missing;project_na
IOI,2022,Joshua Chen,,,Australia,,Silver,65,true,https://stats.ioinformatics.org/results/2022,age_missing;project_na
IOI,2022,Paras Kasmalkar,,,India,,Silver,66,true,https://stats.ioinformatics.org/results/2022,age_missing;project_na
IOI,2022,Mateja Vukelić,,,Serbia,,Silver,67,true,https://stats.ioinformatics.org/results/2022,age_missing;project_na
IOI,2022,Khoi Duong Minh,,,Vietnam,,Silver,68,true,https://stats.ioinformatics.org/results/2022,age_missing;project_na
IOI,2022,François Vogel,,,France,,Silver,69,true,https://stats.ioinformatics.org/results/2022,age_missing;project_na
IOI,2022,Daniel Toh Jing En,,,Singapore,,Silver,70,true,https://stats.ioinformatics.org/results/2022,age_missing;project_na
IOI,2022,Evan Lin,,,Australia,,Silver,71,true,https://stats.ioinformatics.org/results/2022,age_missing;project_na
IOI,2022,Fedor Romashov,,,,,Silver,72,true,https://stats.ioinformatics.org/results/2022,age_missing;project_na
IOI,2022,Filippo Casarin,,,Italy,,Silver,73,true,https://stats.ioinformatics.org/results/2022,age_missing;project_na
IOI,2022,Yunus Taha Bingül,,,Türkiye,,Silver,74,true,https://stats.ioinformatics.org/results/2022,age_missing;project_na
IOI,2022,Nghia Le Huu,,,Vietnam,,Silver,75,true,https://stats.ioinformatics.org/results/2022,age_missing;project_na
IOI,2022,Deyan Hadzhi-Manich,,,Bulgaria,,Silver,76,true,https://stats.ioinformatics.org/results/2022,age_missing;project_na
IOI,2022,Bao Truong Van Quoc,,,Vietnam,,Silver,77,true,https://stats.ioinformatics.org/results/2022,age_missing;project_na
IOI,2022,Vannes Wijaya,,,Indonesia 2,,Silver,,true,https://stats.ioinformatics.org/results/2022,age_missing;project_na
IOI,2022,Zhambyl Maksotov,,,Kazakhstan,,Silver,78,true,https://stats.ioinformatics.org/results/2022,age_missing;project_na
IOI,2022,Jhao-Syun Lai,,,Taiwan,,Silver,79,true,https://stats.ioinformatics.org/results/2022,age_missing;project_na
IOI,2022,Aldas Lenkšas,,,Lithuania,,Silver,80,true,https://stats.ioinformatics.org/results/2022,age_missing;project_na
IOI,2022,Joseph Oliver Lim,,,Indonesia,,Silver,81,true,https://stats.ioinformatics.org/results/2022,age_missing;project_na
IOI,2022,Rafael Nascimento Soares,,,Brazil,,Silver,82,true,https://stats.ioinformatics.org/results/2022,age_missing;project_na
IOI,2022,Charles Dai,,,France,,Silver,83,true,https://stats.ioinformatics.org/results/2022,age_missing;project_na
IOI,2022,Carolina Moura,,,Brazil,,Silver,84,true,https://stats.ioinformatics.org/results/2022,age_missing;project_na
IOI,2022,Ketevan Tsimakuridze,,,Georgia,,Silver,85,true,https://stats.ioinformatics.org/results/2022,age_missing;project_na
IOI,2022,István Ádám Molnár,,,Hungary,,Silver,86,true,https://stats.ioinformatics.org/results/2022,age_missing;project_na
IOI,2022,Mukhammadarif Sakhmoldin,,,Kazakhstan,,Silver,87,true,https://stats.ioinformatics.org/results/2022,age_missing;project_na
IOI,2022,Daan de Groot,,,Netherlands,,Silver,88,true,https://stats.ioinformatics.org/results/2022,age_missing;project_na
IOI,2022,Isaac Kai Sheng Hew,,,Malaysia,,Bronze,89,true,https://stats.ioinformatics.org/results/2022,age_missing;project_na
IOI,2022,Matej Vojvodić,,,Croatia,,Bronze,90,true,https://stats.ioinformatics.org/results/2022,age_missing;project_na
IOI,2022,Edward Xiao,,,Canada,,Bronze,91,true,https://stats.ioinformatics.org/results/2022,age_missing;project_na
IOI,2022,Elazar Koren,,,Israel,,Bronze,92,true,https://stats.ioinformatics.org/results/2022,age_missing;project_na
IOI,2022,Fatih Solak,,,Türkiye,,Bronze,93,true,https://stats.ioinformatics.org/results/2022,age_missing;project_na
IOI,2022,Chon Hou Ye,,,"Macao, China",,Bronze,94,true,https://stats.ioinformatics.org/results/2022,age_missing;project_na
IOI,2022,Andrew,,,Indonesia 2,,Bronze,,true,https://stats.ioinformatics.org/results/2022,age_missing;project_na
IOI,2022,Hua Zhi Vee,,,Malaysia,,Bronze,95,true,https://stats.ioinformatics.org/results/2022,age_missing;project_na
IOI,2022,Yusuf Onur Usumez,,,Türkiye,,Bronze,96,true,https://stats.ioinformatics.org/results/2022,age_missing;project_na
IOI,2022,Maximilliano Utomo Quok,,,Indonesia,,Bronze,97,true,https://stats.ioinformatics.org/results/2022,age_missing;project_na
IOI,2022,David Memarnishvili,,,Georgia,,Bronze,98,true,https://stats.ioinformatics.org/results/2022,age_missing;project_na
IOI,2022,Martin Kopchev,,,Bulgaria,,Bronze,99,true,https://stats.ioinformatics.org/results/2022,age_missing;project_na
IOI,2022,Taimas Korganbayev,,,Kazakhstan,,Bronze,100,true,https://stats.ioinformatics.org/results/2022,age_missing;project_na
IOI,2022,Hanks Chong,,,United Kingdom,,Bronze,101,true,https://stats.ioinformatics.org/results/2022,age_missing;project_na
IOI,2022,Albert Ariel Putra,,,Indonesia 2,,Bronze,,true,https://stats.ioinformatics.org/results/2022,age_missing;project_na
IOI,2022,Andon Todorov,,,Bulgaria,,Bronze,102,true,https://stats.ioinformatics.org/results/2022,age_missing;project_na
IOI,2022,Dzmitry Antashkevich,,,,,Bronze,103,true,https://stats.ioinformatics.org/results/2022,age_missing;project_na
IOI,2022,Ansis Gustavs Andersons,,,Latvia,,Bronze,104,true,https://stats.ioinformatics.org/results/2022,age_missing;project_na
IOI,2022,Aidar Munduzbaev,,,Kyrgyzstan,,Bronze,105,true,https://stats.ioinformatics.org/results/2022,age_missing;project_na
IOI,2022,Arayi Khalatyan,,,Armenia,,Bronze,106,true,https://stats.ioinformatics.org/results/2022,age_missing;project_na
IOI,2022,Andrei-Robert Ion,,,Romania,,Bronze,107,true,https://stats.ioinformatics.org/results/2022,age_missing;project_na
IOI,2022,Benjamin Swart,,,Czech Republic,,Bronze,108,true,https://stats.ioinformatics.org/results/2022,age_missing;project_na
IOI,2022,Krit Suwanpaiboon,,,Thailand,,Bronze,109,true,https://stats.ioinformatics.org/results/2022,age_missing;project_na
IOI,2022,Ayman Riad Solh,,,Morocco,,Bronze,110,true,https://stats.ioinformatics.org/results/2022,age_missing;project_na
IOI,2022,Marko Tanevski,,,North Macedonia,,Bronze,111,true,https://stats.ioinformatics.org/results/2022,age_missing;project_na
IOI,2022,Pál Czanik,,,Hungary,,Bronze,112,true,https://stats.ioinformatics.org/results/2022,age_missing;project_na
IOI,2022,Ritul Kumar Singh,,,India,,Bronze,113,true,https://stats.ioinformatics.org/results/2022,age_missing;project_na
IOI,2022,Shao Qian Chew,,,Malaysia,,Bronze,114,true,https://stats.ioinformatics.org/results/2022,age_missing;project_na
IOI,2022,Matthew Allan,,,Indonesia 2,,Bronze,,true,https://stats.ioinformatics.org/results/2022,age_missing;project_na
IOI,2022,Bogdan Tolstik,,,,,Bronze,115,true,https://stats.ioinformatics.org/results/2022,age_missing;project_na
IOI,2022,Theofanis Orfanou,,,Cyprus,,Bronze,116,true,https://stats.ioinformatics.org/results/2022,age_missing;project_na
IOI,2022,Chun Wong,,,"Hong Kong, China",,Bronze,117,true,https://stats.ioinformatics.org/results/2022,age_missing;project_na
IOI,2022,Juan Carlo Vieri,,,Indonesia,,Bronze,118,true,https://stats.ioinformatics.org/results/2022,age_missing;project_na
IOI,2022,Raphael Dylan Dalida,,,Philippines,,Bronze,119,true,https://stats.ioinformatics.org/results/2022,age_missing;project_na
IOI,2022,Valerio Stancanelli,,,Italy,,Bronze,120,true,https://stats.ioinformatics.org/results/2022,age_missing;project_na
IOI,2022,Md Nafis Ul Haque Shifat,,,Bangladesh,,Bronze,121,true,https://stats.ioinformatics.org/results/2022,age_missing;project_na
IOI,2022,Debojoti Das Soumya,,,Bangladesh,,Bronze,122,true,https://stats.ioinformatics.org/results/2022,age_missing;project_na
IOI,2022,Tsimafei Baliukonis,,,,,Bronze,123,true,https://stats.ioinformatics.org/results/2022,age_missing;project_na
IOI,2022,Pedro Shinzato Chen,,,Brazil,,Bronze,124,true,https://stats.ioinformatics.org/results/2022,age_missing;project_na
IOI,2022,Davide Bartoli,,,Italy,,Bronze,125,true,https://stats.ioinformatics.org/results/2022,age_missing;project_na
IOI,2022,Zhiyi Luo,,,Belgium,,Bronze,126,true,https://stats.ioinformatics.org/results/2022,age_missing;project_na
IOI,2022,Joel Au Heng Hoi,,,Singapore,,Bronze,127,true,https://stats.ioinformatics.org/results/2022,age_missing;project_na
IOI,2022,Jeremiasz Preiss,,,Poland,,Bronze,128,true,https://stats.ioinformatics.org/results/2022,age_missing;project_na
IOI,2022,Wai Lok Lai,,,"Hong Kong, China",,Bronze,129,true,https://stats.ioinformatics.org/results/2022,age_missing;project_na
IOI,2022,Frederick Ivan Tan,,,Philippines,,Bronze,130,true,https://stats.ioinformatics.org/results/2022,age_missing;project_na
IOI,2022,Minkyum Kim,,,South Africa,,Bronze,131,true,https://stats.ioinformatics.org/results/2022,age_missing;project_na
IOI,2022,Hamlet Petrosyan,,,Armenia,,Bronze,132,true,https://stats.ioinformatics.org/results/2022,age_missing;project_na
IOI,2022,Tong Sam Zheng,,,"Macao, China",,Bronze,133,true,https://stats.ioinformatics.org/results/2022,age_missing;project_na
IOI,2022,Tengiz Bekkoyonov,,,Kyrgyzstan,,Bronze,134,true,https://stats.ioinformatics.org/results/2022,age_missing;project_na
IOI,2022,Victor Purice,,,Moldova,,Bronze,135,true,https://stats.ioinformatics.org/results/2022,age_missing;project_na
IOI,2022,Luka Mosiashvili,,,Georgia,,Bronze,136,true,https://stats.ioinformatics.org/results/2022,age_missing;project_na
IOI,2022,Daryna Karpenko,,,Ukraine,,Bronze,137,true,https://stats.ioinformatics.org/results/2022,age_missing;project_na
IOI,2022,Francesco Lugli,,,Italy,,Bronze,138,true,https://stats.ioinformatics.org/results/2022,age_missing;project_na
IOI,2022,Thor Eriksen,,,Denmark,,Bronze,139,true,https://stats.ioinformatics.org/results/2022,age_missing;project_na
IOI,2022,Teo Kitanovski,,,North Macedonia,,Bronze,140,true,https://stats.ioinformatics.org/results/2022,age_missing;project_na
IOI,2022,Leandro Conte,,,Germany,,Bronze,141,true,https://stats.ioinformatics.org/results/2022,age_missing;project_na
IOI,2022,Nicola Abusaad,,,Palestine,,Bronze,142,true,https://stats.ioinformatics.org/results/2022,age_missing;project_na
IOI,2022,Shakhrom Aminov,,,Tajikistan,,Bronze,143,true,https://stats.ioinformatics.org/results/2022,age_missing;project_na
IOI,2022,Egor Georgievskii,,,Montenegro,,Bronze,144,true,https://stats.ioinformatics.org/results/2022,age_missing;project_na
IOI,2022,Gurbanberdi Gulladyyev,,,Turkmenistan,,Bronze,145,true,https://stats.ioinformatics.org/results/2022,age_missing;project_na
IOI,2022,Hau Ye Heng,,,Malaysia,,Bronze,146,true,https://stats.ioinformatics.org/results/2022,age_missing;project_na
IOI,2022,Alier Sanchez y Sanchez,,,Mexico,,Bronze,147,true,https://stats.ioinformatics.org/results/2022,age_missing;project_na
IOI,2022,Elias Bauer,,,Switzerland,,Bronze,148,true,https://stats.ioinformatics.org/results/2022,age_missing;project_na
IOI,2022,Benedikt Vilji Magnússon,,,Iceland,,Bronze,149,true,https://stats.ioinformatics.org/results/2022,age_missing;project_na
IOI,2022,Cassandra Grace,,,New Zealand,,Bronze,150,true,https://stats.ioinformatics.org/results/2022,age_missing;project_na
IOI,2022,Martin Bierbaumer,,,Austria,,Bronze,150,true,https://stats.ioinformatics.org/results/2022,age_missing;project_na
IOI,2022,Josia John,,,Switzerland,,Bronze,152,true,https://stats.ioinformatics.org/results/2022,age_missing;project_na
IOI,2022,Olle Lapidus,,,Sweden,,Bronze,153,true,https://stats.ioinformatics.org/results/2022,age_missing;project_na
IOI,2022,Jangar Enkhbaatar,,,Mongolia,,Bronze,154,true,https://stats.ioinformatics.org/results/2022,age_missing;project_na
IOI,2022,Daniyar Beishekeev,,,Kyrgyzstan,,Bronze,155,true,https://stats.ioinformatics.org/results/2022,age_missing;project_na
IOI,2022,Matthias Pleschinger,,,Austria,,Bronze,155,true,https://stats.ioinformatics.org/results/2022,age_missing;project_na
IOI,2022,Haris Imamovic,,,Bosnia and Herzegovina,,Bronze,157,true,https://stats.ioinformatics.org/results/2022,age_missing;project_na
IOI,2022,Cynthia Naely López Estrada,,,Mexico,,Bronze,158,true,https://stats.ioinformatics.org/results/2022,age_missing;project_na
IOI,2022,Filip Bojković,,,Serbia,,Bronze,159,true,https://stats.ioinformatics.org/results/2022,age_missing;project_na
IOI,2022,Abdelmaged Nour,,,Egypt,,Bronze,160,true,https://stats.ioinformatics.org/results/2022,age_missing;project_na
IOI,2022,Bat-Erdene Batsukh,,,Mongolia,,Bronze,161,true,https://stats.ioinformatics.org/results/2022,age_missing;project_na
IOI,2022,Mohamed Bakry,,,Egypt,,Bronze,162,true,https://stats.ioinformatics.org/results/2022,age_missing;project_na
IOI,2022,Amin Charba,,,Syria,,Bronze,163,true,https://stats.ioinformatics.org/results/2022,age_missing;project_na
IOI,2022,Said Nasibov,,,Azerbaijan,,Bronze,164,true,https://stats.ioinformatics.org/results/2022,age_missing;project_na
IOI,2022,Van Li,,,Kazakhstan,,Bronze,165,true,https://stats.ioinformatics.org/results/2022,age_missing;project_na
IOI,2022,Rolly Mamani,,,Peru,,Bronze,166,true,https://stats.ioinformatics.org/results/2022,age_missing;project_na
IOI,2022,Alejandro Ozymandias Cepeda Beltran,,,Mexico,,Bronze,167,true,https://stats.ioinformatics.org/results/2022,age_missing;project_na
IOI,2022,Matīss Kristiņš,,,Latvia,,Bronze,168,true,https://stats.ioinformatics.org/results/2022,age_missing;project_na
IOI,2022,Abdulaziz Alshibli,,,Saudi Arabia,,Bronze,169,true,https://stats.ioinformatics.org/results/2022,age_missing;project_na
IOI,2022,Johann Gaulke,,,Germany,,Bronze,170,true,https://stats.ioinformatics.org/results/2022,age_missing;project_na
IOI,2022,Sergio Domínguez Alonso,,,Spain,,Bronze,171,true,https://stats.ioinformatics.org/results/2022,age_missing;project_na
IOI,2022,Hazem Dalati,,,Syria,,Bronze,172,true,https://stats.ioinformatics.org/results/2022,age_missing;project_na
IOI,2022,Daniel Skýpala,,,Czech Republic,,Bronze,173,true,https://stats.ioinformatics.org/results/2022,age_missing;project_na
IOI,2022,Leo Varis,,,Finland,,Bronze,174,true,https://stats.ioinformatics.org/results/2022,age_missing;project_na
IOI,2022,Harshin Posina,,,India,,Bronze,175,true,https://stats.ioinformatics.org/results/2022,age_missing;project_na
IOI,2022,Henrik Aalto,,,Finland,,Bronze,175,true,https://stats.ioinformatics.org/results/2022,age_missing;project_na
IOI,2023,Tingqiang Xu,,,China,,Gold,1,true,https://stats.ioinformatics.org/results/2023,age_missing;project_na
IOI,2023,Siyuan Cheng,,,China,,Gold,2,true,https://stats.ioinformatics.org/results/2023,age_missing;project_na
IOI,2023,Antoni Buraczewski,,,Poland,,Gold,3,true,https://stats.ioinformatics.org/results/2023,age_missing;project_na
IOI,2023,Yuki Tanaka,,,Japan,,Gold,4,true,https://stats.ioinformatics.org/results/2023,age_missing;project_na
IOI,2023,Rain Jiang,,,United States of America,,Gold,5,true,https://stats.ioinformatics.org/results/2023,age_missing;project_na
IOI,2023,Langrui Qi,,,China,,Gold,6,true,https://stats.ioinformatics.org/results/2023,age_missing;project_na
IOI,2023,Agastya Goel,,,United States of America,,Gold,7,true,https://stats.ioinformatics.org/results/2023,age_missing;project_na
IOI,2023,Yiping Liu,,,China,,Gold,8,true,https://stats.ioinformatics.org/results/2023,age_missing;project_na
IOI,2023,Shogo Amacho,,,Japan,,Gold,9,true,https://stats.ioinformatics.org/results/2023,age_missing;project_na
IOI,2023,Ivan Piskarev,,,,,Gold,10,true,https://stats.ioinformatics.org/results/2023,age_missing;project_na
IOI,2023,Ryan Bai,,,Canada,,Gold,11,true,https://stats.ioinformatics.org/results/2023,age_missing;project_na
IOI,2023,Rohin Garg,,,United States of America,,Gold,12,true,https://stats.ioinformatics.org/results/2023,age_missing;project_na
IOI,2023,Kshitij Sodani,,,India,,Gold,13,true,https://stats.ioinformatics.org/results/2023,age_missing;project_na
IOI,2023,Chi Wang,,,Taiwan,,Gold,14,true,https://stats.ioinformatics.org/results/2023,age_missing;project_na
IOI,2023,Parsa Pordeli Behrouz,,,Iran,,Gold,15,true,https://stats.ioinformatics.org/results/2023,age_missing;project_na
IOI,2023,Erekle Roinishvili,,,United Kingdom,,Gold,16,true,https://stats.ioinformatics.org/results/2023,age_missing;project_na
IOI,2023,Austin Geng,,,United States of America,,Gold,17,true,https://stats.ioinformatics.org/results/2023,age_missing;project_na
IOI,2023,Anton Stepanov,,,,,Gold,18,true,https://stats.ioinformatics.org/results/2023,age_missing;project_na
IOI,2023,Alon Tanay,,,Israel,,Gold,19,true,https://stats.ioinformatics.org/results/2023,age_missing;project_na
IOI,2023,Valerii Rodionov,,,,,Gold,20,true,https://stats.ioinformatics.org/results/2023,age_missing;project_na
IOI,2023,Daiki Kodama,,,Japan,,Gold,21,true,https://stats.ioinformatics.org/results/2023,age_missing;project_na
IOI,2023,Sanghoon Park,,,Republic of Korea,,Gold,22,true,https://stats.ioinformatics.org/results/2023,age_missing;project_na
IOI,2023,Tia Shi Wei,,,Singapore,,Gold,23,true,https://stats.ioinformatics.org/results/2023,age_missing;project_na
IOI,2023,Daniel Weber,,,Israel,,Gold,24,true,https://stats.ioinformatics.org/results/2023,age_missing;project_na
IOI,2023,Hibiki Nishiwaki,,,Japan,,Gold,25,true,https://stats.ioinformatics.org/results/2023,age_missing;project_na
IOI,2023,Evan Lin,,,Australia,,Gold,26,true,https://stats.ioinformatics.org/results/2023,age_missing;project_na
IOI,2023,Khoa Nguyen Ngoc Dang,,,Vietnam,,Gold,27,true,https://stats.ioinformatics.org/results/2023,age_missing;project_na
IOI,2023,Donghyeon Lee,,,Republic of Korea,,Gold,28,true,https://stats.ioinformatics.org/results/2023,age_missing;project_na
IOI,2023,Elazar Koren,,,Israel,,Gold,28,true,https://stats.ioinformatics.org/results/2023,age_missing;project_na
IOI,2023,Gimran Abdullin,,,,,Gold,30,true,https://stats.ioinformatics.org/results/2023,age_missing;project_na
IOI,2023,Ting-Wei Chang,,,Taiwan,,Silver,31,true,https://stats.ioinformatics.org/results/2023,age_missing;project_na
IOI,2023,Aidar Munduzbaev,,,Kyrgyzstan,,Silver,32,true,https://stats.ioinformatics.org/results/2023,age_missing;project_na
IOI,2023,James Sng,,,Singapore,,Silver,33,true,https://stats.ioinformatics.org/results/2023,age_missing;project_na
IOI,2023,Bach Tran Xuan,,,Vietnam,,Silver,34,true,https://stats.ioinformatics.org/results/2023,age_missing;project_na
IOI,2023,Bálint Rózsa,,,Canada,,Silver,35,true,https://stats.ioinformatics.org/results/2023,age_missing;project_na
IOI,2023,Eliška Macáková,,,Slovakia,,Silver,36,true,https://stats.ioinformatics.org/results/2023,age_missing;project_na
IOI,2023,Matīss Kristiņš,,,Latvia,,Silver,37,true,https://stats.ioinformatics.org/results/2023,age_missing;project_na
IOI,2023,Po-Kai Chen,,,Taiwan,,Silver,38,true,https://stats.ioinformatics.org/results/2023,age_missing;project_na
IOI,2023,Ansis Gustavs Andersons,,,Latvia,,Silver,39,true,https://stats.ioinformatics.org/results/2023,age_missing;project_na
IOI,2023,Ilia Kondakov,,,Serbia,,Silver,40,true,https://stats.ioinformatics.org/results/2023,age_missing;project_na
IOI,2023,Alexandru-Raul Todoran,,,Romania,,Silver,41,true,https://stats.ioinformatics.org/results/2023,age_missing;project_na
IOI,2023,Vannes Wijaya,,,Indonesia,,Silver,42,true,https://stats.ioinformatics.org/results/2023,age_missing;project_na
IOI,2023,Jakob Rødal Skaar,,,Norway,,Silver,43,true,https://stats.ioinformatics.org/results/2023,age_missing;project_na
IOI,2023,Albert Ariel Putra,,,Indonesia,,Silver,44,true,https://stats.ioinformatics.org/results/2023,age_missing;project_na
IOI,2023,Fatih Solak,,,Türkiye,,Silver,45,true,https://stats.ioinformatics.org/results/2023,age_missing;project_na
IOI,2023,Oscar Fischler,,,France,,Silver,46,true,https://stats.ioinformatics.org/results/2023,age_missing;project_na
IOI,2023,Debojoti Das Soumya,,,Bangladesh,,Silver,47,true,https://stats.ioinformatics.org/results/2023,age_missing;project_na
IOI,2023,Yi-Chun Chiu,,,Taiwan,,Silver,47,true,https://stats.ioinformatics.org/results/2023,age_missing;project_na
IOI,2023,Miloš Milutinović,,,Serbia,,Silver,49,true,https://stats.ioinformatics.org/results/2023,age_missing;project_na
IOI,2023,Benjamin Swart,,,Czech Republic,,Silver,50,true,https://stats.ioinformatics.org/results/2023,age_missing;project_na
IOI,2023,Adam Gąsienica-Samek,,,Poland,,Silver,51,true,https://stats.ioinformatics.org/results/2023,age_missing;project_na
IOI,2023,Chun Wong,,,"Hong Kong, China",,Silver,51,true,https://stats.ioinformatics.org/results/2023,age_missing;project_na
IOI,2023,Victor Vorona,,,Moldova,,Silver,53,true,https://stats.ioinformatics.org/results/2023,age_missing;project_na
IOI,2023,Thang Nguyen Duc,,,Vietnam,,Silver,54,true,https://stats.ioinformatics.org/results/2023,age_missing;project_na
IOI,2023,Jerry Zirui Li,,,Australia,,Silver,55,true,https://stats.ioinformatics.org/results/2023,age_missing;project_na
IOI,2023,Bernát Tarján,,,Hungary 2,,Silver,,true,https://stats.ioinformatics.org/results/2023,age_missing;project_na
IOI,2023,Theofanis Orfanou,,,Cyprus,,Silver,56,true,https://stats.ioinformatics.org/results/2023,age_missing;project_na
IOI,2023,Johann Gaulke,,,Germany,,Silver,57,true,https://stats.ioinformatics.org/results/2023,age_missing;project_na
IOI,2023,Sungho Lee,,,Republic of Korea,,Silver,57,true,https://stats.ioinformatics.org/results/2023,age_missing;project_na
IOI,2023,Charles Dai,,,France,,Silver,59,true,https://stats.ioinformatics.org/results/2023,age_missing;project_na
IOI,2023,Leonardo Valente Nascimento,,,Brazil,,Silver,60,true,https://stats.ioinformatics.org/results/2023,age_missing;project_na
IOI,2023,Ditbul Ban,,,Republic of Korea,,Silver,61,true,https://stats.ioinformatics.org/results/2023,age_missing;project_na
IOI,2023,Luca Perju Verzotti,,,Romania,,Silver,62,true,https://stats.ioinformatics.org/results/2023,age_missing;project_na
IOI,2023,Andrei-Robert Ion,,,Romania,,Silver,63,true,https://stats.ioinformatics.org/results/2023,age_missing;project_na
IOI,2023,Soheil Mohammadkhani,,,Iran,,Silver,64,true,https://stats.ioinformatics.org/results/2023,age_missing;project_na
IOI,2023,Cassidy Kyler Tan,,,Philippines,,Silver,65,true,https://stats.ioinformatics.org/results/2023,age_missing;project_na
IOI,2023,Fateme Tamehri,,,Iran,,Silver,66,true,https://stats.ioinformatics.org/results/2023,age_missing;project_na
IOI,2023,Warren Bei,,,Canada,,Silver,67,true,https://stats.ioinformatics.org/results/2023,age_missing;project_na
IOI,2023,Andrii Stolitnii,,,Ukraine,,Silver,68,true,https://stats.ioinformatics.org/results/2023,age_missing;project_na
IOI,2023,Chong Ho Hsieh,,,"Hong Kong, China",,Silver,69,true,https://stats.ioinformatics.org/results/2023,age_missing;project_na
IOI,2023,Finn Rudolph,,,Germany,,Silver,70,true,https://stats.ioinformatics.org/results/2023,age_missing;project_na
IOI,2023,Taimas Korganbayev,,,Kazakhstan,,Silver,70,true,https://stats.ioinformatics.org/results/2023,age_missing;project_na
IOI,2023,Andrii Smutchak,,,Ukraine,,Silver,72,true,https://stats.ioinformatics.org/results/2023,age_missing;project_na
IOI,2023,Shreyan Ray,,,India,,Silver,72,true,https://stats.ioinformatics.org/results/2023,age_missing;project_na
IOI,2023,Paras Kasmalkar,,,India,,Silver,74,true,https://stats.ioinformatics.org/results/2023,age_missing;project_na
IOI,2023,Miles Conway,,,Australia,,Silver,75,true,https://stats.ioinformatics.org/results/2023,age_missing;project_na
IOI,2023,Amirhossein Vahiditabar,,,Iran,,Silver,76,true,https://stats.ioinformatics.org/results/2023,age_missing;project_na
IOI,2023,Alisa Potomkina,,,Ukraine,,Silver,77,true,https://stats.ioinformatics.org/results/2023,age_missing;project_na
IOI,2023,Hua Zhi Vee,,,Malaysia,,Silver,77,true,https://stats.ioinformatics.org/results/2023,age_missing;project_na
IOI,2023,Innokentiy Kaurov,,,Spain,,Silver,77,true,https://stats.ioinformatics.org/results/2023,age_missing;project_na
IOI,2023,Yi Fung Lu,,,"Hong Kong, China",,Silver,80,true,https://stats.ioinformatics.org/results/2023,age_missing;project_na
IOI,2023,Tarash Dolaberidze,,,Georgia,,Silver,81,true,https://stats.ioinformatics.org/results/2023,age_missing;project_na
IOI,2023,Veikko Heikkinen,,,Finland,,Silver,81,true,https://stats.ioinformatics.org/results/2023,age_missing;project_na
IOI,2023,Raphael Gaedtke,,,Germany,,Silver,83,true,https://stats.ioinformatics.org/results/2023,age_missing;project_na
IOI,2023,Matthew Allan,,,Indonesia,,Silver,84,true,https://stats.ioinformatics.org/results/2023,age_missing;project_na
IOI,2023,Yaw Chur Zhe,,,Singapore,,Silver,85,true,https://stats.ioinformatics.org/results/2023,age_missing;project_na
IOI,2023,Martynas Šmaižys,,,Lithuania,,Silver,86,true,https://stats.ioinformatics.org/results/2023,age_missing;project_na
IOI,2023,Dzmitry Antashkevich,,,,,Silver,87,true,https://stats.ioinformatics.org/results/2023,age_missing;project_na
IOI,2023,Alejandro Vivero Puga,,,Spain,,Silver,88,true,https://stats.ioinformatics.org/results/2023,age_missing;project_na
IOI,2023,Elias Bauer,,,Switzerland,,Bronze,89,true,https://stats.ioinformatics.org/results/2023,age_missing;project_na
IOI,2023,Darío Martínez Ramírez,,,Spain,,Bronze,90,true,https://stats.ioinformatics.org/results/2023,age_missing;project_na
IOI,2023,Boris Mihov,,,Bulgaria,,Bronze,91,true,https://stats.ioinformatics.org/results/2023,age_missing;project_na
IOI,2023,Rafał Mańczyk,,,Poland,,Bronze,91,true,https://stats.ioinformatics.org/results/2023,age_missing;project_na
IOI,2023,Daryna Karpenko,,,Ukraine,,Bronze,93,true,https://stats.ioinformatics.org/results/2023,age_missing;project_na
IOI,2023,Joel Gunawan,,,Indonesia,,Bronze,94,true,https://stats.ioinformatics.org/results/2023,age_missing;project_na
IOI,2023,Rafael Nascimento Soares,,,Brazil,,Bronze,94,true,https://stats.ioinformatics.org/results/2023,age_missing;project_na
IOI,2023,Abdelmaged Nour,,,Egypt,,Bronze,96,true,https://stats.ioinformatics.org/results/2023,age_missing;project_na
IOI,2023,Aleksandar Gatev,,,Bulgaria,,Bronze,96,true,https://stats.ioinformatics.org/results/2023,age_missing;project_na
IOI,2023,Filip Bojković,,,Serbia,,Bronze,98,true,https://stats.ioinformatics.org/results/2023,age_missing;project_na
IOI,2023,Fran Babić,,,Croatia,,Bronze,98,true,https://stats.ioinformatics.org/results/2023,age_missing;project_na
IOI,2023,Hanks Chong,,,United Kingdom,,Bronze,100,true,https://stats.ioinformatics.org/results/2023,age_missing;project_na
IOI,2023,Leo Varis,,,Finland,,Bronze,101,true,https://stats.ioinformatics.org/results/2023,age_missing;project_na
IOI,2023,Mars Xiang,,,Canada,,Bronze,101,true,https://stats.ioinformatics.org/results/2023,age_missing;project_na
IOI,2023,Pedro Suyama Leston Rey,,,Brazil,,Bronze,103,true,https://stats.ioinformatics.org/results/2023,age_missing;project_na
IOI,2023,Mohamed Bakry,,,Egypt,,Bronze,104,true,https://stats.ioinformatics.org/results/2023,age_missing;project_na
IOI,2023,Chi Ho Wang,,,"Hong Kong, China",,Bronze,105,true,https://stats.ioinformatics.org/results/2023,age_missing;project_na
IOI,2023,Tengiz Bekkoyonov,,,Kyrgyzstan,,Bronze,106,true,https://stats.ioinformatics.org/results/2023,age_missing;project_na
IOI,2023,Chon Hou Ye,,,"Macao, China",,Bronze,107,true,https://stats.ioinformatics.org/results/2023,age_missing;project_na
IOI,2023,István Ádám Molnár,,,Hungary,,Bronze,107,true,https://stats.ioinformatics.org/results/2023,age_missing;project_na
IOI,2023,Olaf Targowski,,,Poland,,Bronze,107,true,https://stats.ioinformatics.org/results/2023,age_missing;project_na
IOI,2023,Martin Bierbaumer,,,Austria,,Bronze,110,true,https://stats.ioinformatics.org/results/2023,age_missing;project_na
IOI,2023,Arthur Lobo Leite Lopes,,,Brazil,,Bronze,111,true,https://stats.ioinformatics.org/results/2023,age_missing;project_na
IOI,2023,Matthias Pleschinger,,,Austria,,Bronze,112,true,https://stats.ioinformatics.org/results/2023,age_missing;project_na
IOI,2023,Nemanja Majski,,,Serbia,,Bronze,113,true,https://stats.ioinformatics.org/results/2023,age_missing;project_na
IOI,2023,David S. Eikeland,,,Norway,,Bronze,114,true,https://stats.ioinformatics.org/results/2023,age_missing;project_na
IOI,2023,Humaid Alhuthali,,,Saudi Arabia,,Bronze,114,true,https://stats.ioinformatics.org/results/2023,age_missing;project_na
IOI,2023,Jamie Lim Jia Sin,,,Singapore,,Bronze,116,true,https://stats.ioinformatics.org/results/2023,age_missing;project_na
IOI,2023,Luka Mosiashvili,,,Georgia,,Bronze,116,true,https://stats.ioinformatics.org/results/2023,age_missing;project_na
IOI,2023,Cengiz Eray Aslan,,,Türkiye,,Bronze,118,true,https://stats.ioinformatics.org/results/2023,age_missing;project_na
IOI,2023,Dilyorbek Valijonov,,,Uzbekistan,,Bronze,119,true,https://stats.ioinformatics.org/results/2023,age_missing;project_na
IOI,2023,Sithija Abhishek Kotuwewatta,,,Sri Lanka,,Bronze,119,true,https://stats.ioinformatics.org/results/2023,age_missing;project_na
IOI,2023,Pablo Sáez Reyes,,,Spain,,Bronze,121,true,https://stats.ioinformatics.org/results/2023,age_missing;project_na
IOI,2023,Cagan Ahmet Yanmaz,,,Türkiye,,Bronze,122,true,https://stats.ioinformatics.org/results/2023,age_missing;project_na
IOI,2023,Francesco Vercellesi,,,Italy,,Bronze,122,true,https://stats.ioinformatics.org/results/2023,age_missing;project_na
IOI,2023,Lőrinc Máté,,,Hungary,,Bronze,122,true,https://stats.ioinformatics.org/results/2023,age_missing;project_na
IOI,2023,Tsovak Yegoryan,,,Armenia,,Bronze,125,true,https://stats.ioinformatics.org/results/2023,age_missing;project_na
IOI,2023,Jakob Žorž,,,Slovenia,,Bronze,126,true,https://stats.ioinformatics.org/results/2023,age_missing;project_na
IOI,2023,Boldizsár Mann,,,Germany,,Bronze,127,true,https://stats.ioinformatics.org/results/2023,age_missing;project_na
IOI,2023,Minh Nguyen Quang,,,Vietnam,,Bronze,127,true,https://stats.ioinformatics.org/results/2023,age_missing;project_na
IOI,2023,Luka Meladze,,,Georgia,,Bronze,129,true,https://stats.ioinformatics.org/results/2023,age_missing;project_na
IOI,2023,Samvel Abelyan,,,Armenia,,Bronze,130,true,https://stats.ioinformatics.org/results/2023,age_missing;project_na
IOI,2023,Daniel Murphy,,,Luxembourg,,Bronze,131,true,https://stats.ioinformatics.org/results/2023,age_missing;project_na
IOI,2023,Mikhail Brel,,,,,Bronze,131,true,https://stats.ioinformatics.org/results/2023,age_missing;project_na
IOI,2023,Pakarin Leetrairong,,,Thailand,,Bronze,133,true,https://stats.ioinformatics.org/results/2023,age_missing;project_na
IOI,2023,Štěpán Mikéska,,,Czech Republic,,Bronze,133,true,https://stats.ioinformatics.org/results/2023,age_missing;project_na
IOI,2023,Sushil Raaja Umasudhan,,,India,,Bronze,135,true,https://stats.ioinformatics.org/results/2023,age_missing;project_na
IOI,2023,Benjamin Kleyn,,,South Africa,,Bronze,136,true,https://stats.ioinformatics.org/results/2023,age_missing;project_na
IOI,2023,Berke Inan Tol,,,Türkiye,,Bronze,137,true,https://stats.ioinformatics.org/results/2023,age_missing;project_na
IOI,2023,Minkyum Kim,,,South Africa,,Bronze,138,true,https://stats.ioinformatics.org/results/2023,age_missing;project_na
IOI,2023,Panagiotis Paskalis,,,Greece,,Bronze,138,true,https://stats.ioinformatics.org/results/2023,age_missing;project_na
IOI,2023,Turkhuu Batbayar,,,Mongolia,,Bronze,138,true,https://stats.ioinformatics.org/results/2023,age_missing;project_na
IOI,2023,Timur Degteari,,,Moldova,,Bronze,141,true,https://stats.ioinformatics.org/results/2023,age_missing;project_na
IOI,2023,Samuel Trajtenberg,,,United Kingdom,,Bronze,142,true,https://stats.ioinformatics.org/results/2023,age_missing;project_na
IOI,2023,Teetat Thamronglak,,,Thailand,,Bronze,142,true,https://stats.ioinformatics.org/results/2023,age_missing;project_na
IOI,2023,Farhan Ahmad,,,Bangladesh,,Bronze,144,true,https://stats.ioinformatics.org/results/2023,age_missing;project_na
IOI,2023,Irakli Sulamanidze,,,Georgia,,Bronze,144,true,https://stats.ioinformatics.org/results/2023,age_missing;project_na
IOI,2023,Damjan Davkov,,,North Macedonia,,Bronze,146,true,https://stats.ioinformatics.org/results/2023,age_missing;project_na
IOI,2023,Márton Németh,,,Hungary,,Bronze,147,true,https://stats.ioinformatics.org/results/2023,age_missing;project_na
IOI,2023,Máté Fülöp,,,Hungary 2,,Bronze,,true,https://stats.ioinformatics.org/results/2023,age_missing;project_na
IOI,2023,Alessandro Lombardo,,,Italy,,Bronze,148,true,https://stats.ioinformatics.org/results/2023,age_missing;project_na
IOI,2023,Jerome Austin Te,,,Philippines,,Bronze,148,true,https://stats.ioinformatics.org/results/2023,age_missing;project_na
IOI,2023,Enerelt Delgerdalai,,,Mongolia,,Bronze,150,true,https://stats.ioinformatics.org/results/2023,age_missing;project_na
IOI,2023,Zhiyi Luo,,,Belgium,,Bronze,150,true,https://stats.ioinformatics.org/results/2023,age_missing;project_na
IOI,2023,Luna Skjernaa Mygind,,,Denmark,,Bronze,152,true,https://stats.ioinformatics.org/results/2023,age_missing;project_na
IOI,2023,Ján Gottweis,,,Slovakia,,Bronze,153,true,https://stats.ioinformatics.org/results/2023,age_missing;project_na
IOI,2023,Jarif Rahman,,,Bangladesh,,Bronze,154,true,https://stats.ioinformatics.org/results/2023,age_missing;project_na
IOI,2023,Veaceslav Guzun,,,Moldova,,Bronze,155,true,https://stats.ioinformatics.org/results/2023,age_missing;project_na
IOI,2023,Yahia Elhawy,,,Egypt,,Bronze,156,true,https://stats.ioinformatics.org/results/2023,age_missing;project_na
IOI,2023,Alexandru Luchianov,,,Romania,,Bronze,157,true,https://stats.ioinformatics.org/results/2023,age_missing;project_na
IOI,2023,Atanas Dimitrov,,,Bulgaria,,Bronze,157,true,https://stats.ioinformatics.org/results/2023,age_missing;project_na
IOI,2023,Filbert Ephraim Wu,,,Philippines,,Bronze,157,true,https://stats.ioinformatics.org/results/2023,age_missing;project_na
IOI,2023,Alihan Aidarbekov,,,Kyrgyzstan,,Bronze,160,true,https://stats.ioinformatics.org/results/2023,age_missing;project_na
IOI,2023,Marcell Németh,,,Hungary 2,,Bronze,,true,https://stats.ioinformatics.org/results/2023,age_missing;project_na
IOI,2023,Ryhor Koshman,,,,,Bronze,161,true,https://stats.ioinformatics.org/results/2023,age_missing;project_na
IOI,2023,Yahia Emara,,,Egypt,,Bronze,162,true,https://stats.ioinformatics.org/results/2023,age_missing;project_na
IOI,2023,Dilshodbek Khujaev,,,Uzbekistan,,Bronze,163,true,https://stats.ioinformatics.org/results/2023,age_missing;project_na
IOI,2023,Adriāns Piliksers,,,Latvia,,Bronze,164,true,https://stats.ioinformatics.org/results/2023,age_missing;project_na
IOI,2023,Amin Charba,,,Syria,,Bronze,165,true,https://stats.ioinformatics.org/results/2023,age_missing;project_na
IOI,2023,Vesselin Markovich,,,Bulgaria,,Bronze,165,true,https://stats.ioinformatics.org/results/2023,age_missing;project_na
IOI,2023,Anatol Coen,,,New Zealand,,Bronze,167,true,https://stats.ioinformatics.org/results/2023,age_missing;project_na
IOI,2023,Théo Hollender,,,France,,Bronze,167,true,https://stats.ioinformatics.org/results/2023,age_missing;project_na
IOI,2023,Jonni Haapiainen,,,Finland,,Bronze,169,true,https://stats.ioinformatics.org/results/2023,age_missing;project_na
IOI,2023,Guanhan Li,,,New Zealand,,Bronze,170,true,https://stats.ioinformatics.org/results/2023,age_missing;project_na
IOI,2023,Toni Brajko,,,Croatia,,Bronze,171,true,https://stats.ioinformatics.org/results/2023,age_missing;project_na
IOI,2023,Uladzimir Marozau,,,,,Bronze,171,true,https://stats.ioinformatics.org/results/2023,age_missing;project_na
IOI,2023,Onolt Khurtsbilguun,,,Mongolia,,Bronze,173,true,https://stats.ioinformatics.org/results/2023,age_missing;project_na
IOI,2023,Ivan Janjić,,,Croatia,,Bronze,174,true,https://stats.ioinformatics.org/results/2023,age_missing;project_na
IOI,2023,Fuad Garayev,,,Azerbaijan,,Bronze,175,true,https://stats.ioinformatics.org/results/2023,age_missing;project_na
IOI,2023,Gagik Gevorgyan,,,Armenia,,Bronze,175,true,https://stats.ioinformatics.org/results/2023,age_missing;project_na
IOI,2023,Nazar Serazitdinov,,,Kazakhstan,,Bronze,175,true,https://stats.ioinformatics.org/results/2023,age_missing;project_na
IOI,2023,Phoebe Zhang,,,New Zealand,,Bronze,175,true,https://stats.ioinformatics.org/results/2023,age_missing;project_na
IOI,2024,Kangyang Zhou,,,China,,Gold,1,true,https://stats.ioinformatics.org/results/2024,age_missing;project_na
IOI,2024,Adam Gąsienica-Samek,,,Poland,,Gold,2,true,https://stats.ioinformatics.org/results/2024,age_missing;project_na
IOI,2024,Brian Xue,,,United States of America,,Gold,3,true,https://stats.ioinformatics.org/results/2024,age_missing;project_na
IOI,2024,Daniel Weber,,,Israel,,Gold,4,true,https://stats.ioinformatics.org/results/2024,age_missing;project_na
IOI,2024,Agastya Goel,,,United States of America,,Gold,4,true,https://stats.ioinformatics.org/results/2024,age_missing;project_na
IOI,2024,Rain Jiang,,,United States of America,,Gold,5,true,https://stats.ioinformatics.org/results/2024,age_missing;project_na
IOI,2024,Mihai-Valeriu Voicu,,,Romania,,Gold,6,true,https://stats.ioinformatics.org/results/2024,age_missing;project_na
IOI,2024,Bálint Rózsa,,,Canada,,Gold,7,true,https://stats.ioinformatics.org/results/2024,age_missing;project_na
IOI,2024,Yuchong Guo,,,China,,Gold,8,true,https://stats.ioinformatics.org/results/2024,age_missing;project_na
IOI,2024,Eliška Macáková,,,Slovakia,,Gold,9,true,https://stats.ioinformatics.org/results/2024,age_missing;project_na
IOI,2024,Daria Grekova,,,,,Gold,10,true,https://stats.ioinformatics.org/results/2024,age_missing;project_na
IOI,2024,Ivan Piskarev,,,,,Gold,11,true,https://stats.ioinformatics.org/results/2024,age_missing;project_na
IOI,2024,Ryan Bai,,,Canada,,Gold,12,true,https://stats.ioinformatics.org/results/2024,age_missing;project_na
IOI,2024,Shogo Amacho,,,Japan,,Gold,13,true,https://stats.ioinformatics.org/results/2024,age_missing;project_na
IOI,2024,István Ádám Molnár,,,Hungary,,Gold,14,true,https://stats.ioinformatics.org/results/2024,age_missing;project_na
IOI,2024,Katsuki Ota,,,Japan,,Gold,15,true,https://stats.ioinformatics.org/results/2024,age_missing;project_na
IOI,2024,Alejandro Vivero Puga,,,Spain,,Gold,16,true,https://stats.ioinformatics.org/results/2024,age_missing;project_na
IOI,2024,Amirali Asgari,,,Iran,,Gold,17,true,https://stats.ioinformatics.org/results/2024,age_missing;project_na
IOI,2024,Elazar Koren,,,Israel,,Gold,17,true,https://stats.ioinformatics.org/results/2024,age_missing;project_na
IOI,2024,Samuel Trajtenberg,,,United Kingdom,,Gold,17,true,https://stats.ioinformatics.org/results/2024,age_missing;project_na
IOI,2024,Duru Ozer,,,Türkiye,,Gold,18,true,https://stats.ioinformatics.org/results/2024,age_missing;project_na
IOI,2024,Rafał Mańczyk,,,Poland,,Gold,19,true,https://stats.ioinformatics.org/results/2024,age_missing;project_na
IOI,2024,Gimran Abdullin,,,,,Gold,20,true,https://stats.ioinformatics.org/results/2024,age_missing;project_na
IOI,2024,Kshitij Sodani,,,India,,Gold,21,true,https://stats.ioinformatics.org/results/2024,age_missing;project_na
IOI,2024,Chun Wong,,,"Hong Kong, China",,Gold,22,true,https://stats.ioinformatics.org/results/2024,age_missing;project_na
IOI,2024,Minh Pham Cong,,,Vietnam,,Gold,23,true,https://stats.ioinformatics.org/results/2024,age_missing;project_na
IOI,2024,Bach Hoang Xuan,,,Vietnam,,Gold,24,true,https://stats.ioinformatics.org/results/2024,age_missing;project_na
IOI,2024,Debojoti Das Soumya,,,Bangladesh,,Gold,25,true,https://stats.ioinformatics.org/results/2024,age_missing;project_na
IOI,2024,Miles Conway,,,Australia,,Gold,26,true,https://stats.ioinformatics.org/results/2024,age_missing;project_na
IOI,2024,Alon Tanay,,,Israel,,Gold,27,true,https://stats.ioinformatics.org/results/2024,age_missing;project_na
IOI,2024,Petr Losev,,,,,Gold,27,true,https://stats.ioinformatics.org/results/2024,age_missing;project_na
IOI,2024,Ansis Gustavs Andersons,,,Latvia,,Gold,28,true,https://stats.ioinformatics.org/results/2024,age_missing;project_na
IOI,2024,Eunseong Kim,,,Republic of Korea,,Gold,29,true,https://stats.ioinformatics.org/results/2024,age_missing;project_na
IOI,2024,David S. Eikeland,,,Norway,,Gold,30,true,https://stats.ioinformatics.org/results/2024,age_missing;project_na
IOI,2024,Yuya Hirasawa,,,Japan,,Silver,31,true,https://stats.ioinformatics.org/results/2024,age_missing;project_na
IOI,2024,Kajetan Ramsza,,,Poland,,Silver,32,true,https://stats.ioinformatics.org/results/2024,age_missing;project_na
IOI,2024,Mingyu Woo,,,Republic of Korea,,Silver,33,true,https://stats.ioinformatics.org/results/2024,age_missing;project_na
IOI,2024,Jan Gwiazda,,,Poland,,Silver,34,true,https://stats.ioinformatics.org/results/2024,age_missing;project_na
IOI,2024,Andy Wu,,,Australia,,Silver,35,true,https://stats.ioinformatics.org/results/2024,age_missing;project_na
IOI,2024,Daniel Koynov,,,Bulgaria,,Silver,36,true,https://stats.ioinformatics.org/results/2024,age_missing;project_na
IOI,2024,Po-Kai Chen,,,Taiwan,,Silver,36,true,https://stats.ioinformatics.org/results/2024,age_missing;project_na
IOI,2024,Damjan Davkov,,,North Macedonia,,Silver,38,true,https://stats.ioinformatics.org/results/2024,age_missing;project_na
IOI,2024,Jonni Haapiainen,,,Finland,,Silver,39,true,https://stats.ioinformatics.org/results/2024,age_missing;project_na
IOI,2024,Rohin Garg,,,United States of America,,Silver,40,true,https://stats.ioinformatics.org/results/2024,age_missing;project_na
IOI,2024,Heewoo Jung,,,Republic of Korea,,Silver,41,true,https://stats.ioinformatics.org/results/2024,age_missing;project_na
IOI,2024,Hanks Chong,,,United Kingdom,,Silver,42,true,https://stats.ioinformatics.org/results/2024,age_missing;project_na
IOI,2024,Yaw Chur Zhe,,,Singapore,,Silver,43,true,https://stats.ioinformatics.org/results/2024,age_missing;project_na
IOI,2024,Isaac Kai Sheng Hew,,,Malaysia,,Silver,44,true,https://stats.ioinformatics.org/results/2024,age_missing;project_na
IOI,2024,Boris Mihov,,,Bulgaria,,Silver,45,true,https://stats.ioinformatics.org/results/2024,age_missing;project_na
IOI,2024,Ryotaro Hayashi,,,Japan,,Silver,46,true,https://stats.ioinformatics.org/results/2024,age_missing;project_na
IOI,2024,Oscar Fischler,,,France,,Silver,47,true,https://stats.ioinformatics.org/results/2024,age_missing;project_na
IOI,2024,Min-chan Jung,,,Republic of Korea,,Silver,48,true,https://stats.ioinformatics.org/results/2024,age_missing;project_na
IOI,2024,Tuan Nguyen Huu,,,Vietnam,,Silver,49,true,https://stats.ioinformatics.org/results/2024,age_missing;project_na
IOI,2024,Veikko Heikkinen,,,Finland,,Silver,50,true,https://stats.ioinformatics.org/results/2024,age_missing;project_na
IOI,2024,Rareș-Andrei Neculau,,,Romania,,Silver,51,true,https://stats.ioinformatics.org/results/2024,age_missing;project_na
IOI,2024,Antonín Maloň,,,Czech Republic,,Silver,52,true,https://stats.ioinformatics.org/results/2024,age_missing;project_na
IOI,2024,Amirhossein Farkhondeh Far,,,Iran,,Silver,53,true,https://stats.ioinformatics.org/results/2024,age_missing;project_na
IOI,2024,Denys Tereshchenko,,,Ukraine,,Silver,53,true,https://stats.ioinformatics.org/results/2024,age_missing;project_na
IOI,2024,Javier Badesa Pérez,,,Spain,,Silver,53,true,https://stats.ioinformatics.org/results/2024,age_missing;project_na
IOI,2024,Sushil Raaja Umasudhan,,,India,,Silver,55,true,https://stats.ioinformatics.org/results/2024,age_missing;project_na
IOI,2024,Matthew Allan,,,Indonesia,,Silver,56,true,https://stats.ioinformatics.org/results/2024,age_missing;project_na
IOI,2024,Andrei-Paul Iorgulescu,,,Romania,,Silver,57,true,https://stats.ioinformatics.org/results/2024,age_missing;project_na
IOI,2024,Maxim Tsoy,,,Kazakhstan,,Silver,57,true,https://stats.ioinformatics.org/results/2024,age_missing;project_na
IOI,2024,Aufan Ahmad Mumtaza,,,Indonesia,,Silver,59,true,https://stats.ioinformatics.org/results/2024,age_missing;project_na
IOI,2024,Luotian Huang,,,China,,Silver,60,true,https://stats.ioinformatics.org/results/2024,age_missing;project_na
IOI,2024,Cengiz Eray Aslan,,,Türkiye,,Silver,61,true,https://stats.ioinformatics.org/results/2024,age_missing;project_na
IOI,2024,Andrii Smutchak,,,Ukraine,,Silver,62,true,https://stats.ioinformatics.org/results/2024,age_missing;project_na
IOI,2024,Berke Inan Tol,,,Türkiye,,Silver,63,true,https://stats.ioinformatics.org/results/2024,age_missing;project_na
IOI,2024,Vesselin Markovich,,,Bulgaria,,Silver,64,true,https://stats.ioinformatics.org/results/2024,age_missing;project_na
IOI,2024,Amirreza Dorosti,,,Iran,,Silver,65,true,https://stats.ioinformatics.org/results/2024,age_missing;project_na
IOI,2024,Brian Xiao Boyang,,,Singapore,,Silver,65,true,https://stats.ioinformatics.org/results/2024,age_missing;project_na
IOI,2024,Anatole Bouton,,,France,,Silver,66,true,https://stats.ioinformatics.org/results/2024,age_missing;project_na
IOI,2024,Samik Goyal,,,India,,Silver,67,true,https://stats.ioinformatics.org/results/2024,age_missing;project_na
IOI,2024,Jakob Žorž,,,Slovenia,,Silver,68,true,https://stats.ioinformatics.org/results/2024,age_missing;project_na
IOI,2024,Alex Wang,,,Australia,,Silver,69,true,https://stats.ioinformatics.org/results/2024,age_missing;project_na
IOI,2024,Guanhan Li,,,New Zealand,,Silver,70,true,https://stats.ioinformatics.org/results/2024,age_missing;project_na
IOI,2024,Pál Czanik,,,Hungary,,Silver,71,true,https://stats.ioinformatics.org/results/2024,age_missing;project_na
IOI,2024,Kwong Weng Loh,,,Malaysia,,Silver,72,true,https://stats.ioinformatics.org/results/2024,age_missing;project_na
IOI,2024,Mansur Taimas,,,Kazakhstan,,Silver,73,true,https://stats.ioinformatics.org/results/2024,age_missing;project_na
IOI,2024,Illia Permiakov,,,Ukraine,,Silver,74,true,https://stats.ioinformatics.org/results/2024,age_missing;project_na
IOI,2024,Timur Degteari,,,Moldova,,Silver,75,true,https://stats.ioinformatics.org/results/2024,age_missing;project_na
IOI,2024,Gagik Gevorgyan,,,Armenia,,Silver,76,true,https://stats.ioinformatics.org/results/2024,age_missing;project_na
IOI,2024,Sean Wanitchollakit,,,Thailand,,Silver,77,true,https://stats.ioinformatics.org/results/2024,age_missing;project_na
IOI,2024,Kelven Nathanael,,,Indonesia,,Silver,78,true,https://stats.ioinformatics.org/results/2024,age_missing;project_na
IOI,2024,Ian Bobrus,,,Kyrgyzstan,,Silver,79,true,https://stats.ioinformatics.org/results/2024,age_missing;project_na
IOI,2024,Martin Bierbaumer,,,Austria,,Silver,80,true,https://stats.ioinformatics.org/results/2024,age_missing;project_na
IOI,2024,Jerome Austin Te,,,Philippines,,Silver,81,true,https://stats.ioinformatics.org/results/2024,age_missing;project_na
IOI,2024,Jovian Soejono,,,Switzerland,,Silver,82,true,https://stats.ioinformatics.org/results/2024,age_missing;project_na
IOI,2024,Papangkorn Apinyanon,,,Thailand,,Silver,83,true,https://stats.ioinformatics.org/results/2024,age_missing;project_na
IOI,2024,Alihan Aidarbekov,,,Kyrgyzstan,,Silver,84,true,https://stats.ioinformatics.org/results/2024,age_missing;project_na
IOI,2024,Nemanja Majski,,,Serbia,,Silver,85,true,https://stats.ioinformatics.org/results/2024,age_missing;project_na
IOI,2024,Nazar Serazitdinov,,,Kazakhstan,,Silver,86,true,https://stats.ioinformatics.org/results/2024,age_missing;project_na
IOI,2024,Yung Ho Kwan,,,"Hong Kong, China",,Silver,86,true,https://stats.ioinformatics.org/results/2024,age_missing;project_na
IOI,2024,Lok Yin Siu,,,"Hong Kong, China",,Silver,88,true,https://stats.ioinformatics.org/results/2024,age_missing;project_na
IOI,2024,Yahia Emara,,,Egypt 2,,Silver,,true,https://stats.ioinformatics.org/results/2024,age_missing;project_na
IOI,2024,Andrey Stefanov,,,Bulgaria,,Silver,89,true,https://stats.ioinformatics.org/results/2024,age_missing;project_na
IOI,2024,Matthias Pleschinger,,,Austria,,Bronze,90,true,https://stats.ioinformatics.org/results/2024,age_missing;project_na
IOI,2024,Raphaël Pons,,,France,,Bronze,91,true,https://stats.ioinformatics.org/results/2024,age_missing;project_na
IOI,2024,Yi-Yu Chao,,,Taiwan,,Bronze,92,true,https://stats.ioinformatics.org/results/2024,age_missing;project_na
IOI,2024,Eduardo Carranza Vélez,,,Argentina,,Bronze,93,true,https://stats.ioinformatics.org/results/2024,age_missing;project_na
IOI,2024,Panagiotis Paskalis,,,Greece,,Bronze,93,true,https://stats.ioinformatics.org/results/2024,age_missing;project_na
IOI,2024,Ihnat Zharikhin,,,Ukraine,,Bronze,95,true,https://stats.ioinformatics.org/results/2024,age_missing;project_na
IOI,2024,Maksym Shvedchenko,,,Germany,,Bronze,95,true,https://stats.ioinformatics.org/results/2024,age_missing;project_na
IOI,2024,James Ray Bamber,,,Italy,,Bronze,97,true,https://stats.ioinformatics.org/results/2024,age_missing;project_na
IOI,2024,Faruk Ibrahimović,,,Bosnia and Herzegovina,,Bronze,98,true,https://stats.ioinformatics.org/results/2024,age_missing;project_na
IOI,2024,Filipe Lalic,,,Brazil,,Bronze,99,true,https://stats.ioinformatics.org/results/2024,age_missing;project_na
IOI,2024,Yun-Shuo Tsao,,,Taiwan,,Bronze,100,true,https://stats.ioinformatics.org/results/2024,age_missing;project_na
IOI,2024,Ayman Riad Solh,,,Morocco,,Bronze,101,true,https://stats.ioinformatics.org/results/2024,age_missing;project_na
IOI,2024,Minkyum Kim,,,South Africa,,Bronze,102,true,https://stats.ioinformatics.org/results/2024,age_missing;project_na
IOI,2024,Trung Pham Ngoc,,,Vietnam,,Bronze,102,true,https://stats.ioinformatics.org/results/2024,age_missing;project_na
IOI,2024,Alessandro Lombardo,,,Italy,,Bronze,104,true,https://stats.ioinformatics.org/results/2024,age_missing;project_na
IOI,2024,Elias Bauer,,,Switzerland,,Bronze,105,true,https://stats.ioinformatics.org/results/2024,age_missing;project_na
IOI,2024,Adavya Goyal,,,United Kingdom,,Bronze,106,true,https://stats.ioinformatics.org/results/2024,age_missing;project_na
IOI,2024,Onolt Khurtsbilguun,,,Mongolia,,Bronze,107,true,https://stats.ioinformatics.org/results/2024,age_missing;project_na
IOI,2024,Chenyu Lin,,,Netherlands,,Bronze,108,true,https://stats.ioinformatics.org/results/2024,age_missing;project_na
IOI,2024,Luca Baglietto,,,Italy,,Bronze,109,true,https://stats.ioinformatics.org/results/2024,age_missing;project_na
IOI,2024,Ping-Chung Chang,,,Taiwan,,Bronze,110,true,https://stats.ioinformatics.org/results/2024,age_missing;project_na
IOI,2024,Kaarel Toomet,,,Estonia,,Bronze,111,true,https://stats.ioinformatics.org/results/2024,age_missing;project_na
IOI,2024,Theodor Beskow,,,Sweden,,Bronze,112,true,https://stats.ioinformatics.org/results/2024,age_missing;project_na
IOI,2024,Dino Hadžić,,,Croatia,,Bronze,113,true,https://stats.ioinformatics.org/results/2024,age_missing;project_na
IOI,2024,Irmuun Chinbat,,,Mongolia,,Bronze,114,true,https://stats.ioinformatics.org/results/2024,age_missing;project_na
IOI,2024,Nathan Zhou,,,Australia,,Bronze,115,true,https://stats.ioinformatics.org/results/2024,age_missing;project_na
IOI,2024,Francesco Vercellesi,,,Italy,,Bronze,116,true,https://stats.ioinformatics.org/results/2024,age_missing;project_na
IOI,2024,Markos Radaios,,,Greece,,Bronze,117,true,https://stats.ioinformatics.org/results/2024,age_missing;project_na
IOI,2024,Jelle van der Drift,,,Netherlands,,Bronze,118,true,https://stats.ioinformatics.org/results/2024,age_missing;project_na
IOI,2024,Parsa Farjpoursarabi,,,Iran,,Bronze,119,true,https://stats.ioinformatics.org/results/2024,age_missing;project_na
IOI,2024,Kristjan Lepp,,,Estonia,,Bronze,119,true,https://stats.ioinformatics.org/results/2024,age_missing;project_na
IOI,2024,Nikola Vujica,,,Croatia,,Bronze,120,true,https://stats.ioinformatics.org/results/2024,age_missing;project_na
IOI,2024,Mariza Paspalli,,,Cyprus,,Bronze,121,true,https://stats.ioinformatics.org/results/2024,age_missing;project_na
IOI,2024,Theofanis Orfanou,,,Cyprus,,Bronze,122,true,https://stats.ioinformatics.org/results/2024,age_missing;project_na
IOI,2024,Dzmitry Harbatouski,,,,,Bronze,123,true,https://stats.ioinformatics.org/results/2024,age_missing;project_na
IOI,2024,Ahmed Osman,,,Egypt,,Bronze,124,true,https://stats.ioinformatics.org/results/2024,age_missing;project_na
IOI,2024,Simon Bachran,,,Germany,,Bronze,125,true,https://stats.ioinformatics.org/results/2024,age_missing;project_na
IOI,2024,Kunthee Yongvanich,,,Thailand,,Bronze,125,true,https://stats.ioinformatics.org/results/2024,age_missing;project_na
IOI,2024,Mina Gayed,,,Egypt 2,,Bronze,,true,https://stats.ioinformatics.org/results/2024,age_missing;project_na
IOI,2024,Aykhan Damirli,,,Azerbaijan,,Bronze,126,true,https://stats.ioinformatics.org/results/2024,age_missing;project_na
IOI,2024,Noyan Cantürk,,,Türkiye,,Bronze,126,true,https://stats.ioinformatics.org/results/2024,age_missing;project_na
IOI,2024,Miloš Milutinović,,,Serbia,,Bronze,128,true,https://stats.ioinformatics.org/results/2024,age_missing;project_na
IOI,2024,Kang Yiming,,,Singapore,,Bronze,129,true,https://stats.ioinformatics.org/results/2024,age_missing;project_na
IOI,2024,Arthur Lobo Leite Lopes,,,Brazil,,Bronze,130,true,https://stats.ioinformatics.org/results/2024,age_missing;project_na
IOI,2024,Moez Mahmoud,,,Egypt,,Bronze,131,true,https://stats.ioinformatics.org/results/2024,age_missing;project_na
IOI,2024,Marijonas Salvijus Keturakis,,,Lithuania,,Bronze,132,true,https://stats.ioinformatics.org/results/2024,age_missing;project_na
IOI,2024,Jakov Celin,,,Croatia,,Bronze,133,true,https://stats.ioinformatics.org/results/2024,age_missing;project_na
IOI,2024,Lovro Tunjić,,,Croatia,,Bronze,134,true,https://stats.ioinformatics.org/results/2024,age_missing;project_na
IOI,2024,Abdelmaged Nour,,,Egypt,,Bronze,135,true,https://stats.ioinformatics.org/results/2024,age_missing;project_na
IOI,2024,Rareș-Felix Tudose,,,Romania,,Bronze,135,true,https://stats.ioinformatics.org/results/2024,age_missing;project_na
IOI,2024,Kiryl Kardash,,,,,Bronze,137,true,https://stats.ioinformatics.org/results/2024,age_missing;project_na
IOI,2024,Baitoro Mairambekov,,,Kyrgyzstan,,Bronze,138,true,https://stats.ioinformatics.org/results/2024,age_missing;project_na
IOI,2024,Bianca Vicente,,,Argentina,,Bronze,139,true,https://stats.ioinformatics.org/results/2024,age_missing;project_na
IOI,2024,Nikoloz Melikishvili,,,Georgia,,Bronze,140,true,https://stats.ioinformatics.org/results/2024,age_missing;project_na
IOI,2024,Thawin Tengamnuay,,,Thailand,,Bronze,141,true,https://stats.ioinformatics.org/results/2024,age_missing;project_na
IOI,2024,Filbert Ephraim Wu,,,Philippines,,Bronze,142,true,https://stats.ioinformatics.org/results/2024,age_missing;project_na
IOI,2024,Hang Chi Ng,,,"Macao, China",,Bronze,143,true,https://stats.ioinformatics.org/results/2024,age_missing;project_na
IOI,2024,Yash Thakker,,,India,,Bronze,144,true,https://stats.ioinformatics.org/results/2024,age_missing;project_na
IOI,2024,Itamar Nir,,,Israel,,Bronze,145,true,https://stats.ioinformatics.org/results/2024,age_missing;project_na
IOI,2024,Mihailo Jančević,,,Serbia,,Bronze,145,true,https://stats.ioinformatics.org/results/2024,age_missing;project_na
IOI,2024,Jarif Rahman,,,Bangladesh,,Bronze,146,true,https://stats.ioinformatics.org/results/2024,age_missing;project_na
IOI,2024,Muhammad Umair Ahmad Mirza,,,Pakistan,,Bronze,147,true,https://stats.ioinformatics.org/results/2024,age_missing;project_na
IOI,2024,Akhmet Issa,,,Kazakhstan,,Bronze,148,true,https://stats.ioinformatics.org/results/2024,age_missing;project_na
IOI,2024,Andrei Sabalenka,,,,,Bronze,149,true,https://stats.ioinformatics.org/results/2024,age_missing;project_na
IOI,2024,Marco Antonio Escandón García,,,Cuba,,Bronze,150,true,https://stats.ioinformatics.org/results/2024,age_missing;project_na
IOI,2024,Anton Avilov,,,France,,Bronze,151,true,https://stats.ioinformatics.org/results/2024,age_missing;project_na
IOI,2024,Amin Charba,,,Syria,,Bronze,152,true,https://stats.ioinformatics.org/results/2024,age_missing;project_na
IOI,2024,Hugo Bruwer,,,South Africa,,Bronze,153,true,https://stats.ioinformatics.org/results/2024,age_missing;project_na
IOI,2024,Jan Slíva,,,Czech Republic,,Bronze,154,true,https://stats.ioinformatics.org/results/2024,age_missing;project_na
IOI,2024,Victor Coen,,,New Zealand,,Bronze,155,true,https://stats.ioinformatics.org/results/2024,age_missing;project_na
IOI,2024,Martin Šindelář,,,Slovakia,,Bronze,156,true,https://stats.ioinformatics.org/results/2024,age_missing;project_na
IOI,2024,Ahmed Alhashim,,,Saudi Arabia,,Bronze,157,true,https://stats.ioinformatics.org/results/2024,age_missing;project_na
IOI,2024,Chang Jun Lim,,,Malaysia,,Bronze,158,true,https://stats.ioinformatics.org/results/2024,age_missing;project_na
IOI,2024,Adeeb AlShehry,,,Saudi Arabia,,Bronze,159,true,https://stats.ioinformatics.org/results/2024,age_missing;project_na
IOI,2024,Pedro Suyama Leston Rey,,,Brazil,,Bronze,160,true,https://stats.ioinformatics.org/results/2024,age_missing;project_na
IOI,2024,Sun Beichen,,,Singapore,,Bronze,161,true,https://stats.ioinformatics.org/results/2024,age_missing;project_na
IOI,2024,Yaël Arn,,,Switzerland,,Bronze,162,true,https://stats.ioinformatics.org/results/2024,age_missing;project_na
IOI,2024,Øystein Berntzen,,,Norway,,Bronze,163,true,https://stats.ioinformatics.org/results/2024,age_missing;project_na
IOI,2024,Victor Vatn,,,Sweden,,Bronze,164,true,https://stats.ioinformatics.org/results/2024,age_missing;project_na
IOI,2024,Gunadi Gani,,,Indonesia,,Bronze,165,true,https://stats.ioinformatics.org/results/2024,age_missing;project_na
IOI,2024,Mardon Hazratov,,,Uzbekistan,,Bronze,166,true,https://stats.ioinformatics.org/results/2024,age_missing;project_na
IOI,2024,Uroš Kostadinović,,,Serbia,,Bronze,167,true,https://stats.ioinformatics.org/results/2024,age_missing;project_na
IOI,2024,Kaleem Raza Syed,,,Pakistan,,Bronze,168,true,https://stats.ioinformatics.org/results/2024,age_missing;project_na
IOI,2024,José Andrés Lemus Velazquez,,,Mexico,,Bronze,169,true,https://stats.ioinformatics.org/results/2024,age_missing;project_na
IOI,2024,Sebastian Meineche Falk,,,Denmark,,Bronze,170,true,https://stats.ioinformatics.org/results/2024,age_missing;project_na
IOI,2024,Mikhail Brel,,,,,Bronze,171,true,https://stats.ioinformatics.org/results/2024,age_missing;project_na
IOI,2024,Patrik Číhal,,,Czech Republic,,Bronze,172,true,https://stats.ioinformatics.org/results/2024,age_missing;project_na
IOI,2024,Tomas Marcinkevičius,,,Lithuania,,Bronze,172,true,https://stats.ioinformatics.org/results/2024,age_missing;project_na
IOI,2024,Tarek Zaki,,,Egypt 2,,Bronze,,true,https://stats.ioinformatics.org/results/2024,age_missing;project_na
IOI,2024,Tsovak Yegoryan,,,Armenia,,Bronze,174,true,https://stats.ioinformatics.org/results/2024,age_missing;project_na
IOI,2024,Mihai Esanu,,,Moldova,,Bronze,175,true,https://stats.ioinformatics.org/results/2024,age_missing;project_na
IOI,2024,Akib Azmain Turja,,,Bangladesh,,Bronze,176,true,https://stats.ioinformatics.org/results/2024,age_missing;project_na
IOI,2024,Raouf Ould Ali,,,Algeria,,Bronze,177,true,https://stats.ioinformatics.org/results/2024,age_missing;project_na
IOI,2025,Hengxi Liu,,,China,,Gold,1,true,https://stats.ioinformatics.org/results/2025,age_missing;project_na
IOI,2025,Mingyu Woo,,,Republic of Korea,,Gold,2,true,https://stats.ioinformatics.org/results/2025,age_missing;project_na
IOI,2025,Sizhe Fan,,,China,,Gold,3,true,https://stats.ioinformatics.org/results/2025,age_missing;project_na
IOI,2025,Rareș-Andrei Neculau,,,Romania,,Gold,4,true,https://stats.ioinformatics.org/results/2025,age_missing;project_na
IOI,2025,Xinyang Chen,,,China,,Gold,5,true,https://stats.ioinformatics.org/results/2025,age_missing;project_na
IOI,2025,Rain Jiang,,,United States of America,,Gold,6,true,https://stats.ioinformatics.org/results/2025,age_missing;project_na
IOI,2025,Ryan Bai,,,Canada,,Gold,7,true,https://stats.ioinformatics.org/results/2025,age_missing;project_na
IOI,2025,Haifeng Liu,,,China,,Gold,8,true,https://stats.ioinformatics.org/results/2025,age_missing;project_na
IOI,2025,Petr Losev,,,,,Gold,9,true,https://stats.ioinformatics.org/results/2025,age_missing;project_na
IOI,2025,Vesselin Markovich,,,Bulgaria,,Gold,10,true,https://stats.ioinformatics.org/results/2025,age_missing;project_na
IOI,2025,Brian Xiao Boyang,,,Singapore,,Gold,11,true,https://stats.ioinformatics.org/results/2025,age_missing;project_na
IOI,2025,Thanh Le Kien,,,Vietnam,,Gold,12,true,https://stats.ioinformatics.org/results/2025,age_missing;project_na
IOI,2025,Rareș-Felix Tudose,,,Romania,,Gold,13,true,https://stats.ioinformatics.org/results/2025,age_missing;project_na
IOI,2025,Mihai-Valeriu Voicu,,,Romania,,Gold,14,true,https://stats.ioinformatics.org/results/2025,age_missing;project_na
IOI,2025,István Ádám Molnár,,,Hungary,,Gold,15,true,https://stats.ioinformatics.org/results/2025,age_missing;project_na
IOI,2025,Youchan Lee,,,Republic of Korea,,Gold,16,true,https://stats.ioinformatics.org/results/2025,age_missing;project_na
IOI,2025,Amirali Asgari,,,Iran,,Gold,17,true,https://stats.ioinformatics.org/results/2025,age_missing;project_na
IOI,2025,Tamás Görömbey,,,Hungary,,Gold,18,true,https://stats.ioinformatics.org/results/2025,age_missing;project_na
IOI,2025,Min-chan Jung,,,Republic of Korea,,Gold,19,true,https://stats.ioinformatics.org/results/2025,age_missing;project_na
IOI,2025,Sun Beichen,,,Singapore,,Gold,20,true,https://stats.ioinformatics.org/results/2025,age_missing;project_na
IOI,2025,Aleksandar Gatev,,,Bulgaria,,Gold,21,true,https://stats.ioinformatics.org/results/2025,age_missing;project_na
IOI,2025,Katsuki Ota,,,Japan,,Gold,22,true,https://stats.ioinformatics.org/results/2025,age_missing;project_na
IOI,2025,Michał Wolny,,,Poland,,Gold,23,true,https://stats.ioinformatics.org/results/2025,age_missing;project_na
IOI,2025,Jaewoo Byun,,,Republic of Korea,,Gold,24,true,https://stats.ioinformatics.org/results/2025,age_missing;project_na
IOI,2025,Vladislav Zhiganov,,,,,Gold,25,true,https://stats.ioinformatics.org/results/2025,age_missing;project_na
IOI,2025,Mircea Maxim Rebengiuc,,,Romania,,Gold,26,true,https://stats.ioinformatics.org/results/2025,age_missing;project_na
IOI,2025,Isaac Kai Sheng Hew,,,Malaysia,,Gold,27,true,https://stats.ioinformatics.org/results/2025,age_missing;project_na
IOI,2025,Heng Liao,,,Taiwan,,Gold,28,true,https://stats.ioinformatics.org/results/2025,age_missing;project_na
IOI,2025,Maxim Tsoy,,,Kazakhstan,,Silver,29,true,https://stats.ioinformatics.org/results/2025,age_missing;project_na
IOI,2025,Mina Gayed,,,Egypt,,Silver,30,true,https://stats.ioinformatics.org/results/2025,age_missing;project_na
IOI,2025,Gimran Abdullin,,,,,Silver,31,true,https://stats.ioinformatics.org/results/2025,age_missing;project_na
IOI,2025,Daria Grekova,,,,,Silver,32,true,https://stats.ioinformatics.org/results/2025,age_missing;project_na
IOI,2025,Koudai Sakayama,,,Japan,,Silver,33,true,https://stats.ioinformatics.org/results/2025,age_missing;project_na
IOI,2025,Dino Hadžić,,,Croatia,,Silver,34,true,https://stats.ioinformatics.org/results/2025,age_missing;project_na
IOI,2025,Andrey Stefanov,,,Bulgaria,,Silver,35,true,https://stats.ioinformatics.org/results/2025,age_missing;project_na
IOI,2025,Mani Zare,,,Iran,,Silver,36,true,https://stats.ioinformatics.org/results/2025,age_missing;project_na
IOI,2025,Matthew Shi Xuan Lin,,,Australia,,Silver,37,true,https://stats.ioinformatics.org/results/2025,age_missing;project_na
IOI,2025,Kelven Nathanael,,,Indonesia,,Silver,38,true,https://stats.ioinformatics.org/results/2025,age_missing;project_na
IOI,2025,Yuya Hirasawa,,,Japan,,Silver,39,true,https://stats.ioinformatics.org/results/2025,age_missing;project_na
IOI,2025,Nathan Zhou,,,Australia,,Silver,40,true,https://stats.ioinformatics.org/results/2025,age_missing;project_na
IOI,2025,Petar Banović,,,Serbia,,Silver,41,true,https://stats.ioinformatics.org/results/2025,age_missing;project_na
IOI,2025,Boris Mihov,,,Bulgaria,,Silver,42,true,https://stats.ioinformatics.org/results/2025,age_missing;project_na
IOI,2025,Franciszek Szymula,,,Poland,,Silver,43,true,https://stats.ioinformatics.org/results/2025,age_missing;project_na
IOI,2025,Andrej Ševera,,,Switzerland,,Silver,44,true,https://stats.ioinformatics.org/results/2025,age_missing;project_na
IOI,2025,Hamed Ghaffariaghdas,,,Iran,,Silver,45,true,https://stats.ioinformatics.org/results/2025,age_missing;project_na
IOI,2025,Tzu-Chiao Yen,,,Taiwan,,Silver,46,true,https://stats.ioinformatics.org/results/2025,age_missing;project_na
IOI,2025,Wei Bin Ang,,,Singapore,,Silver,47,true,https://stats.ioinformatics.org/results/2025,age_missing;project_na
IOI,2025,Wei Wei,,,Taiwan,,Silver,48,true,https://stats.ioinformatics.org/results/2025,age_missing;project_na
IOI,2025,Mert Köksal,,,Türkiye,,Silver,49,true,https://stats.ioinformatics.org/results/2025,age_missing;project_na
IOI,2025,Warren Bei,,,Canada,,Silver,50,true,https://stats.ioinformatics.org/results/2025,age_missing;project_na
IOI,2025,Ahmed Osman,,,Egypt,,Silver,51,true,https://stats.ioinformatics.org/results/2025,age_missing;project_na
IOI,2025,Piotr Stasiukevich,,,,,Silver,52,true,https://stats.ioinformatics.org/results/2025,age_missing;project_na
IOI,2025,Jerzy Olkowski,,,Poland,,Silver,53,true,https://stats.ioinformatics.org/results/2025,age_missing;project_na
IOI,2025,Hau Dang Huy,,,Vietnam,,Silver,54,true,https://stats.ioinformatics.org/results/2025,age_missing;project_na
IOI,2025,Damjan Davkov,,,North Macedonia,,Silver,55,true,https://stats.ioinformatics.org/results/2025,age_missing;project_na
IOI,2025,Yamato Matsuba,,,Japan,,Silver,56,true,https://stats.ioinformatics.org/results/2025,age_missing;project_na
IOI,2025,Debojoti Das Soumya,,,Bangladesh,,Silver,57,true,https://stats.ioinformatics.org/results/2025,age_missing;project_na
IOI,2025,Sunnatov Asilbek,,,Uzbekistan,,Silver,58,true,https://stats.ioinformatics.org/results/2025,age_missing;project_na
IOI,2025,Mikhail Brel,,,,,Silver,59,true,https://stats.ioinformatics.org/results/2025,age_missing;project_na
IOI,2025,Chenyu Lin,,,Netherlands,,Silver,60,true,https://stats.ioinformatics.org/results/2025,age_missing;project_na
IOI,2025,Leonid Cuklev,,,North Macedonia,,Silver,61,true,https://stats.ioinformatics.org/results/2025,age_missing;project_na
IOI,2025,Hanks Chong,,,United Kingdom,,Silver,62,true,https://stats.ioinformatics.org/results/2025,age_missing;project_na
IOI,2025,David Lago Alonso,,,Spain,,Silver,63,true,https://stats.ioinformatics.org/results/2025,age_missing;project_na
IOI,2025,Pedro Suyama Leston Rey,,,Brazil,,Silver,64,true,https://stats.ioinformatics.org/results/2025,age_missing;project_na
IOI,2025,Isane Sekiguchi,,,United Kingdom,,Silver,65,true,https://stats.ioinformatics.org/results/2025,age_missing;project_na
IOI,2025,Valerii Kovnatskyi,,,Ukraine,,Silver,66,true,https://stats.ioinformatics.org/results/2025,age_missing;project_na
IOI,2025,Mansur Mamadakhunov,,,Kazakhstan,,Silver,67,true,https://stats.ioinformatics.org/results/2025,age_missing;project_na
IOI,2025,Bing-Dong Liu,,,United States of America,,Silver,68,true,https://stats.ioinformatics.org/results/2025,age_missing;project_na
IOI,2025,Jing Hong Siew,,,Singapore,,Silver,69,true,https://stats.ioinformatics.org/results/2025,age_missing;project_na
IOI,2025,Aykhan Damirli,,,Azerbaijan,,Silver,70,true,https://stats.ioinformatics.org/results/2025,age_missing;project_na
IOI,2025,Alin Popescu,,,Moldova,,Silver,71,true,https://stats.ioinformatics.org/results/2025,age_missing;project_na
IOI,2025,Akezhan Askar,,,Kazakhstan,,Silver,72,true,https://stats.ioinformatics.org/results/2025,age_missing;project_na
IOI,2025,Yi Fung Lu,,,"Hong Kong, China",,Silver,73,true,https://stats.ioinformatics.org/results/2025,age_missing;project_na
IOI,2025,Pedro Assunção,,,Brazil,,Silver,74,true,https://stats.ioinformatics.org/results/2025,age_missing;project_na
IOI,2025,Raphaël Pons,,,France,,Silver,75,true,https://stats.ioinformatics.org/results/2025,age_missing;project_na
IOI,2025,Lovro Tunjić,,,Croatia,,Silver,76,true,https://stats.ioinformatics.org/results/2025,age_missing;project_na
IOI,2025,Samik Goyal,,,India,,Silver,77,true,https://stats.ioinformatics.org/results/2025,age_missing;project_na
IOI,2025,Sean Wanitchollakit,,,Thailand,,Silver,78,true,https://stats.ioinformatics.org/results/2025,age_missing;project_na
IOI,2025,Dung Nguyen Bui Duc,,,Vietnam,,Silver,79,true,https://stats.ioinformatics.org/results/2025,age_missing;project_na
IOI,2025,Luca Baglietto,,,Italy,,Silver,80,true,https://stats.ioinformatics.org/results/2025,age_missing;project_na
IOI,2025,Brian Xue,,,United States of America,,Silver,81,true,https://stats.ioinformatics.org/results/2025,age_missing;project_na
IOI,2025,Lok Yin Siu,,,"Hong Kong, China",,Silver,82,true,https://stats.ioinformatics.org/results/2025,age_missing;project_na
IOI,2025,Nicola Dindo,,,Italy,,Silver,83,true,https://stats.ioinformatics.org/results/2025,age_missing;project_na
IOI,2025,Dauzhan Beketov,,,Kazakhstan,,Bronze,84,true,https://stats.ioinformatics.org/results/2025,age_missing;project_na
IOI,2025,Tymon Mieszkowski,,,New Zealand,,Bronze,85,true,https://stats.ioinformatics.org/results/2025,age_missing;project_na
IOI,2025,Alihan Aidarbekov,,,Kyrgyzstan,,Bronze,86,true,https://stats.ioinformatics.org/results/2025,age_missing;project_na
IOI,2025,Tarek Zaki,,,Canada,,Bronze,87,true,https://stats.ioinformatics.org/results/2025,age_missing;project_na
IOI,2025,Kiryl Kardash,,,,,Bronze,88,true,https://stats.ioinformatics.org/results/2025,age_missing;project_na
IOI,2025,Thang Ninh Quang,,,Vietnam,,Bronze,89,true,https://stats.ioinformatics.org/results/2025,age_missing;project_na
IOI,2025,Hanif Achdan Pietoyo,,,Indonesia,,Bronze,90,true,https://stats.ioinformatics.org/results/2025,age_missing;project_na
IOI,2025,Ron Xue,,,Australia,,Bronze,91,true,https://stats.ioinformatics.org/results/2025,age_missing;project_na
IOI,2025,Artur Smoleński,,,Poland,,Bronze,92,true,https://stats.ioinformatics.org/results/2025,age_missing;project_na
IOI,2025,Ting Wai Lo,,,"Hong Kong, China",,Bronze,93,true,https://stats.ioinformatics.org/results/2025,age_missing;project_na
IOI,2025,Aatu Kajasto,,,Finland,,Bronze,94,true,https://stats.ioinformatics.org/results/2025,age_missing;project_na
IOI,2025,Balázs Szilágyi,,,Hungary,,Bronze,95,true,https://stats.ioinformatics.org/results/2025,age_missing;project_na
IOI,2025,Uroš Kostadinović,,,Serbia,,Bronze,96,true,https://stats.ioinformatics.org/results/2025,age_missing;project_na
IOI,2025,Yahor Savitski,,,,,Bronze,97,true,https://stats.ioinformatics.org/results/2025,age_missing;project_na
IOI,2025,Araya Luanseng,,,Thailand,,Bronze,98,true,https://stats.ioinformatics.org/results/2025,age_missing;project_na
IOI,2025,Stefan Šebez,,,Serbia,,Bronze,99,true,https://stats.ioinformatics.org/results/2025,age_missing;project_na
IOI,2025,Hasan Valiyev,,,Azerbaijan,,Bronze,100,true,https://stats.ioinformatics.org/results/2025,age_missing;project_na
IOI,2025,Irmuun Chinbat,,,Mongolia,,Bronze,101,true,https://stats.ioinformatics.org/results/2025,age_missing;project_na
IOI,2025,Adavya Goyal,,,United Kingdom,,Bronze,102,true,https://stats.ioinformatics.org/results/2025,age_missing;project_na
IOI,2025,Victor Coen,,,New Zealand,,Bronze,103,true,https://stats.ioinformatics.org/results/2025,age_missing;project_na
IOI,2025,Matej Bachniček,,,Slovakia,,Bronze,104,true,https://stats.ioinformatics.org/results/2025,age_missing;project_na
IOI,2025,Jovian Soejono,,,Switzerland,,Bronze,105,true,https://stats.ioinformatics.org/results/2025,age_missing;project_na
IOI,2025,Yuichiro Furuse,,,Malaysia,,Bronze,106,true,https://stats.ioinformatics.org/results/2025,age_missing;project_na
IOI,2025,Muhammad Aneeq,,,Pakistan,,Bronze,107,true,https://stats.ioinformatics.org/results/2025,age_missing;project_na
IOI,2025,Thawin Tengamnuay,,,Thailand,,Bronze,108,true,https://stats.ioinformatics.org/results/2025,age_missing;project_na
IOI,2025,Salih Şahin,,,Türkiye,,Bronze,109,true,https://stats.ioinformatics.org/results/2025,age_missing;project_na
IOI,2025,Martin Khachatryan,,,Armenia,,Bronze,110,true,https://stats.ioinformatics.org/results/2025,age_missing;project_na
IOI,2025,Ulug'bek Rakhmatullaev,,,Uzbekistan,,Bronze,111,true,https://stats.ioinformatics.org/results/2025,age_missing;project_na
IOI,2025,Alex Chen,,,United States of America,,Bronze,112,true,https://stats.ioinformatics.org/results/2025,age_missing;project_na
IOI,2025,Aufan Ahmad Mumtaza,,,Indonesia,,Bronze,113,true,https://stats.ioinformatics.org/results/2025,age_missing;project_na
IOI,2025,Maria Clara Fontes Silva,,,Brazil,,Bronze,114,true,https://stats.ioinformatics.org/results/2025,age_missing;project_na
IOI,2025,Patrik Prítrský,,,Slovakia,,Bronze,115,true,https://stats.ioinformatics.org/results/2025,age_missing;project_na
IOI,2025,Kiarash Rezaei,,,Iran,,Bronze,116,true,https://stats.ioinformatics.org/results/2025,age_missing;project_na
IOI,2025,Pál Czanik,,,Hungary,,Bronze,117,true,https://stats.ioinformatics.org/results/2025,age_missing;project_na
IOI,2025,Illia Shevchenko,,,Ukraine,,Bronze,118,true,https://stats.ioinformatics.org/results/2025,age_missing;project_na
IOI,2025,Justin Goh,,,Australia,,Bronze,119,true,https://stats.ioinformatics.org/results/2025,age_missing;project_na
IOI,2025,Alex Lin,,,Canada,,Bronze,120,true,https://stats.ioinformatics.org/results/2025,age_missing;project_na
IOI,2025,Bianca Vicente,,,Argentina,,Bronze,121,true,https://stats.ioinformatics.org/results/2025,age_missing;project_na
IOI,2025,Papangkorn Apinyanon,,,Thailand,,Bronze,122,true,https://stats.ioinformatics.org/results/2025,age_missing;project_na
IOI,2025,Aleks Grigoryan,,,Armenia,,Bronze,123,true,https://stats.ioinformatics.org/results/2025,age_missing;project_na
IOI,2025,Wali E Zaman,,,Bangladesh,,Bronze,124,true,https://stats.ioinformatics.org/results/2025,age_missing;project_na
IOI,2025,Tsz Chai Berton Choy,,,"Hong Kong, China",,Bronze,125,true,https://stats.ioinformatics.org/results/2025,age_missing;project_na
IOI,2025,Maksym Shvedchenko,,,Germany,,Bronze,126,true,https://stats.ioinformatics.org/results/2025,age_missing;project_na
IOI,2025,Stepan Simak,,,Ukraine,,Bronze,127,true,https://stats.ioinformatics.org/results/2025,age_missing;project_na
IOI,2025,Yan Xun Khor,,,Malaysia,,Bronze,128,true,https://stats.ioinformatics.org/results/2025,age_missing;project_na
IOI,2025,Vladyslav Levchenko,,,Sweden,,Bronze,129,true,https://stats.ioinformatics.org/results/2025,age_missing;project_na
IOI,2025,Noé Zech,,,Belgium,,Bronze,130,true,https://stats.ioinformatics.org/results/2025,age_missing;project_na
IOI,2025,Fran Škarica,,,Croatia,,Bronze,131,true,https://stats.ioinformatics.org/results/2025,age_missing;project_na
IOI,2025,Jerome Austin Te,,,Philippines,,Bronze,132,true,https://stats.ioinformatics.org/results/2025,age_missing;project_na
IOI,2025,Quentin Cottignies,,,France,,Bronze,133,true,https://stats.ioinformatics.org/results/2025,age_missing;project_na
IOI,2025,Saúl Ernesto Noguera Estrada,,,Mexico,,Bronze,134,true,https://stats.ioinformatics.org/results/2025,age_missing;project_na
IOI,2025,Pok Hong Lam,,,"Macao, China",,Bronze,135,true,https://stats.ioinformatics.org/results/2025,age_missing;project_na
IOI,2025,Chang Jun Lim,,,Malaysia,,Bronze,136,true,https://stats.ioinformatics.org/results/2025,age_missing;project_na
IOI,2025,Ghulam Junaid,,,Pakistan,,Bronze,137,true,https://stats.ioinformatics.org/results/2025,age_missing;project_na
IOI,2025,David Hromádka,,,Czech Republic,,Bronze,138,true,https://stats.ioinformatics.org/results/2025,age_missing;project_na
IOI,2025,Arash Jafarian,,,Austria,,Bronze,139,true,https://stats.ioinformatics.org/results/2025,age_missing;project_na
IOI,2025,Archit Manas,,,India,,Bronze,140,true,https://stats.ioinformatics.org/results/2025,age_missing;project_na
IOI,2025,Mariza Paspalli,,,Cyprus,,Bronze,141,true,https://stats.ioinformatics.org/results/2025,age_missing;project_na
IOI,2025,Muhammad Saram,,,Pakistan,,Bronze,142,true,https://stats.ioinformatics.org/results/2025,age_missing;project_na
IOI,2025,Abdullahan Abdirasulov,,,Kyrgyzstan,,Bronze,143,true,https://stats.ioinformatics.org/results/2025,age_missing;project_na
IOI,2025,Theofanis Orfanou,,,Cyprus,,Bronze,144,true,https://stats.ioinformatics.org/results/2025,age_missing;project_na
IOI,2025,Daria Perekopska,,,Ukraine,,Bronze,145,true,https://stats.ioinformatics.org/results/2025,age_missing;project_na
IOI,2025,Naveen Kulkarni,,,India,,Bronze,146,true,https://stats.ioinformatics.org/results/2025,age_missing;project_na
IOI,2025,Santiago Guaneme Quintero,,,Colombia,,Bronze,147,true,https://stats.ioinformatics.org/results/2025,age_missing;project_na
IOI,2025,Sokratis Iliadis,,,Greece,,Bronze,148,true,https://stats.ioinformatics.org/results/2025,age_missing;project_na
IOI,2025,Noyan Cantürk,,,Türkiye,,Bronze,149,true,https://stats.ioinformatics.org/results/2025,age_missing;project_na
IOI,2025,Ahmed Imran Malik,,,Pakistan,,Bronze,150,true,https://stats.ioinformatics.org/results/2025,age_missing;project_na
IOI,2025,Nathan Allan,,,Indonesia,,Bronze,151,true,https://stats.ioinformatics.org/results/2025,age_missing;project_na
IOI,2025,Saba Peradze,,,Georgia,,Bronze,152,true,https://stats.ioinformatics.org/results/2025,age_missing;project_na
IOI,2025,Ricardo Batanero Moranchel,,,Spain,,Bronze,153,true,https://stats.ioinformatics.org/results/2025,age_missing;project_na
IOI,2025,Faustas Surplys,,,Lithuania,,Bronze,154,true,https://stats.ioinformatics.org/results/2025,age_missing;project_na
IOI,2025,Erik Ježek,,,Czech Republic,,Bronze,155,true,https://stats.ioinformatics.org/results/2025,age_missing;project_na
IOI,2025,Marco Antonio Escandón García,,,Cuba,,Bronze,156,true,https://stats.ioinformatics.org/results/2025,age_missing;project_na
IOI,2025,Santiago de la Torre Zamudio,,,Mexico,,Bronze,157,true,https://stats.ioinformatics.org/results/2025,age_missing;project_na
IOI,2025,Spyridon Alivizatos,,,Greece,,Bronze,158,true,https://stats.ioinformatics.org/results/2025,age_missing;project_na
IOI,2025,Elvin Imanli,,,Azerbaijan,,Bronze,159,true,https://stats.ioinformatics.org/results/2025,age_missing;project_na
IOI,2025,Tsovak Yegoryan,,,Armenia,,Bronze,160,true,https://stats.ioinformatics.org/results/2025,age_missing;project_na
IOI,2025,Yuhua Su,,,Switzerland,,Bronze,161,true,https://stats.ioinformatics.org/results/2025,age_missing;project_na
IOI,2025,Tigran Matsakyan,,,Armenia,,Bronze,162,true,https://stats.ioinformatics.org/results/2025,age_missing;project_na
IOI,2025,Youkyum Kim,,,South Africa,,Bronze,163,true,https://stats.ioinformatics.org/results/2025,age_missing;project_na
IOI,2025,Kristjan Lepp,,,Estonia,,Bronze,164,true,https://stats.ioinformatics.org/results/2025,age_missing;project_na
IOI,2025,Mohammed Alasmari,,,Saudi Arabia,,Bronze,165,true,https://stats.ioinformatics.org/results/2025,age_missing;project_na
IMO,2022,Galiia Sharafetdinova,,,,,Gold,1,true,https://www.imo-official.org/results/individual/year/2022/,age_missing;project_na
IMO,2022,Cheng Jiang,,,People's Republic of China,,Gold,1,true,https://www.imo-official.org/results/individual/year/2022/,age_missing;project_na
IMO,2022,Yubo Liao,,,People's Republic of China,,Gold,1,true,https://www.imo-official.org/results/individual/year/2022/,age_missing;project_na
IMO,2022,Jiayu Liu,,,People's Republic of China,,Gold,1,true,https://www.imo-official.org/results/individual/year/2022/,age_missing;project_na
IMO,2022,Xiaoyu Qu,,,People's Republic of China,,Gold,1,true,https://www.imo-official.org/results/individual/year/2022/,age_missing;project_na
IMO,2022,Yiran Zhang,,,People's Republic of China,,Gold,1,true,https://www.imo-official.org/results/individual/year/2022/,age_missing;project_na
IMO,2022,Zhicheng Zhang,,,People's Republic of China,,Gold,1,true,https://www.imo-official.org/results/individual/year/2022/,age_missing;project_na
IMO,2022,Yuya Oki,,,Japan,,Gold,1,true,https://www.imo-official.org/results/individual/year/2022/,age_missing;project_na
IMO,2022,Ihor Pylaiev,,,Ukraine,,Gold,1,true,https://www.imo-official.org/results/individual/year/2022/,age_missing;project_na
IMO,2022,Quy Dang Ngo,,,Vietnam,,Gold,1,true,https://www.imo-official.org/results/individual/year/2022/,age_missing;project_na
IMO,2022,Matteo Damiano,,,Italy,,Gold,11,true,https://www.imo-official.org/results/individual/year/2022/,age_missing;project_na
IMO,2022,Woojin Choi,,,Republic of Korea,,Gold,12,true,https://www.imo-official.org/results/individual/year/2022/,age_missing;project_na
IMO,2022,Derek Liu,,,United States of America,,Gold,12,true,https://www.imo-official.org/results/individual/year/2022/,age_missing;project_na
IMO,2022,Ivan Bakharev,,,,,Gold,14,true,https://www.imo-official.org/results/individual/year/2022/,age_missing;project_na
IMO,2022,Maksim Turevskii,,,,,Gold,14,true,https://www.imo-official.org/results/individual/year/2022/,age_missing;project_na
IMO,2022,Samuel Meyer,,,Germany,,Gold,14,true,https://www.imo-official.org/results/individual/year/2022/,age_missing;project_na
IMO,2022,Viet Hung Pham,,,Vietnam,,Gold,14,true,https://www.imo-official.org/results/individual/year/2022/,age_missing;project_na
IMO,2022,Gyudong Lee,,,Republic of Korea,,Gold,18,true,https://www.imo-official.org/results/individual/year/2022/,age_missing;project_na
IMO,2022,Massimiliano Foschi,,,Italy,,Gold,19,true,https://www.imo-official.org/results/individual/year/2022/,age_missing;project_na
IMO,2022,Casper Madlener,,,Netherlands,,Gold,19,true,https://www.imo-official.org/results/individual/year/2022/,age_missing;project_na
IMO,2022,Vasawat Rawangwong,,,Thailand,,Gold,19,true,https://www.imo-official.org/results/individual/year/2022/,age_missing;project_na
IMO,2022,Luke Robitaille,,,United States of America,,Gold,19,true,https://www.imo-official.org/results/individual/year/2022/,age_missing;project_na
IMO,2022,Warren Bei,,,Canada,,Gold,23,true,https://www.imo-official.org/results/individual/year/2022/,age_missing;project_na
IMO,2022,Zixiang Zhou,,,Canada,,Gold,23,true,https://www.imo-official.org/results/individual/year/2022/,age_missing;project_na
IMO,2022,Omri Zemer,,,Israel,,Gold,23,true,https://www.imo-official.org/results/individual/year/2022/,age_missing;project_na
IMO,2022,Junhwi Bae,,,Republic of Korea,,Gold,23,true,https://www.imo-official.org/results/individual/year/2022/,age_missing;project_na
IMO,2022,Robert Dragomirescu,,,Romania,,Gold,23,true,https://www.imo-official.org/results/individual/year/2022/,age_missing;project_na
IMO,2022,Po-Han Wu,,,Taiwan,,Gold,23,true,https://www.imo-official.org/results/individual/year/2022/,age_missing;project_na
IMO,2022,Mohit Hulse,,,United Kingdom,,Gold,23,true,https://www.imo-official.org/results/individual/year/2022/,age_missing;project_na
IMO,2022,Kevin Cong,,,United States of America,,Gold,23,true,https://www.imo-official.org/results/individual/year/2022/,age_missing;project_na
IMO,2022,Eric Shen,,,United States of America,,Gold,23,true,https://www.imo-official.org/results/individual/year/2022/,age_missing;project_na
IMO,2022,Borislav Kirilov,,,Bulgaria,,Gold,32,true,https://www.imo-official.org/results/individual/year/2022/,age_missing;project_na
IMO,2022,Olavo Paschoal Longo,,,Brazil,,Gold,32,true,https://www.imo-official.org/results/individual/year/2022/,age_missing;project_na
IMO,2022,Wong Jer Ren,,,Malaysia,,Gold,32,true,https://www.imo-official.org/results/individual/year/2022/,age_missing;project_na
IMO,2022,David-Andrei Anghel,,,Romania,,Gold,32,true,https://www.imo-official.org/results/individual/year/2022/,age_missing;project_na
IMO,2022,Gongphop Piyakamalanon,,,Thailand,,Gold,32,true,https://www.imo-official.org/results/individual/year/2022/,age_missing;project_na
IMO,2022,Sarunyu Thongjarast,,,Thailand,,Gold,32,true,https://www.imo-official.org/results/individual/year/2022/,age_missing;project_na
IMO,2022,Tony Yuzheng Wu,,,Australia,,Gold,38,true,https://www.imo-official.org/results/individual/year/2022/,age_missing;project_na
IMO,2022,Marcelo Machado Lage,,,Brazil,,Gold,38,true,https://www.imo-official.org/results/individual/year/2022/,age_missing;project_na
IMO,2022,Cheuk Hei Chu,,,Hong Kong,,Gold,38,true,https://www.imo-official.org/results/individual/year/2022/,age_missing;project_na
IMO,2022,Pranjal Srivastava,,,India,,Gold,38,true,https://www.imo-official.org/results/individual/year/2022/,age_missing;project_na
IMO,2022,Sina Azizeddin,,,Islamic Republic of Iran,,Gold,38,true,https://www.imo-official.org/results/individual/year/2022/,age_missing;project_na
IMO,2022,Pouria Mahmoudkhanshirazi,,,Islamic Republic of Iran,,Gold,38,true,https://www.imo-official.org/results/individual/year/2022/,age_missing;project_na
IMO,2022,Mehran Talaei Khajehroshanaei,,,Islamic Republic of Iran,,Gold,38,true,https://www.imo-official.org/results/individual/year/2022/,age_missing;project_na
IMO,2022,Taisiia Korotchenko,,,,,Silver,45,true,https://www.imo-official.org/results/individual/year/2022/,age_missing;project_na
IMO,2022,Roman Kuznetsov,,,,,Silver,45,true,https://www.imo-official.org/results/individual/year/2022/,age_missing;project_na
IMO,2022,Julián Cabrera,,,Argentina,,Silver,45,true,https://www.imo-official.org/results/individual/year/2022/,age_missing;project_na
IMO,2022,Marin Hristov,,,Bulgaria,,Silver,45,true,https://www.imo-official.org/results/individual/year/2022/,age_missing;project_na
IMO,2022,Artsiom Mialik,,,Belarus,,Silver,45,true,https://www.imo-official.org/results/individual/year/2022/,age_missing;project_na
IMO,2022,Dmitrii Galatenko,,,Germany,,Silver,45,true,https://www.imo-official.org/results/individual/year/2022/,age_missing;project_na
IMO,2022,Juri Kaganskiy,,,Germany,,Silver,45,true,https://www.imo-official.org/results/individual/year/2022/,age_missing;project_na
IMO,2022,Ori Frankel,,,Israel,,Silver,45,true,https://www.imo-official.org/results/individual/year/2022/,age_missing;project_na
IMO,2022,Nogah Friedman,,,Israel,,Silver,45,true,https://www.imo-official.org/results/individual/year/2022/,age_missing;project_na
IMO,2022,Daniel Alejandro Ochoa Quintero,,,Mexico,,Silver,45,true,https://www.imo-official.org/results/individual/year/2022/,age_missing;project_na
IMO,2022,Diego Coronado,,,Peru,,Silver,45,true,https://www.imo-official.org/results/individual/year/2022/,age_missing;project_na
IMO,2022,Mateusz Gabzdyl,,,Poland,,Silver,45,true,https://www.imo-official.org/results/individual/year/2022/,age_missing;project_na
IMO,2022,Korneliusz Obarski,,,Poland,,Silver,45,true,https://www.imo-official.org/results/individual/year/2022/,age_missing;project_na
IMO,2022,Mehmet Can Baştemir,,,Türkiye,,Silver,45,true,https://www.imo-official.org/results/individual/year/2022/,age_missing;project_na
IMO,2022,Chih-Kai Liao,,,Taiwan,,Silver,45,true,https://www.imo-official.org/results/individual/year/2022/,age_missing;project_na
IMO,2022,Andrew Gu,,,United States of America,,Silver,45,true,https://www.imo-official.org/results/individual/year/2022/,age_missing;project_na
IMO,2022,Ching Yan Timothy Yau,,,Hong Kong,,Silver,61,true,https://www.imo-official.org/results/individual/year/2022/,age_missing;project_na
IMO,2022,Rafael Kristoforus Yanto,,,Indonesia,,Silver,61,true,https://www.imo-official.org/results/individual/year/2022/,age_missing;project_na
IMO,2022,Fetullakh Sam,,,Kazakhstan,,Silver,61,true,https://www.imo-official.org/results/individual/year/2022/,age_missing;project_na
IMO,2022,Yuchan Jung,,,Republic of Korea,,Silver,61,true,https://www.imo-official.org/results/individual/year/2022/,age_missing;project_na
IMO,2022,Loh Kwong Weng,,,Malaysia,,Silver,61,true,https://www.imo-official.org/results/individual/year/2022/,age_missing;project_na
IMO,2022,Hadi Alaithan,,,Saudi Arabia,,Silver,61,true,https://www.imo-official.org/results/individual/year/2022/,age_missing;project_na
IMO,2022,Benjamin Gillott,,,United Kingdom,,Silver,61,true,https://www.imo-official.org/results/individual/year/2022/,age_missing;project_na
IMO,2022,Denis Mustafin,,,,,Silver,68,true,https://www.imo-official.org/results/individual/year/2022/,age_missing;project_na
IMO,2022,Chong Ho Hsieh,,,Hong Kong,,Silver,68,true,https://www.imo-official.org/results/individual/year/2022/,age_missing;project_na
IMO,2022,Bernard Inkret,,,Croatia,,Silver,68,true,https://www.imo-official.org/results/individual/year/2022/,age_missing;project_na
IMO,2022,Ryunosuke Kitamura,,,Japan,,Silver,68,true,https://www.imo-official.org/results/individual/year/2022/,age_missing;project_na
IMO,2022,Youngbeom Jin,,,Republic of Korea,,Silver,68,true,https://www.imo-official.org/results/individual/year/2022/,age_missing;project_na
IMO,2022,Donghyun Kim,,,Republic of Korea,,Silver,68,true,https://www.imo-official.org/results/individual/year/2022/,age_missing;project_na
IMO,2022,Omar Farid Astudillo Marbán,,,Mexico,,Silver,68,true,https://www.imo-official.org/results/individual/year/2022/,age_missing;project_na
IMO,2022,Carla Fermin,,,Peru,,Silver,68,true,https://www.imo-official.org/results/individual/year/2022/,age_missing;project_na
IMO,2022,Yohan Min,,,Peru,,Silver,68,true,https://www.imo-official.org/results/individual/year/2022/,age_missing;project_na
IMO,2022,Kosma Kasprzak,,,Poland,,Silver,68,true,https://www.imo-official.org/results/individual/year/2022/,age_missing;project_na
IMO,2022,Andrei-Giovani Chiriţă,,,Romania,,Silver,68,true,https://www.imo-official.org/results/individual/year/2022/,age_missing;project_na
IMO,2022,Andrei Moldovan,,,Romania,,Silver,68,true,https://www.imo-official.org/results/individual/year/2022/,age_missing;project_na
IMO,2022,Vlad-Titus Spătaru,,,Romania,,Silver,68,true,https://www.imo-official.org/results/individual/year/2022/,age_missing;project_na
IMO,2022,Wenhao Cheng,,,Singapore,,Silver,68,true,https://www.imo-official.org/results/individual/year/2022/,age_missing;project_na
IMO,2022,Gvozden Lapčević,,,Serbia,,Silver,68,true,https://www.imo-official.org/results/individual/year/2022/,age_missing;project_na
IMO,2022,Alex Chui,,,United Kingdom,,Silver,68,true,https://www.imo-official.org/results/individual/year/2022/,age_missing;project_na
IMO,2022,Ruben Hambardzumyan,,,Armenia,,Silver,84,true,https://www.imo-official.org/results/individual/year/2022/,age_missing;project_na
IMO,2022,Martin Kopchev,,,Bulgaria,,Silver,84,true,https://www.imo-official.org/results/individual/year/2022/,age_missing;project_na
IMO,2022,Matsvei Zorka,,,Belarus,,Silver,84,true,https://www.imo-official.org/results/individual/year/2022/,age_missing;project_na
IMO,2022,Kevin Min,,,Canada,,Silver,84,true,https://www.imo-official.org/results/individual/year/2022/,age_missing;project_na
IMO,2022,Kaixin Wang,,,Canada,,Silver,84,true,https://www.imo-official.org/results/individual/year/2022/,age_missing;project_na
IMO,2022,Christian Noaghiu,,,Germany,,Silver,84,true,https://www.imo-official.org/results/individual/year/2022/,age_missing;project_na
IMO,2022,Prodromos Fotiadis,,,Greece,,Silver,84,true,https://www.imo-official.org/results/individual/year/2022/,age_missing;project_na
IMO,2022,Tamás Kovács,,,Hungary,,Silver,84,true,https://www.imo-official.org/results/individual/year/2022/,age_missing;project_na
IMO,2022,Danial Parnian,,,Islamic Republic of Iran,,Silver,84,true,https://www.imo-official.org/results/individual/year/2022/,age_missing;project_na
IMO,2022,Seyed Mobin Razavi,,,Islamic Republic of Iran,,Silver,84,true,https://www.imo-official.org/results/individual/year/2022/,age_missing;project_na
IMO,2022,Itamar Nir,,,Israel,,Silver,84,true,https://www.imo-official.org/results/individual/year/2022/,age_missing;project_na
IMO,2022,Yair Shoham,,,Israel,,Silver,84,true,https://www.imo-official.org/results/individual/year/2022/,age_missing;project_na
IMO,2022,Luca Sartori,,,Italy,,Silver,84,true,https://www.imo-official.org/results/individual/year/2022/,age_missing;project_na
IMO,2022,Shuto Arai,,,Japan,,Silver,84,true,https://www.imo-official.org/results/individual/year/2022/,age_missing;project_na
IMO,2022,Tasuku Imoto,,,Japan,,Silver,84,true,https://www.imo-official.org/results/individual/year/2022/,age_missing;project_na
IMO,2022,Takumi Sannomiya,,,Japan,,Silver,84,true,https://www.imo-official.org/results/individual/year/2022/,age_missing;project_na
IMO,2022,Tair Satubaldin,,,Kazakhstan,,Silver,84,true,https://www.imo-official.org/results/individual/year/2022/,age_missing;project_na
IMO,2022,Bilguudei Shinezul,,,Mongolia,,Silver,84,true,https://www.imo-official.org/results/individual/year/2022/,age_missing;project_na
IMO,2022,Marek Zbysiński,,,Poland,,Silver,84,true,https://www.imo-official.org/results/individual/year/2022/,age_missing;project_na
IMO,2022,Radu-Andrei Lecoiu,,,Romania,,Silver,84,true,https://www.imo-official.org/results/individual/year/2022/,age_missing;project_na
IMO,2022,Marwan Alkhayat,,,Saudi Arabia,,Silver,84,true,https://www.imo-official.org/results/individual/year/2022/,age_missing;project_na
IMO,2022,Fernando Daniel Domínguez Castaneda,,,El Salvador,,Silver,84,true,https://www.imo-official.org/results/individual/year/2022/,age_missing;project_na
IMO,2022,Mateja Vukelić,,,Serbia,,Silver,84,true,https://www.imo-official.org/results/individual/year/2022/,age_missing;project_na
IMO,2022,Worrawat Rungaramsin,,,Thailand,,Silver,84,true,https://www.imo-official.org/results/individual/year/2022/,age_missing;project_na
IMO,2022,Barış Koyuncu,,,Türkiye,,Silver,84,true,https://www.imo-official.org/results/individual/year/2022/,age_missing;project_na
IMO,2022,Yi-Hsiang Chiao,,,Taiwan,,Silver,84,true,https://www.imo-official.org/results/individual/year/2022/,age_missing;project_na
IMO,2022,Isaac King,,,United Kingdom,,Silver,84,true,https://www.imo-official.org/results/individual/year/2022/,age_missing;project_na
IMO,2022,Hoang Son Pham,,,Vietnam,,Silver,84,true,https://www.imo-official.org/results/individual/year/2022/,age_missing;project_na
IMO,2022,Vahagn Hovhannisyan,,,Armenia,,Silver,112,true,https://www.imo-official.org/results/individual/year/2022/,age_missing;project_na
IMO,2022,Toghrul Abbasov,,,Azerbaijan,,Silver,112,true,https://www.imo-official.org/results/individual/year/2022/,age_missing;project_na
IMO,2022,Ivan Tagarev,,,Bulgaria,,Silver,112,true,https://www.imo-official.org/results/individual/year/2022/,age_missing;project_na
IMO,2022,Benjamin Mujkić,,,Bosnia and Herzegovina,,Silver,112,true,https://www.imo-official.org/results/individual/year/2022/,age_missing;project_na
IMO,2022,Boris Stanković,,,Bosnia and Herzegovina,,Silver,112,true,https://www.imo-official.org/results/individual/year/2022/,age_missing;project_na
IMO,2022,Jovan Vuković,,,Bosnia and Herzegovina,,Silver,112,true,https://www.imo-official.org/results/individual/year/2022/,age_missing;project_na
IMO,2022,Rodrigo Salgado Domingos Porto,,,Brazil,,Silver,112,true,https://www.imo-official.org/results/individual/year/2022/,age_missing;project_na
IMO,2022,Matouš Šafránek,,,Czech Republic,,Silver,112,true,https://www.imo-official.org/results/individual/year/2022/,age_missing;project_na
IMO,2022,Kristjan-Erik Kahu,,,Estonia,,Silver,112,true,https://www.imo-official.org/results/individual/year/2022/,age_missing;project_na
IMO,2022,Anatole Bouton,,,France,,Silver,112,true,https://www.imo-official.org/results/individual/year/2022/,age_missing;project_na
IMO,2022,Mano Étilé-Zéphoris,,,France,,Silver,112,true,https://www.imo-official.org/results/individual/year/2022/,age_missing;project_na
IMO,2022,Alec Le Helloco,,,France,,Silver,112,true,https://www.imo-official.org/results/individual/year/2022/,age_missing;project_na
IMO,2022,Boldizsár Mann,,,Germany,,Silver,112,true,https://www.imo-official.org/results/individual/year/2022/,age_missing;project_na
IMO,2022,Panagiotis Liampas,,,Greece,,Silver,112,true,https://www.imo-official.org/results/individual/year/2022/,age_missing;project_na
IMO,2022,Chun Hei Yiu,,,Hong Kong,,Silver,112,true,https://www.imo-official.org/results/individual/year/2022/,age_missing;project_na
IMO,2022,Amir Mohammad Bandari Masoole,,,Islamic Republic of Iran,,Silver,112,true,https://www.imo-official.org/results/individual/year/2022/,age_missing;project_na
IMO,2022,Massimo Gasparini,,,Italy,,Silver,112,true,https://www.imo-official.org/results/individual/year/2022/,age_missing;project_na
IMO,2022,Miron Yurkevich,,,Kazakhstan,,Silver,112,true,https://www.imo-official.org/results/individual/year/2022/,age_missing;project_na
IMO,2022,Paulius Aleknavičius,,,Lithuania,,Silver,112,true,https://www.imo-official.org/results/individual/year/2022/,age_missing;project_na
IMO,2022,Dan Cernatinschi,,,Republic of Moldova,,Silver,112,true,https://www.imo-official.org/results/individual/year/2022/,age_missing;project_na
IMO,2022,Damjan Davkov,,,North Macedonia,,Silver,112,true,https://www.imo-official.org/results/individual/year/2022/,age_missing;project_na
IMO,2022,Nikola Spirovski,,,North Macedonia,,Silver,112,true,https://www.imo-official.org/results/individual/year/2022/,age_missing;project_na
IMO,2022,Bilegdemberel Bat-Amgalan,,,Mongolia,,Silver,112,true,https://www.imo-official.org/results/individual/year/2022/,age_missing;project_na
IMO,2022,He (James) Xu,,,New Zealand,,Silver,112,true,https://www.imo-official.org/results/individual/year/2022/,age_missing;project_na
IMO,2022,Tiago Duarte Mourão,,,Portugal,,Silver,112,true,https://www.imo-official.org/results/individual/year/2022/,age_missing;project_na
IMO,2022,Hao Xiang Gabriel Goh,,,Singapore,,Silver,112,true,https://www.imo-official.org/results/individual/year/2022/,age_missing;project_na
IMO,2022,Drew Michael Terren Ramirez,,,Singapore,,Silver,112,true,https://www.imo-official.org/results/individual/year/2022/,age_missing;project_na
IMO,2022,Xinyue Wu,,,Singapore,,Silver,112,true,https://www.imo-official.org/results/individual/year/2022/,age_missing;project_na
IMO,2022,Eliška Macáková,,,Slovakia,,Silver,112,true,https://www.imo-official.org/results/individual/year/2022/,age_missing;project_na
IMO,2022,Sirawit Pipittanaban,,,Thailand,,Silver,112,true,https://www.imo-official.org/results/individual/year/2022/,age_missing;project_na
IMO,2022,Hakan Gökdoğan,,,Türkiye,,Silver,112,true,https://www.imo-official.org/results/individual/year/2022/,age_missing;project_na
IMO,2022,Şevket Onur Yılmaz,,,Türkiye,,Silver,112,true,https://www.imo-official.org/results/individual/year/2022/,age_missing;project_na
IMO,2022,Sviatoslav Denyskov,,,Ukraine,,Silver,112,true,https://www.imo-official.org/results/individual/year/2022/,age_missing;project_na
IMO,2022,Dai Duong Nguyen,,,Vietnam,,Silver,112,true,https://www.imo-official.org/results/individual/year/2022/,age_missing;project_na
IMO,2022,Nicolás Ricci,,,Argentina,,Bronze,146,true,https://www.imo-official.org/results/individual/year/2022/,age_missing;project_na
IMO,2022,William Cheah,,,Australia,,Bronze,146,true,https://www.imo-official.org/results/individual/year/2022/,age_missing;project_na
IMO,2022,Zian Shang,,,Australia,,Bronze,146,true,https://www.imo-official.org/results/individual/year/2022/,age_missing;project_na
IMO,2022,Fidan Garayeva,,,Azerbaijan,,Bronze,146,true,https://www.imo-official.org/results/individual/year/2022/,age_missing;project_na
IMO,2022,Jalil Huseynov,,,Azerbaijan,,Bronze,146,true,https://www.imo-official.org/results/individual/year/2022/,age_missing;project_na
IMO,2022,Amin Jafarzade,,,Azerbaijan,,Bronze,146,true,https://www.imo-official.org/results/individual/year/2022/,age_missing;project_na
IMO,2022,Bozhidar Dimitrov,,,Bulgaria,,Bronze,146,true,https://www.imo-official.org/results/individual/year/2022/,age_missing;project_na
IMO,2022,James Yang,,,Canada,,Bronze,146,true,https://www.imo-official.org/results/individual/year/2022/,age_missing;project_na
IMO,2022,Mikkel Sigurd Ebbesen Haagh,,,Denmark,,Bronze,146,true,https://www.imo-official.org/results/individual/year/2022/,age_missing;project_na
IMO,2022,Timo Lörke,,,Germany,,Bronze,146,true,https://www.imo-official.org/results/individual/year/2022/,age_missing;project_na
IMO,2022,Orestis Lignos,,,Greece,,Bronze,146,true,https://www.imo-official.org/results/individual/year/2022/,age_missing;project_na
IMO,2022,Emmanouil Petrakis,,,Greece,,Bronze,146,true,https://www.imo-official.org/results/individual/year/2022/,age_missing;project_na
IMO,2022,Georgios Tzachristas,,,Greece,,Bronze,146,true,https://www.imo-official.org/results/individual/year/2022/,age_missing;project_na
IMO,2022,Wai Lok Lai,,,Hong Kong,,Bronze,146,true,https://www.imo-official.org/results/individual/year/2022/,age_missing;project_na
IMO,2022,Márton Seres-Szabó,,,Hungary,,Bronze,146,true,https://www.imo-official.org/results/individual/year/2022/,age_missing;project_na
IMO,2022,Sandy Kristian Waluyo,,,Indonesia,,Bronze,146,true,https://www.imo-official.org/results/individual/year/2022/,age_missing;project_na
IMO,2022,Arjun Gupta,,,India,,Bronze,146,true,https://www.imo-official.org/results/individual/year/2022/,age_missing;project_na
IMO,2022,Adhitya Mangudy Venkata Ganesh,,,India,,Bronze,146,true,https://www.imo-official.org/results/individual/year/2022/,age_missing;project_na
IMO,2022,Pietro Gualdi,,,Italy,,Bronze,146,true,https://www.imo-official.org/results/individual/year/2022/,age_missing;project_na
IMO,2022,Yuji Kitayama,,,Japan,,Bronze,146,true,https://www.imo-official.org/results/individual/year/2022/,age_missing;project_na
IMO,2022,Adilet Abu,,,Kazakhstan,,Bronze,146,true,https://www.imo-official.org/results/individual/year/2022/,age_missing;project_na
IMO,2022,Adilet Zauytkhan,,,Kazakhstan,,Bronze,146,true,https://www.imo-official.org/results/individual/year/2022/,age_missing;project_na
IMO,2022,Chon Hou Ye,,,Macau,,Bronze,146,true,https://www.imo-official.org/results/individual/year/2022/,age_missing;project_na
IMO,2022,Chaang Tze Shen Tristan,,,Malaysia,,Bronze,146,true,https://www.imo-official.org/results/individual/year/2022/,age_missing;project_na
IMO,2022,Marius Sclearuc,,,Republic of Moldova,,Bronze,146,true,https://www.imo-official.org/results/individual/year/2022/,age_missing;project_na
IMO,2022,Rogelio Guerrero Reyes,,,Mexico,,Bronze,146,true,https://www.imo-official.org/results/individual/year/2022/,age_missing;project_na
IMO,2022,Munkhtselmeg Battsengel,,,Mongolia,,Bronze,146,true,https://www.imo-official.org/results/individual/year/2022/,age_missing;project_na
IMO,2022,Enerelt Delgerdalai,,,Mongolia,,Bronze,146,true,https://www.imo-official.org/results/individual/year/2022/,age_missing;project_na
IMO,2022,Saikhanbileg Tsogtgerel,,,Mongolia,,Bronze,146,true,https://www.imo-official.org/results/individual/year/2022/,age_missing;project_na
IMO,2022,Antoni Buraczewski,,,Poland,,Bronze,146,true,https://www.imo-official.org/results/individual/year/2022/,age_missing;project_na
IMO,2022,Mateusz Rajs,,,Poland,,Bronze,146,true,https://www.imo-official.org/results/individual/year/2022/,age_missing;project_na
IMO,2022,Tiago Oliveira Marques,,,Portugal,,Bronze,146,true,https://www.imo-official.org/results/individual/year/2022/,age_missing;project_na
IMO,2022,Mohammed Aldubaisi,,,Saudi Arabia,,Bronze,146,true,https://www.imo-official.org/results/individual/year/2022/,age_missing;project_na
IMO,2022,Ali Alramadan,,,Saudi Arabia,,Bronze,146,true,https://www.imo-official.org/results/individual/year/2022/,age_missing;project_na
IMO,2022,Shevonne Chia,,,Singapore,,Bronze,146,true,https://www.imo-official.org/results/individual/year/2022/,age_missing;project_na
IMO,2022,Mathys Douma,,,Switzerland,,Bronze,146,true,https://www.imo-official.org/results/individual/year/2022/,age_missing;project_na
IMO,2022,Yanta Wang,,,Switzerland,,Bronze,146,true,https://www.imo-official.org/results/individual/year/2022/,age_missing;project_na
IMO,2022,Raufjon Dadabaev,,,Tajikistan,,Bronze,146,true,https://www.imo-official.org/results/individual/year/2022/,age_missing;project_na
IMO,2022,Anton Havryliuk,,,Ukraine,,Bronze,146,true,https://www.imo-official.org/results/individual/year/2022/,age_missing;project_na
IMO,2022,Tien Nguyen Hoang,,,Vietnam,,Bronze,146,true,https://www.imo-official.org/results/individual/year/2022/,age_missing;project_na
IMO,2022,Ngoc Binh Vu,,,Vietnam,,Bronze,146,true,https://www.imo-official.org/results/individual/year/2022/,age_missing;project_na
IMO,2022,Vahram Asatryan,,,Armenia,,Bronze,187,true,https://www.imo-official.org/results/individual/year/2022/,age_missing;project_na
IMO,2022,Hayk Karapetyan,,,Armenia,,Bronze,187,true,https://www.imo-official.org/results/individual/year/2022/,age_missing;project_na
IMO,2022,Sizhe Pan,,,Australia,,Bronze,187,true,https://www.imo-official.org/results/individual/year/2022/,age_missing;project_na
IMO,2022,Christopher Tran,,,Australia,,Bronze,187,true,https://www.imo-official.org/results/individual/year/2022/,age_missing;project_na
IMO,2022,Mikita Shutro,,,Belarus,,Bronze,187,true,https://www.imo-official.org/results/individual/year/2022/,age_missing;project_na
IMO,2022,Eduardo Henrique Rodrigues do Nascimento,,,Brazil,,Bronze,187,true,https://www.imo-official.org/results/individual/year/2022/,age_missing;project_na
IMO,2022,Lorenzo Sarria,,,Colombia,,Bronze,187,true,https://www.imo-official.org/results/individual/year/2022/,age_missing;project_na
IMO,2022,Ralf Joosep Kask,,,Estonia,,Bronze,187,true,https://www.imo-official.org/results/individual/year/2022/,age_missing;project_na
IMO,2022,Juho Arala,,,Finland,,Bronze,187,true,https://www.imo-official.org/results/individual/year/2022/,age_missing;project_na
IMO,2022,Oscar Fischler,,,France,,Bronze,187,true,https://www.imo-official.org/results/individual/year/2022/,age_missing;project_na
IMO,2022,David Memarnishvili,,,Georgia,,Bronze,187,true,https://www.imo-official.org/results/individual/year/2022/,age_missing;project_na
IMO,2022,Namik Agić,,,Croatia,,Bronze,187,true,https://www.imo-official.org/results/individual/year/2022/,age_missing;project_na
IMO,2022,Janko Bušelić,,,Croatia,,Bronze,187,true,https://www.imo-official.org/results/individual/year/2022/,age_missing;project_na
IMO,2022,Patrick Pavić,,,Croatia,,Bronze,187,true,https://www.imo-official.org/results/individual/year/2022/,age_missing;project_na
IMO,2022,Benedek Nádor,,,Hungary,,Bronze,187,true,https://www.imo-official.org/results/individual/year/2022/,age_missing;project_na
IMO,2022,Vedant Saini,,,India,,Bronze,187,true,https://www.imo-official.org/results/individual/year/2022/,age_missing;project_na
IMO,2022,Yuriy Ten,,,Kazakhstan,,Bronze,187,true,https://www.imo-official.org/results/individual/year/2022/,age_missing;project_na
IMO,2022,Blazhe Suklevski,,,North Macedonia,,Bronze,187,true,https://www.imo-official.org/results/individual/year/2022/,age_missing;project_na
IMO,2022,Andreas Notøy,,,Norway,,Bronze,187,true,https://www.imo-official.org/results/individual/year/2022/,age_missing;project_na
IMO,2022,Joaquin Guerra,,,Peru,,Bronze,187,true,https://www.imo-official.org/results/individual/year/2022/,age_missing;project_na
IMO,2022,Flor Luna,,,Peru,,Bronze,187,true,https://www.imo-official.org/results/individual/year/2022/,age_missing;project_na
IMO,2022,Leonardo Caiano Tavares,,,Portugal,,Bronze,187,true,https://www.imo-official.org/results/individual/year/2022/,age_missing;project_na
IMO,2022,Milan Gelić,,,Serbia,,Bronze,187,true,https://www.imo-official.org/results/individual/year/2022/,age_missing;project_na
IMO,2022,Tayakorn Suwanich,,,Thailand,,Bronze,187,true,https://www.imo-official.org/results/individual/year/2022/,age_missing;project_na
IMO,2022,Chi-An Chang,,,Taiwan,,Bronze,187,true,https://www.imo-official.org/results/individual/year/2022/,age_missing;project_na
IMO,2022,Po-Shen Chang,,,Taiwan,,Bronze,187,true,https://www.imo-official.org/results/individual/year/2022/,age_missing;project_na
IMO,2022,Lazizbek Rajabboev,,,Uzbekistan,,Bronze,187,true,https://www.imo-official.org/results/individual/year/2022/,age_missing;project_na
IMO,2022,Bruno Ziger,,,Argentina,,Bronze,214,true,https://www.imo-official.org/results/individual/year/2022/,age_missing;project_na
IMO,2022,Areg Mkrtchyan,,,Armenia,,Bronze,214,true,https://www.imo-official.org/results/individual/year/2022/,age_missing;project_na
IMO,2022,Elcin Musazade,,,Azerbaijan,,Bronze,214,true,https://www.imo-official.org/results/individual/year/2022/,age_missing;project_na
IMO,2022,Marko Dimitrić,,,Bosnia and Herzegovina,,Bronze,214,true,https://www.imo-official.org/results/individual/year/2022/,age_missing;project_na
IMO,2022,Haris Imamović,,,Bosnia and Herzegovina,,Bronze,214,true,https://www.imo-official.org/results/individual/year/2022/,age_missing;project_na
IMO,2022,Gabriel Torkomian,,,Brazil,,Bronze,214,true,https://www.imo-official.org/results/individual/year/2022/,age_missing;project_na
IMO,2022,Michal Janík,,,Czech Republic,,Bronze,214,true,https://www.imo-official.org/results/individual/year/2022/,age_missing;project_na
IMO,2022,Samuel Rosiar,,,Czech Republic,,Bronze,214,true,https://www.imo-official.org/results/individual/year/2022/,age_missing;project_na
IMO,2022,Tornike Beria,,,Georgia,,Bronze,214,true,https://www.imo-official.org/results/individual/year/2022/,age_missing;project_na
IMO,2022,Davit Kldiashvili,,,Georgia,,Bronze,214,true,https://www.imo-official.org/results/individual/year/2022/,age_missing;project_na
IMO,2022,Maulana Satya Adigama,,,Indonesia,,Bronze,214,true,https://www.imo-official.org/results/individual/year/2022/,age_missing;project_na
IMO,2022,Guy Ostfeld,,,Israel,,Bronze,214,true,https://www.imo-official.org/results/individual/year/2022/,age_missing;project_na
IMO,2022,Cheng In Cheung,,,Macau,,Bronze,214,true,https://www.imo-official.org/results/individual/year/2022/,age_missing;project_na
IMO,2022,Ana Illanes Martínez de la Vega,,,Mexico,,Bronze,214,true,https://www.imo-official.org/results/individual/year/2022/,age_missing;project_na
IMO,2022,Mahdi Albaik,,,Saudi Arabia,,Bronze,214,true,https://www.imo-official.org/results/individual/year/2022/,age_missing;project_na
IMO,2022,Sida Li,,,United Kingdom,,Bronze,214,true,https://www.imo-official.org/results/individual/year/2022/,age_missing;project_na
IMO,2022,Felipe Klir,,,Argentina,,Bronze,230,true,https://www.imo-official.org/results/individual/year/2022/,age_missing;project_na
IMO,2022,Raman Markavets,,,Belarus,,Bronze,230,true,https://www.imo-official.org/results/individual/year/2022/,age_missing;project_na
IMO,2022,Jordi Ferré García,,,Spain,,Bronze,230,true,https://www.imo-official.org/results/individual/year/2022/,age_missing;project_na
IMO,2022,Álvaro Gamboa Rodríguez,,,Spain,,Bronze,230,true,https://www.imo-official.org/results/individual/year/2022/,age_missing;project_na
IMO,2022,Roger Lidón Ardanuy,,,Spain,,Bronze,230,true,https://www.imo-official.org/results/individual/year/2022/,age_missing;project_na
IMO,2022,Matthieu Vogel,,,France,,Bronze,230,true,https://www.imo-official.org/results/individual/year/2022/,age_missing;project_na
IMO,2022,Vilmos Molnár-Szabó,,,Hungary,,Bronze,230,true,https://www.imo-official.org/results/individual/year/2022/,age_missing;project_na
IMO,2022,András József Terjék,,,Hungary,,Bronze,230,true,https://www.imo-official.org/results/individual/year/2022/,age_missing;project_na
IMO,2022,Diego Alfonso Villarreal Grimaldo,,,Mexico,,Bronze,230,true,https://www.imo-official.org/results/individual/year/2022/,age_missing;project_na
IMO,2022,Jelle Bloemendaal,,,Netherlands,,Bronze,230,true,https://www.imo-official.org/results/individual/year/2022/,age_missing;project_na
IMO,2022,Eduardo Henrique Gomes de Sousa Neto Guerreiro,,,Portugal,,Bronze,230,true,https://www.imo-official.org/results/individual/year/2022/,age_missing;project_na
IMO,2022,Bora Olmez,,,Switzerland,,Bronze,230,true,https://www.imo-official.org/results/individual/year/2022/,age_missing;project_na
IMO,2022,Wei-Hua Yan,,,Taiwan,,Bronze,230,true,https://www.imo-official.org/results/individual/year/2022/,age_missing;project_na
IMO,2022,Semen Andriiets,,,Ukraine,,Bronze,230,true,https://www.imo-official.org/results/individual/year/2022/,age_missing;project_na
IMO,2022,Ivan Bortnovskyi,,,Ukraine,,Bronze,230,true,https://www.imo-official.org/results/individual/year/2022/,age_missing;project_na
IMO,2022,Vadym Hassieiev,,,Ukraine,,Bronze,230,true,https://www.imo-official.org/results/individual/year/2022/,age_missing;project_na
IMO,2022,Ram Goel,,,United States of America,,Bronze,230,true,https://www.imo-official.org/results/individual/year/2022/,age_missing;project_na
IMO,2022,Arayi Khalatyan,,,Armenia,,Bronze,247,true,https://www.imo-official.org/results/individual/year/2022/,age_missing;project_na
IMO,2022,Tristan Löb,,,Austria,,Bronze,247,true,https://www.imo-official.org/results/individual/year/2022/,age_missing;project_na
IMO,2022,Zhichang Chen,,,Belgium,,Bronze,247,true,https://www.imo-official.org/results/individual/year/2022/,age_missing;project_na
IMO,2022,Carlos Felipe Shum Apuy,,,Costa Rica,,Bronze,247,true,https://www.imo-official.org/results/individual/year/2022/,age_missing;project_na
IMO,2022,Benjamin Boholt Hilton,,,Denmark,,Bronze,247,true,https://www.imo-official.org/results/individual/year/2022/,age_missing;project_na
IMO,2022,Bronislav Shatil,,,Estonia,,Bronze,247,true,https://www.imo-official.org/results/individual/year/2022/,age_missing;project_na
IMO,2022,Evelyn Lianto,,,Indonesia,,Bronze,247,true,https://www.imo-official.org/results/individual/year/2022/,age_missing;project_na
IMO,2022,Vanya Priscillia Bendatu,,,Indonesia,,Bronze,247,true,https://www.imo-official.org/results/individual/year/2022/,age_missing;project_na
IMO,2022,Kaustav Mishra,,,India,,Bronze,247,true,https://www.imo-official.org/results/individual/year/2022/,age_missing;project_na
IMO,2022,Atul Shatavart Nadig,,,India,,Bronze,247,true,https://www.imo-official.org/results/individual/year/2022/,age_missing;project_na
IMO,2022,Jurgis Kemeklis,,,Lithuania,,Bronze,247,true,https://www.imo-official.org/results/individual/year/2022/,age_missing;project_na
IMO,2022,Dragoș Port,,,Republic of Moldova,,Bronze,247,true,https://www.imo-official.org/results/individual/year/2022/,age_missing;project_na
IMO,2022,Leonardo Mikel Cervantes Mateos,,,Mexico,,Bronze,247,true,https://www.imo-official.org/results/individual/year/2022/,age_missing;project_na
IMO,2022,Jan Stojanovski,,,North Macedonia,,Bronze,247,true,https://www.imo-official.org/results/individual/year/2022/,age_missing;project_na
IMO,2022,Eduardo Aragon,,,Peru,,Bronze,247,true,https://www.imo-official.org/results/individual/year/2022/,age_missing;project_na
IMO,2022,Mohammad Nur Casib,,,Philippines,,Bronze,247,true,https://www.imo-official.org/results/individual/year/2022/,age_missing;project_na
IMO,2022,Muath Alghamdi,,,Saudi Arabia,,Bronze,247,true,https://www.imo-official.org/results/individual/year/2022/,age_missing;project_na
IMO,2022,Andrija Živadinović,,,Serbia,,Bronze,247,true,https://www.imo-official.org/results/individual/year/2022/,age_missing;project_na
IMO,2022,Ricardo Olivo,,,Switzerland,,Bronze,247,true,https://www.imo-official.org/results/individual/year/2022/,age_missing;project_na
IMO,2022,Jakub Šošovička,,,Slovakia,,Bronze,247,true,https://www.imo-official.org/results/individual/year/2022/,age_missing;project_na
IMO,2022,Matej Vasky,,,Slovakia,,Bronze,247,true,https://www.imo-official.org/results/individual/year/2022/,age_missing;project_na
IMO,2022,George Zhou,,,United Kingdom,,Bronze,247,true,https://www.imo-official.org/results/individual/year/2022/,age_missing;project_na
IMO,2022,Mohamed Wacyl Meddour,,,Algeria,,Bronze,269,true,https://www.imo-official.org/results/individual/year/2022/,age_missing;project_na
IMO,2022,Paul Hametner,,,Austria,,Bronze,269,true,https://www.imo-official.org/results/individual/year/2022/,age_missing;project_na
IMO,2022,Tahjib Hossain Khan,,,Bangladesh,,Bronze,269,true,https://www.imo-official.org/results/individual/year/2022/,age_missing;project_na
IMO,2022,Tsitou Pavel,,,Belarus,,Bronze,269,true,https://www.imo-official.org/results/individual/year/2022/,age_missing;project_na
IMO,2022,Darío Martínez Ramírez,,,Spain,,Bronze,269,true,https://www.imo-official.org/results/individual/year/2022/,age_missing;project_na
IMO,2022,Matej Vojvodić,,,Croatia,,Bronze,269,true,https://www.imo-official.org/results/individual/year/2022/,age_missing;project_na
IMO,2022,Márton Németh,,,Hungary,,Bronze,269,true,https://www.imo-official.org/results/individual/year/2022/,age_missing;project_na
IMO,2022,Daniele De Pietri,,,Italy,,Bronze,269,true,https://www.imo-official.org/results/individual/year/2022/,age_missing;project_na
IMO,2022,Wang Iok Lin,,,Macau,,Bronze,269,true,https://www.imo-official.org/results/individual/year/2022/,age_missing;project_na
IMO,2022,Kees den Tex,,,Netherlands,,Bronze,269,true,https://www.imo-official.org/results/individual/year/2022/,age_missing;project_na
IMO,2022,Raphael Dylan Dalida,,,Philippines,,Bronze,269,true,https://www.imo-official.org/results/individual/year/2022/,age_missing;project_na
IMO,2022,Viktor Balan,,,Slovakia,,Bronze,269,true,https://www.imo-official.org/results/individual/year/2022/,age_missing;project_na
IMO,2022,Viktor Imrišek,,,Slovakia,,Bronze,269,true,https://www.imo-official.org/results/individual/year/2022/,age_missing;project_na
IMO,2022,Matija Skrt,,,Slovenia,,Bronze,269,true,https://www.imo-official.org/results/individual/year/2022/,age_missing;project_na
IMO,2022,John Hedin,,,Sweden,,Bronze,269,true,https://www.imo-official.org/results/individual/year/2022/,age_missing;project_na
IMO,2022,Mouhammad Ali Hourieh,,,Syria,,Bronze,269,true,https://www.imo-official.org/results/individual/year/2022/,age_missing;project_na
IMO,2022,Emre Osman,,,Türkiye,,Bronze,269,true,https://www.imo-official.org/results/individual/year/2022/,age_missing;project_na
IMO,2023,Haojia Shi,,,People's Republic of China,,Gold,1,true,https://www.imo-official.org/results/individual/year/2023/,age_missing;project_na
IMO,2023,Chunji Wang,,,People's Republic of China,,Gold,1,true,https://www.imo-official.org/results/individual/year/2023/,age_missing;project_na
IMO,2023,Junhwi Bae,,,Republic of Korea,,Gold,1,true,https://www.imo-official.org/results/individual/year/2023/,age_missing;project_na
IMO,2023,David-Andrei Anghel,,,Romania,,Gold,1,true,https://www.imo-official.org/results/individual/year/2023/,age_missing;project_na
IMO,2023,Derek Liu,,,United States of America,,Gold,1,true,https://www.imo-official.org/results/individual/year/2023/,age_missing;project_na
IMO,2023,Xingjian Liang,,,People's Republic of China,,Gold,6,true,https://www.imo-official.org/results/individual/year/2023/,age_missing;project_na
IMO,2023,Xinliang Zhang,,,People's Republic of China,,Gold,6,true,https://www.imo-official.org/results/individual/year/2023/,age_missing;project_na
IMO,2023,Alexander Wang,,,United States of America,,Gold,6,true,https://www.imo-official.org/results/individual/year/2023/,age_missing;project_na
IMO,2023,Warren Bei,,,Canada,,Gold,9,true,https://www.imo-official.org/results/individual/year/2023/,age_missing;project_na
IMO,2023,Woojin Choi,,,Republic of Korea,,Gold,9,true,https://www.imo-official.org/results/individual/year/2023/,age_missing;project_na
IMO,2023,Qiao Sun,,,People's Republic of China,,Gold,11,true,https://www.imo-official.org/results/individual/year/2023/,age_missing;project_na
IMO,2023,Aleksandr Gnusov,,,,,Gold,12,true,https://www.imo-official.org/results/individual/year/2023/,age_missing;project_na
IMO,2023,Alisa Volkova,,,,,Gold,12,true,https://www.imo-official.org/results/individual/year/2023/,age_missing;project_na
IMO,2023,Arjun Gupta,,,India,,Gold,12,true,https://www.imo-official.org/results/individual/year/2023/,age_missing;project_na
IMO,2023,Atul Shatavart Nadig,,,India,,Gold,12,true,https://www.imo-official.org/results/individual/year/2023/,age_missing;project_na
IMO,2023,Ryunosuke Kitamura,,,Japan,,Gold,12,true,https://www.imo-official.org/results/individual/year/2023/,age_missing;project_na
IMO,2023,Gyudong Lee,,,Republic of Korea,,Gold,12,true,https://www.imo-official.org/results/individual/year/2023/,age_missing;project_na
IMO,2023,Rogelio Guerrero Reyes,,,Mexico,,Gold,12,true,https://www.imo-official.org/results/individual/year/2023/,age_missing;project_na
IMO,2023,Hao Xiang Gabriel Goh,,,Singapore,,Gold,12,true,https://www.imo-official.org/results/individual/year/2023/,age_missing;project_na
IMO,2023,Huaye Jeff Lin,,,United States of America,,Gold,12,true,https://www.imo-official.org/results/individual/year/2023/,age_missing;project_na
IMO,2023,Eric Shen,,,United States of America,,Gold,12,true,https://www.imo-official.org/results/individual/year/2023/,age_missing;project_na
IMO,2023,Viet Hung Pham,,,Vietnam,,Gold,12,true,https://www.imo-official.org/results/individual/year/2023/,age_missing;project_na
IMO,2023,Ratibor Koptilin,,,,,Gold,23,true,https://www.imo-official.org/results/individual/year/2023/,age_missing;project_na
IMO,2023,Roman Kuznetsov,,,,,Gold,23,true,https://www.imo-official.org/results/individual/year/2023/,age_missing;project_na
IMO,2023,Marin Hristov,,,Bulgaria,,Gold,23,true,https://www.imo-official.org/results/individual/year/2023/,age_missing;project_na
IMO,2023,Luca Sartori,,,Italy,,Gold,23,true,https://www.imo-official.org/results/individual/year/2023/,age_missing;project_na
IMO,2023,Andrei Moldovan,,,Romania,,Gold,23,true,https://www.imo-official.org/results/individual/year/2023/,age_missing;project_na
IMO,2023,Eldar Khisamutdinov,,,,,Gold,28,true,https://www.imo-official.org/results/individual/year/2023/,age_missing;project_na
IMO,2023,Zian Shang,,,Australia,,Gold,28,true,https://www.imo-official.org/results/individual/year/2023/,age_missing;project_na
IMO,2023,Zhicheng Jiang,,,People's Republic of China,,Gold,28,true,https://www.imo-official.org/results/individual/year/2023/,age_missing;project_na
IMO,2023,Georgios Tzachristas,,,Greece,,Gold,28,true,https://www.imo-official.org/results/individual/year/2023/,age_missing;project_na
IMO,2023,Cheuk Hei Chu,,,Hong Kong,,Gold,28,true,https://www.imo-official.org/results/individual/year/2023/,age_missing;project_na
IMO,2023,Ehsan Heidari,,,Islamic Republic of Iran,,Gold,28,true,https://www.imo-official.org/results/individual/year/2023/,age_missing;project_na
IMO,2023,Itamar Nir,,,Israel,,Gold,28,true,https://www.imo-official.org/results/individual/year/2023/,age_missing;project_na
IMO,2023,Tanoshi Furuya,,,Japan,,Gold,28,true,https://www.imo-official.org/results/individual/year/2023/,age_missing;project_na
IMO,2023,Youngbeom Jin,,,Republic of Korea,,Gold,28,true,https://www.imo-official.org/results/individual/year/2023/,age_missing;project_na
IMO,2023,Jer Ren Wong,,,Malaysia,,Gold,28,true,https://www.imo-official.org/results/individual/year/2023/,age_missing;project_na
IMO,2023,Enerelt Delgerdalai,,,Mongolia,,Gold,28,true,https://www.imo-official.org/results/individual/year/2023/,age_missing;project_na
IMO,2023,Mathys Douma,,,Switzerland,,Gold,28,true,https://www.imo-official.org/results/individual/year/2023/,age_missing;project_na
IMO,2023,Tayakorn Suwanich,,,Thailand,,Gold,28,true,https://www.imo-official.org/results/individual/year/2023/,age_missing;project_na
IMO,2023,En-Hua Chiang,,,Taiwan,,Gold,28,true,https://www.imo-official.org/results/individual/year/2023/,age_missing;project_na
IMO,2023,Alex Chui,,,United Kingdom,,Gold,28,true,https://www.imo-official.org/results/individual/year/2023/,age_missing;project_na
IMO,2023,Alex Zhao,,,United States of America,,Gold,28,true,https://www.imo-official.org/results/individual/year/2023/,age_missing;project_na
IMO,2023,An Thinh Nguyen,,,Vietnam,,Gold,28,true,https://www.imo-official.org/results/individual/year/2023/,age_missing;project_na
IMO,2023,Pavel Ciurea,,,Romania,,Gold,45,true,https://www.imo-official.org/results/individual/year/2023/,age_missing;project_na
IMO,2023,Matheus Alencar de Moraes,,,Brazil,,Gold,46,true,https://www.imo-official.org/results/individual/year/2023/,age_missing;project_na
IMO,2023,Davit Kldiashvili,,,Georgia,,Gold,46,true,https://www.imo-official.org/results/individual/year/2023/,age_missing;project_na
IMO,2023,Andrei-Giovani Chiriță,,,Romania,,Gold,46,true,https://www.imo-official.org/results/individual/year/2023/,age_missing;project_na
IMO,2023,Robert Dragomirescu,,,Romania,,Gold,46,true,https://www.imo-official.org/results/individual/year/2023/,age_missing;project_na
IMO,2023,László Bence Simon,,,Hungary,,Gold,50,true,https://www.imo-official.org/results/individual/year/2023/,age_missing;project_na
IMO,2023,Damjan Davkov,,,North Macedonia,,Gold,50,true,https://www.imo-official.org/results/individual/year/2023/,age_missing;project_na
IMO,2023,Keyn-Hantz Edden Chew,,,Singapore,,Gold,50,true,https://www.imo-official.org/results/individual/year/2023/,age_missing;project_na
IMO,2023,Mehmet Can Baştemir,,,Türkiye,,Gold,50,true,https://www.imo-official.org/results/individual/year/2023/,age_missing;project_na
IMO,2023,Isaac King,,,United Kingdom,,Gold,50,true,https://www.imo-official.org/results/individual/year/2023/,age_missing;project_na
IMO,2023,Martin Bierbaumer,,,Austria,,Silver,55,true,https://www.imo-official.org/results/individual/year/2023/,age_missing;project_na
IMO,2023,Marvin Mao,,,Canada,,Silver,55,true,https://www.imo-official.org/results/individual/year/2023/,age_missing;project_na
IMO,2023,Ming Yang,,,Canada,,Silver,55,true,https://www.imo-official.org/results/individual/year/2023/,age_missing;project_na
IMO,2023,Ruben Mason Carpenter,,,Spain,,Silver,55,true,https://www.imo-official.org/results/individual/year/2023/,age_missing;project_na
IMO,2023,Juri Kaganskiy,,,Germany,,Silver,55,true,https://www.imo-official.org/results/individual/year/2023/,age_missing;project_na
IMO,2023,Panagiotis Liampas,,,Greece,,Silver,55,true,https://www.imo-official.org/results/individual/year/2023/,age_missing;project_na
IMO,2023,Satoshi Kano,,,Japan,,Silver,55,true,https://www.imo-official.org/results/individual/year/2023/,age_missing;project_na
IMO,2023,Miron Yurkevich,,,Kazakhstan,,Silver,55,true,https://www.imo-official.org/results/individual/year/2023/,age_missing;project_na
IMO,2023,Jihoo Lee,,,Republic of Korea,,Silver,55,true,https://www.imo-official.org/results/individual/year/2023/,age_missing;project_na
IMO,2023,Omar Farid Astudillo Marbán,,,Mexico,,Silver,55,true,https://www.imo-official.org/results/individual/year/2023/,age_missing;project_na
IMO,2023,Juan Mathius Tasayco,,,Peru,,Silver,55,true,https://www.imo-official.org/results/individual/year/2023/,age_missing;project_na
IMO,2023,Wenhao Cheng,,,Singapore,,Silver,55,true,https://www.imo-official.org/results/individual/year/2023/,age_missing;project_na
IMO,2023,Worrawat Rungaramsin,,,Thailand,,Silver,55,true,https://www.imo-official.org/results/individual/year/2023/,age_missing;project_na
IMO,2023,Chi-An Chang,,,Taiwan,,Silver,55,true,https://www.imo-official.org/results/individual/year/2023/,age_missing;project_na
IMO,2023,Polina Henyk,,,Ukraine,,Silver,55,true,https://www.imo-official.org/results/individual/year/2023/,age_missing;project_na
IMO,2023,Tuan Dung Hoang,,,Vietnam,,Silver,55,true,https://www.imo-official.org/results/individual/year/2023/,age_missing;project_na
IMO,2023,William Cheah,,,Australia,,Silver,71,true,https://www.imo-official.org/results/individual/year/2023/,age_missing;project_na
IMO,2023,Anatole Bouton,,,France,,Silver,71,true,https://www.imo-official.org/results/individual/year/2023/,age_missing;project_na
IMO,2023,Sobhan Aram,,,Islamic Republic of Iran,,Silver,71,true,https://www.imo-official.org/results/individual/year/2023/,age_missing;project_na
IMO,2023,Mohammadermia Ghaseri,,,Islamic Republic of Iran,,Silver,71,true,https://www.imo-official.org/results/individual/year/2023/,age_missing;project_na
IMO,2023,Yuchan Jung,,,Republic of Korea,,Silver,71,true,https://www.imo-official.org/results/individual/year/2023/,age_missing;project_na
IMO,2023,Angelo Farfan,,,Peru,,Silver,71,true,https://www.imo-official.org/results/individual/year/2023/,age_missing;project_na
IMO,2023,Radu-Andrei Lecoiu,,,Romania,,Silver,71,true,https://www.imo-official.org/results/individual/year/2023/,age_missing;project_na
IMO,2023,Barış Koyuncu,,,Türkiye,,Silver,71,true,https://www.imo-official.org/results/individual/year/2023/,age_missing;project_na
IMO,2023,Şevket Onur Yılmaz,,,Türkiye,,Silver,71,true,https://www.imo-official.org/results/individual/year/2023/,age_missing;project_na
IMO,2023,Chi-En Chung,,,Taiwan,,Silver,71,true,https://www.imo-official.org/results/individual/year/2023/,age_missing;project_na
IMO,2023,Maximus Lu,,,United States of America,,Silver,71,true,https://www.imo-official.org/results/individual/year/2023/,age_missing;project_na
IMO,2023,Matvey Vylegzhanin,,,Belarus,,Silver,82,true,https://www.imo-official.org/results/individual/year/2023/,age_missing;project_na
IMO,2023,Matsvei Zorka,,,Belarus,,Silver,82,true,https://www.imo-official.org/results/individual/year/2023/,age_missing;project_na
IMO,2023,Rodrigo Salgado Domingos Porto,,,Brazil,,Silver,82,true,https://www.imo-official.org/results/individual/year/2023/,age_missing;project_na
IMO,2023,Dhruv Basu,,,Canada,,Silver,82,true,https://www.imo-official.org/results/individual/year/2023/,age_missing;project_na
IMO,2023,Boldizsár Mann,,,Germany,,Silver,82,true,https://www.imo-official.org/results/individual/year/2023/,age_missing;project_na
IMO,2023,Paul Jakob Schmidt,,,Germany,,Silver,82,true,https://www.imo-official.org/results/individual/year/2023/,age_missing;project_na
IMO,2023,Bernát Tarján,,,Hungary,,Silver,82,true,https://www.imo-official.org/results/individual/year/2023/,age_missing;project_na
IMO,2023,Rafael Kristoforus Yanto,,,Indonesia,,Silver,82,true,https://www.imo-official.org/results/individual/year/2023/,age_missing;project_na
IMO,2023,Ananda Bhaduri,,,India,,Silver,82,true,https://www.imo-official.org/results/individual/year/2023/,age_missing;project_na
IMO,2023,Siddharth Choppara,,,India,,Silver,82,true,https://www.imo-official.org/results/individual/year/2023/,age_missing;project_na
IMO,2023,Avner Spira,,,Israel,,Silver,82,true,https://www.imo-official.org/results/individual/year/2023/,age_missing;project_na
IMO,2023,Assaf Yacouel,,,Israel,,Silver,82,true,https://www.imo-official.org/results/individual/year/2023/,age_missing;project_na
IMO,2023,Raphael Dylan Dalida,,,Philippines,,Silver,82,true,https://www.imo-official.org/results/individual/year/2023/,age_missing;project_na
IMO,2023,Jerome Austin Te,,,Philippines,,Silver,82,true,https://www.imo-official.org/results/individual/year/2023/,age_missing;project_na
IMO,2023,Hadi Alaithan,,,Saudi Arabia,,Silver,82,true,https://www.imo-official.org/results/individual/year/2023/,age_missing;project_na
IMO,2023,Drew Michael Terren Ramirez,,,Singapore,,Silver,82,true,https://www.imo-official.org/results/individual/year/2023/,age_missing;project_na
IMO,2023,Jakub Šošovička,,,Slovakia,,Silver,82,true,https://www.imo-official.org/results/individual/year/2023/,age_missing;project_na
IMO,2023,Patanasang Pinijpichitkul,,,Thailand,,Silver,82,true,https://www.imo-official.org/results/individual/year/2023/,age_missing;project_na
IMO,2023,Melek Güngör,,,Türkiye,,Silver,82,true,https://www.imo-official.org/results/individual/year/2023/,age_missing;project_na
IMO,2023,Yu-An Cho,,,Taiwan,,Silver,82,true,https://www.imo-official.org/results/individual/year/2023/,age_missing;project_na
IMO,2023,Thomas Kavanagh,,,United Kingdom,,Silver,82,true,https://www.imo-official.org/results/individual/year/2023/,age_missing;project_na
IMO,2023,Dinh Kien Nguyen,,,Vietnam,,Silver,82,true,https://www.imo-official.org/results/individual/year/2023/,age_missing;project_na
IMO,2023,Pavel Prozorov,,,,,Silver,104,true,https://www.imo-official.org/results/individual/year/2023/,age_missing;project_na
IMO,2023,Andrej Krčmar,,,Bosnia and Herzegovina,,Silver,104,true,https://www.imo-official.org/results/individual/year/2023/,age_missing;project_na
IMO,2023,Leonardo Henrique Fakhreddine Maldonado,,,Brazil,,Silver,104,true,https://www.imo-official.org/results/individual/year/2023/,age_missing;project_na
IMO,2023,Kaixin Wang,,,Canada,,Silver,104,true,https://www.imo-official.org/results/individual/year/2023/,age_missing;project_na
IMO,2023,Daniil Akimov,,,Finland,,Silver,104,true,https://www.imo-official.org/results/individual/year/2023/,age_missing;project_na
IMO,2023,Chun Hei Yiu,,,Hong Kong,,Silver,104,true,https://www.imo-official.org/results/individual/year/2023/,age_missing;project_na
IMO,2023,Pietro Gualdi,,,Italy,,Silver,104,true,https://www.imo-official.org/results/individual/year/2023/,age_missing;project_na
IMO,2023,Yasuo Hayashi,,,Japan,,Silver,104,true,https://www.imo-official.org/results/individual/year/2023/,age_missing;project_na
IMO,2023,Raiymbek Baishuak,,,Kazakhstan,,Silver,104,true,https://www.imo-official.org/results/individual/year/2023/,age_missing;project_na
IMO,2023,Paulius Aleknavičius,,,Lithuania,,Silver,104,true,https://www.imo-official.org/results/individual/year/2023/,age_missing;project_na
IMO,2023,Filbert Ephraim Wu,,,Philippines,,Silver,104,true,https://www.imo-official.org/results/individual/year/2023/,age_missing;project_na
IMO,2023,Mateusz Gabzdyl,,,Poland,,Silver,104,true,https://www.imo-official.org/results/individual/year/2023/,age_missing;project_na
IMO,2023,Youkyum Kim,,,South Africa,,Silver,104,true,https://www.imo-official.org/results/individual/year/2023/,age_missing;project_na
IMO,2023,Serdar Bozdağ,,,Türkiye,,Silver,104,true,https://www.imo-official.org/results/individual/year/2023/,age_missing;project_na
IMO,2023,William Thomson,,,United Kingdom,,Silver,104,true,https://www.imo-official.org/results/individual/year/2023/,age_missing;project_na
IMO,2023,Kamo Mirakyan,,,Armenia,,Silver,119,true,https://www.imo-official.org/results/individual/year/2023/,age_missing;project_na
IMO,2023,Christopher Tran,,,Australia,,Silver,119,true,https://www.imo-official.org/results/individual/year/2023/,age_missing;project_na
IMO,2023,Mikhail Raikhman,,,Belarus,,Silver,119,true,https://www.imo-official.org/results/individual/year/2023/,age_missing;project_na
IMO,2023,Mikita Shutro,,,Belarus,,Silver,119,true,https://www.imo-official.org/results/individual/year/2023/,age_missing;project_na
IMO,2023,Mohammadparsa Jafarnejady,,,Islamic Republic of Iran,,Silver,119,true,https://www.imo-official.org/results/individual/year/2023/,age_missing;project_na
IMO,2023,Ofer Bogoslavsky,,,Israel,,Silver,119,true,https://www.imo-official.org/results/individual/year/2023/,age_missing;project_na
IMO,2023,Mateja Vukelić,,,Serbia,,Silver,119,true,https://www.imo-official.org/results/individual/year/2023/,age_missing;project_na
IMO,2023,Nitiwit Sirimalaisuwan,,,Thailand,,Silver,119,true,https://www.imo-official.org/results/individual/year/2023/,age_missing;project_na
IMO,2023,Hakan Gökdoğan,,,Türkiye,,Silver,119,true,https://www.imo-official.org/results/individual/year/2023/,age_missing;project_na
IMO,2023,Felipe Klir,,,Argentina,,Silver,128,true,https://www.imo-official.org/results/individual/year/2023/,age_missing;project_na
IMO,2023,Fidan Garayeva,,,Azerbaijan,,Silver,128,true,https://www.imo-official.org/results/individual/year/2023/,age_missing;project_na
IMO,2023,Ivan Tagarev,,,Bulgaria,,Silver,128,true,https://www.imo-official.org/results/individual/year/2023/,age_missing;project_na
IMO,2023,Ara Mahdessian,,,Cyprus,,Silver,128,true,https://www.imo-official.org/results/individual/year/2023/,age_missing;project_na
IMO,2023,Arvin Taheri,,,Islamic Republic of Iran,,Silver,128,true,https://www.imo-official.org/results/individual/year/2023/,age_missing;project_na
IMO,2023,Simone Foti,,,Italy,,Silver,128,true,https://www.imo-official.org/results/individual/year/2023/,age_missing;project_na
IMO,2023,Naoto Wakasugi,,,Japan,,Silver,128,true,https://www.imo-official.org/results/individual/year/2023/,age_missing;project_na
IMO,2023,Victor Manuel Bernal Ramírez,,,Mexico,,Silver,128,true,https://www.imo-official.org/results/individual/year/2023/,age_missing;project_na
IMO,2023,John Hedin,,,Sweden,,Silver,128,true,https://www.imo-official.org/results/individual/year/2023/,age_missing;project_na
IMO,2023,Areg Mkrtchyan,,,Armenia,,Silver,137,true,https://www.imo-official.org/results/individual/year/2023/,age_missing;project_na
IMO,2023,Márton Németh,,,Hungary,,Silver,137,true,https://www.imo-official.org/results/individual/year/2023/,age_missing;project_na
IMO,2023,Chon Hou Ye,,,Macau,,Silver,137,true,https://www.imo-official.org/results/individual/year/2023/,age_missing;project_na
IMO,2023,Eric Ransom Treviño,,,Mexico,,Silver,137,true,https://www.imo-official.org/results/individual/year/2023/,age_missing;project_na
IMO,2023,Aleksij Tasikj,,,North Macedonia,,Silver,137,true,https://www.imo-official.org/results/individual/year/2023/,age_missing;project_na
IMO,2023,Bas Capel,,,Netherlands,,Silver,137,true,https://www.imo-official.org/results/individual/year/2023/,age_missing;project_na
IMO,2023,Yan Xi Peh,,,Singapore,,Silver,137,true,https://www.imo-official.org/results/individual/year/2023/,age_missing;project_na
IMO,2023,Meng-Che Hsu,,,Taiwan,,Silver,137,true,https://www.imo-official.org/results/individual/year/2023/,age_missing;project_na
IMO,2023,Chams Eddine Abd El Ali Derreche,,,Algeria,,Bronze,145,true,https://www.imo-official.org/results/individual/year/2023/,age_missing;project_na
IMO,2023,Aghasi Darbinyan,,,Armenia,,Bronze,145,true,https://www.imo-official.org/results/individual/year/2023/,age_missing;project_na
IMO,2023,Cloris Xu,,,Australia,,Bronze,145,true,https://www.imo-official.org/results/individual/year/2023/,age_missing;project_na
IMO,2023,Nujhat Ahmed Disha,,,Bangladesh,,Bronze,145,true,https://www.imo-official.org/results/individual/year/2023/,age_missing;project_na
IMO,2023,S M A Nahian,,,Bangladesh,,Bronze,145,true,https://www.imo-official.org/results/individual/year/2023/,age_missing;project_na
IMO,2023,Angel Hristov,,,Bulgaria,,Bronze,145,true,https://www.imo-official.org/results/individual/year/2023/,age_missing;project_na
IMO,2023,Ivan Korshunau,,,Belarus,,Bronze,145,true,https://www.imo-official.org/results/individual/year/2023/,age_missing;project_na
IMO,2023,Luís Felipe Pestana Giglio,,,Brazil,,Bronze,145,true,https://www.imo-official.org/results/individual/year/2023/,age_missing;project_na
IMO,2023,Eduardo Henrique Rodrigues do Nascimento,,,Brazil,,Bronze,145,true,https://www.imo-official.org/results/individual/year/2023/,age_missing;project_na
IMO,2023,Haozhe Yang,,,Canada,,Bronze,145,true,https://www.imo-official.org/results/individual/year/2023/,age_missing;project_na
IMO,2023,Aleksei Ganyukov,,,Estonia,,Bronze,145,true,https://www.imo-official.org/results/individual/year/2023/,age_missing;project_na
IMO,2023,Bronislav Shatil,,,Estonia,,Bronze,145,true,https://www.imo-official.org/results/individual/year/2023/,age_missing;project_na
IMO,2023,Serge Bidallier,,,France,,Bronze,145,true,https://www.imo-official.org/results/individual/year/2023/,age_missing;project_na
IMO,2023,Oscar Fischler,,,France,,Bronze,145,true,https://www.imo-official.org/results/individual/year/2023/,age_missing;project_na
IMO,2023,Tornike Beria,,,Georgia,,Bronze,145,true,https://www.imo-official.org/results/individual/year/2023/,age_missing;project_na
IMO,2023,Prodromos Fotiadis,,,Greece,,Bronze,145,true,https://www.imo-official.org/results/individual/year/2023/,age_missing;project_na
IMO,2023,Orestis Lignos,,,Greece,,Bronze,145,true,https://www.imo-official.org/results/individual/year/2023/,age_missing;project_na
IMO,2023,Hok Lai Ng,,,Hong Kong,,Bronze,145,true,https://www.imo-official.org/results/individual/year/2023/,age_missing;project_na
IMO,2023,Namik Agić,,,Croatia,,Bronze,145,true,https://www.imo-official.org/results/individual/year/2023/,age_missing;project_na
IMO,2023,Márton Lovas,,,Hungary,,Bronze,145,true,https://www.imo-official.org/results/individual/year/2023/,age_missing;project_na
IMO,2023,Rizky Rajendra Ananta Dewa,,,Indonesia,,Bronze,145,true,https://www.imo-official.org/results/individual/year/2023/,age_missing;project_na
IMO,2023,Pouria Rahmani,,,Islamic Republic of Iran,,Bronze,145,true,https://www.imo-official.org/results/individual/year/2023/,age_missing;project_na
IMO,2023,Enrico Zonta,,,Italy,,Bronze,145,true,https://www.imo-official.org/results/individual/year/2023/,age_missing;project_na
IMO,2023,Keisuke Koide,,,Japan,,Bronze,145,true,https://www.imo-official.org/results/individual/year/2023/,age_missing;project_na
IMO,2023,Zhan Dautov,,,Kazakhstan,,Bronze,145,true,https://www.imo-official.org/results/individual/year/2023/,age_missing;project_na
IMO,2023,Vladimir Rogovskiy,,,Kazakhstan,,Bronze,145,true,https://www.imo-official.org/results/individual/year/2023/,age_missing;project_na
IMO,2023,Batyrkhan Sakenov,,,Kazakhstan,,Bronze,145,true,https://www.imo-official.org/results/individual/year/2023/,age_missing;project_na
IMO,2023,Daan de Groot,,,Netherlands,,Bronze,145,true,https://www.imo-official.org/results/individual/year/2023/,age_missing;project_na
IMO,2023,Mads Kok,,,Netherlands,,Bronze,145,true,https://www.imo-official.org/results/individual/year/2023/,age_missing;project_na
IMO,2023,Al Waqas Mahmood Mohammed Al Khadhuri,,,Oman,,Bronze,145,true,https://www.imo-official.org/results/individual/year/2023/,age_missing;project_na
IMO,2023,Konstanty Smolira,,,Poland,,Bronze,145,true,https://www.imo-official.org/results/individual/year/2023/,age_missing;project_na
IMO,2023,Mahdi Albaik,,,Saudi Arabia,,Bronze,145,true,https://www.imo-official.org/results/individual/year/2023/,age_missing;project_na
IMO,2023,Muath Alqahtani,,,Saudi Arabia,,Bronze,145,true,https://www.imo-official.org/results/individual/year/2023/,age_missing;project_na
IMO,2023,Ali Alramadan,,,Saudi Arabia,,Bronze,145,true,https://www.imo-official.org/results/individual/year/2023/,age_missing;project_na
IMO,2023,Aleksandar Višnjić,,,Serbia,,Bronze,145,true,https://www.imo-official.org/results/individual/year/2023/,age_missing;project_na
IMO,2023,Yevheniia Frankevych,,,Ukraine,,Bronze,145,true,https://www.imo-official.org/results/individual/year/2023/,age_missing;project_na
IMO,2023,Dinh Toan Khuc,,,Vietnam,,Bronze,145,true,https://www.imo-official.org/results/individual/year/2023/,age_missing;project_na
IMO,2023,Nguyen Thanh Danh Tran,,,Vietnam,,Bronze,145,true,https://www.imo-official.org/results/individual/year/2023/,age_missing;project_na
IMO,2023,Vahan Baghdasaryan,,,Armenia,,Bronze,183,true,https://www.imo-official.org/results/individual/year/2023/,age_missing;project_na
IMO,2023,Sizhe Pan,,,Australia,,Bronze,183,true,https://www.imo-official.org/results/individual/year/2023/,age_missing;project_na
IMO,2023,Pierre Akin Dürrüoglu,,,Belgium,,Bronze,183,true,https://www.imo-official.org/results/individual/year/2023/,age_missing;project_na
IMO,2023,Vuk Janković,,,Bosnia and Herzegovina,,Bronze,183,true,https://www.imo-official.org/results/individual/year/2023/,age_missing;project_na
IMO,2023,Ervin Macić,,,Bosnia and Herzegovina,,Bronze,183,true,https://www.imo-official.org/results/individual/year/2023/,age_missing;project_na
IMO,2023,Pavel Tsitou,,,Belarus,,Bronze,183,true,https://www.imo-official.org/results/individual/year/2023/,age_missing;project_na
IMO,2023,Felipe Makoto Shimamura Silva,,,Brazil,,Bronze,183,true,https://www.imo-official.org/results/individual/year/2023/,age_missing;project_na
IMO,2023,Samuel Rosiar,,,Czech Republic,,Bronze,183,true,https://www.imo-official.org/results/individual/year/2023/,age_missing;project_na
IMO,2023,Luna Skjernaa Mygind,,,Denmark,,Bronze,183,true,https://www.imo-official.org/results/individual/year/2023/,age_missing;project_na
IMO,2023,Daniel Pham Nguyen,,,Denmark,,Bronze,183,true,https://www.imo-official.org/results/individual/year/2023/,age_missing;project_na
IMO,2023,Darío Martínez Ramírez,,,Spain,,Bronze,183,true,https://www.imo-official.org/results/individual/year/2023/,age_missing;project_na
IMO,2023,Charles Dai,,,France,,Bronze,183,true,https://www.imo-official.org/results/individual/year/2023/,age_missing;project_na
IMO,2023,Gaëtan Dautzenberg,,,France,,Bronze,183,true,https://www.imo-official.org/results/individual/year/2023/,age_missing;project_na
IMO,2023,Florian Elbrandt,,,Germany,,Bronze,183,true,https://www.imo-official.org/results/individual/year/2023/,age_missing;project_na
IMO,2023,Leonard Kottisch,,,Germany,,Bronze,183,true,https://www.imo-official.org/results/individual/year/2023/,age_missing;project_na
IMO,2023,Chong Ho Hsieh,,,Hong Kong,,Bronze,183,true,https://www.imo-official.org/results/individual/year/2023/,age_missing;project_na
IMO,2023,Yung Ho Kwan,,,Hong Kong,,Bronze,183,true,https://www.imo-official.org/results/individual/year/2023/,age_missing;project_na
IMO,2023,Csilla Fülöp,,,Hungary,,Bronze,183,true,https://www.imo-official.org/results/individual/year/2023/,age_missing;project_na
IMO,2023,Denis Tusca,,,Italy,,Bronze,183,true,https://www.imo-official.org/results/individual/year/2023/,age_missing;project_na
IMO,2023,Margulan Sharel,,,Kazakhstan,,Bronze,183,true,https://www.imo-official.org/results/individual/year/2023/,age_missing;project_na
IMO,2023,Luis Eduardo Martínez Aguirre,,,Mexico,,Bronze,183,true,https://www.imo-official.org/results/individual/year/2023/,age_missing;project_na
IMO,2023,Nikola Cvetanoski,,,North Macedonia,,Bronze,183,true,https://www.imo-official.org/results/individual/year/2023/,age_missing;project_na
IMO,2023,Iveel Arvis,,,Mongolia,,Bronze,183,true,https://www.imo-official.org/results/individual/year/2023/,age_missing;project_na
IMO,2023,Saikhanbileg Tsogtgerel,,,Mongolia,,Bronze,183,true,https://www.imo-official.org/results/individual/year/2023/,age_missing;project_na
IMO,2023,Yanniek Nitescu,,,Netherlands,,Bronze,183,true,https://www.imo-official.org/results/individual/year/2023/,age_missing;project_na
IMO,2023,Bufan Zhao,,,New Zealand,,Bronze,183,true,https://www.imo-official.org/results/individual/year/2023/,age_missing;project_na
IMO,2023,Sebastian Lozada,,,Peru,,Bronze,183,true,https://www.imo-official.org/results/individual/year/2023/,age_missing;project_na
IMO,2023,Michał Piotr Lipiec,,,Poland,,Bronze,183,true,https://www.imo-official.org/results/individual/year/2023/,age_missing;project_na
IMO,2023,Rafael Martim Tavares Inácio,,,Portugal,,Bronze,183,true,https://www.imo-official.org/results/individual/year/2023/,age_missing;project_na
IMO,2023,Bora Olmez,,,Switzerland,,Bronze,183,true,https://www.imo-official.org/results/individual/year/2023/,age_missing;project_na
IMO,2023,Eliška Macáková,,,Slovakia,,Bronze,183,true,https://www.imo-official.org/results/individual/year/2023/,age_missing;project_na
IMO,2023,Matija Skrt,,,Slovenia,,Bronze,183,true,https://www.imo-official.org/results/individual/year/2023/,age_missing;project_na
IMO,2023,Mouhammad Ali Hourieh,,,Syria,,Bronze,183,true,https://www.imo-official.org/results/individual/year/2023/,age_missing;project_na
IMO,2023,Adem Bizid,,,Tunisia,,Bronze,183,true,https://www.imo-official.org/results/individual/year/2023/,age_missing;project_na
IMO,2023,Po-Shen Chang,,,Taiwan,,Bronze,183,true,https://www.imo-official.org/results/individual/year/2023/,age_missing;project_na
IMO,2023,Sida Li,,,United Kingdom,,Bronze,183,true,https://www.imo-official.org/results/individual/year/2023/,age_missing;project_na
IMO,2023,Ozodbek Akhtamov,,,Uzbekistan,,Bronze,183,true,https://www.imo-official.org/results/individual/year/2023/,age_missing;project_na
IMO,2023,Bozhidar Dimitrov,,,Bulgaria,,Bronze,220,true,https://www.imo-official.org/results/individual/year/2023/,age_missing;project_na
IMO,2023,Erik Ježek,,,Czech Republic,,Bronze,220,true,https://www.imo-official.org/results/individual/year/2023/,age_missing;project_na
IMO,2023,Štěpán Mikéska,,,Czech Republic,,Bronze,220,true,https://www.imo-official.org/results/individual/year/2023/,age_missing;project_na
IMO,2023,Aino Aulanko,,,Finland,,Bronze,220,true,https://www.imo-official.org/results/individual/year/2023/,age_missing;project_na
IMO,2023,Emanuel Tukač,,,Croatia,,Bronze,220,true,https://www.imo-official.org/results/individual/year/2023/,age_missing;project_na
IMO,2023,Evelyn Lianto,,,Indonesia,,Bronze,220,true,https://www.imo-official.org/results/individual/year/2023/,age_missing;project_na
IMO,2023,Adhitya Mangudy Venkata Ganesh,,,India,,Bronze,220,true,https://www.imo-official.org/results/individual/year/2023/,age_missing;project_na
IMO,2023,Yotam Amir,,,Israel,,Bronze,220,true,https://www.imo-official.org/results/individual/year/2023/,age_missing;project_na
IMO,2023,Carlo Baronio,,,Italy,,Bronze,220,true,https://www.imo-official.org/results/individual/year/2023/,age_missing;project_na
IMO,2023,Ansis Gustavs Andersons,,,Latvia,,Bronze,220,true,https://www.imo-official.org/results/individual/year/2023/,age_missing;project_na
IMO,2023,Margus Smotrovs,,,Latvia,,Bronze,220,true,https://www.imo-official.org/results/individual/year/2023/,age_missing;project_na
IMO,2023,Hylke Hoogeveen,,,Netherlands,,Bronze,220,true,https://www.imo-official.org/results/individual/year/2023/,age_missing;project_na
IMO,2023,Ahmed Raza,,,Pakistan,,Bronze,220,true,https://www.imo-official.org/results/individual/year/2023/,age_missing;project_na
IMO,2023,Jose Rojas,,,Peru,,Bronze,220,true,https://www.imo-official.org/results/individual/year/2023/,age_missing;project_na
IMO,2023,Rickson Caleb Tan,,,Philippines,,Bronze,220,true,https://www.imo-official.org/results/individual/year/2023/,age_missing;project_na
IMO,2023,Stefan Šebez,,,Serbia,,Bronze,220,true,https://www.imo-official.org/results/individual/year/2023/,age_missing;project_na
IMO,2023,Alisa Potomkina,,,Ukraine,,Bronze,220,true,https://www.imo-official.org/results/individual/year/2023/,age_missing;project_na
IMO,2023,Vesselin Markovich,,,Bulgaria,,Bronze,237,true,https://www.imo-official.org/results/individual/year/2023/,age_missing;project_na
IMO,2023,Mirnes Fehrić,,,Bosnia and Herzegovina,,Bronze,237,true,https://www.imo-official.org/results/individual/year/2023/,age_missing;project_na
IMO,2023,Filippos Athos Chatzichristofi,,,Cyprus,,Bronze,237,true,https://www.imo-official.org/results/individual/year/2023/,age_missing;project_na
IMO,2023,Michal Janík,,,Czech Republic,,Bronze,237,true,https://www.imo-official.org/results/individual/year/2023/,age_missing;project_na
IMO,2023,Jordi Ferré García,,,Spain,,Bronze,237,true,https://www.imo-official.org/results/individual/year/2023/,age_missing;project_na
IMO,2023,Roger Lidón Ardanuy,,,Spain,,Bronze,237,true,https://www.imo-official.org/results/individual/year/2023/,age_missing;project_na
IMO,2023,Kristjan-Erik Kahu,,,Estonia,,Bronze,237,true,https://www.imo-official.org/results/individual/year/2023/,age_missing;project_na
IMO,2023,Philipp Siegert,,,Germany,,Bronze,237,true,https://www.imo-official.org/results/individual/year/2023/,age_missing;project_na
IMO,2023,Dionysios Petrakis,,,Greece,,Bronze,237,true,https://www.imo-official.org/results/individual/year/2023/,age_missing;project_na
IMO,2023,Fionn Kimber O'Shea,,,Ireland,,Bronze,237,true,https://www.imo-official.org/results/individual/year/2023/,age_missing;project_na
IMO,2023,Benedikt Vilji Magnússon,,,Iceland,,Bronze,237,true,https://www.imo-official.org/results/individual/year/2023/,age_missing;project_na
IMO,2023,Ori Frankel,,,Israel,,Bronze,237,true,https://www.imo-official.org/results/individual/year/2023/,age_missing;project_na
IMO,2023,Wang Iok Lin,,,Macau,,Bronze,237,true,https://www.imo-official.org/results/individual/year/2023/,age_missing;project_na
IMO,2023,Kuok Wai U,,,Macau,,Bronze,237,true,https://www.imo-official.org/results/individual/year/2023/,age_missing;project_na
IMO,2023,Min Heng Tan,,,Malaysia,,Bronze,237,true,https://www.imo-official.org/results/individual/year/2023/,age_missing;project_na
IMO,2023,Mateo Iván Latapí Acosta,,,Mexico,,Bronze,237,true,https://www.imo-official.org/results/individual/year/2023/,age_missing;project_na
IMO,2023,Nursoltan Khavalbolot,,,Mongolia,,Bronze,237,true,https://www.imo-official.org/results/individual/year/2023/,age_missing;project_na
IMO,2023,Lance Bakker,,,Netherlands,,Bronze,237,true,https://www.imo-official.org/results/individual/year/2023/,age_missing;project_na
IMO,2023,David Strømme Eikeland,,,Norway,,Bronze,237,true,https://www.imo-official.org/results/individual/year/2023/,age_missing;project_na
IMO,2023,Krzysztof Salata,,,Poland,,Bronze,237,true,https://www.imo-official.org/results/individual/year/2023/,age_missing;project_na
IMO,2023,Martin Kopčány,,,Slovakia,,Bronze,237,true,https://www.imo-official.org/results/individual/year/2023/,age_missing;project_na
IMO,2023,Selim Halykov,,,Turkmenistan,,Bronze,237,true,https://www.imo-official.org/results/individual/year/2023/,age_missing;project_na
IMO,2023,Youcef Kenane,,,Algeria,,Bronze,259,true,https://www.imo-official.org/results/individual/year/2023/,age_missing;project_na
IMO,2023,Hamlet Petrosyan,,,Armenia,,Bronze,259,true,https://www.imo-official.org/results/individual/year/2023/,age_missing;project_na
IMO,2023,Md Shahriar Hossain,,,Bangladesh,,Bronze,259,true,https://www.imo-official.org/results/individual/year/2023/,age_missing;project_na
IMO,2023,Iliyas Noman,,,Bulgaria,,Bronze,259,true,https://www.imo-official.org/results/individual/year/2023/,age_missing;project_na
IMO,2023,Lorenzo Sarria,,,Colombia,,Bronze,259,true,https://www.imo-official.org/results/individual/year/2023/,age_missing;project_na
IMO,2023,Benedek Nádor,,,Hungary,,Bronze,259,true,https://www.imo-official.org/results/individual/year/2023/,age_missing;project_na
IMO,2023,Archit Manas,,,India,,Bronze,259,true,https://www.imo-official.org/results/individual/year/2023/,age_missing;project_na
IMO,2023,Hitihami Mudiyanselage Mihiru Anushka Bandara,,,Sri Lanka,,Bronze,259,true,https://www.imo-official.org/results/individual/year/2023/,age_missing;project_na
IMO,2023,Alfrēds Saročinskis,,,Latvia,,Bronze,259,true,https://www.imo-official.org/results/individual/year/2023/,age_missing;project_na
IMO,2023,Kwong Weng Loh,,,Malaysia,,Bronze,259,true,https://www.imo-official.org/results/individual/year/2023/,age_missing;project_na
IMO,2023,Dragoș Port,,,Republic of Moldova,,Bronze,259,true,https://www.imo-official.org/results/individual/year/2023/,age_missing;project_na
IMO,2023,Piotr Maksymilian Miernik,,,Poland,,Bronze,259,true,https://www.imo-official.org/results/individual/year/2023/,age_missing;project_na
IMO,2023,Minkyum Kim,,,South Africa,,Bronze,259,true,https://www.imo-official.org/results/individual/year/2023/,age_missing;project_na
IMO,2023,Andrija Živadinović,,,Serbia,,Bronze,259,true,https://www.imo-official.org/results/individual/year/2023/,age_missing;project_na
IMO,2023,Jonah Osterwalder,,,Switzerland,,Bronze,259,true,https://www.imo-official.org/results/individual/year/2023/,age_missing;project_na
IMO,2023,Erik Hedin,,,Sweden,,Bronze,259,true,https://www.imo-official.org/results/individual/year/2023/,age_missing;project_na
IMO,2023,Thammarak Korsakulthum,,,Thailand,,Bronze,259,true,https://www.imo-official.org/results/individual/year/2023/,age_missing;project_na
IMO,2023,Sidharth Puthiyedathu Suresh,,,United Arab Emirates,,Bronze,259,true,https://www.imo-official.org/results/individual/year/2023/,age_missing;project_na
IMO,2023,Volodymyr Chub,,,Ukraine,,Bronze,259,true,https://www.imo-official.org/results/individual/year/2023/,age_missing;project_na
IMO,2023,Hanks Chong,,,United Kingdom,,Bronze,259,true,https://www.imo-official.org/results/individual/year/2023/,age_missing;project_na
IMO,2023,Robin Antoine,,,Belgium,,Bronze,279,true,https://www.imo-official.org/results/individual/year/2023/,age_missing;project_na
IMO,2023,Benjamin Mujkić,,,Bosnia and Herzegovina,,Bronze,279,true,https://www.imo-official.org/results/individual/year/2023/,age_missing;project_na
IMO,2023,Mateo Lizcano,,,Colombia,,Bronze,279,true,https://www.imo-official.org/results/individual/year/2023/,age_missing;project_na
IMO,2023,Gabriel Najmias Lang,,,Costa Rica,,Bronze,279,true,https://www.imo-official.org/results/individual/year/2023/,age_missing;project_na
IMO,2023,Aleksandre Korkotashvili,,,Georgia,,Bronze,279,true,https://www.imo-official.org/results/individual/year/2023/,age_missing;project_na
IMO,2023,Lara Semeš,,,Croatia,,Bronze,279,true,https://www.imo-official.org/results/individual/year/2023/,age_missing;project_na
IMO,2023,Evan Nathanael,,,Indonesia,,Bronze,279,true,https://www.imo-official.org/results/individual/year/2023/,age_missing;project_na
IMO,2023,Tomas Babelis,,,Lithuania,,Bronze,279,true,https://www.imo-official.org/results/individual/year/2023/,age_missing;project_na
IMO,2023,Dan Cernatinschi,,,Republic of Moldova,,Bronze,279,true,https://www.imo-official.org/results/individual/year/2023/,age_missing;project_na
IMO,2023,Nikola Spirovski,,,North Macedonia,,Bronze,279,true,https://www.imo-official.org/results/individual/year/2023/,age_missing;project_na
IMO,2023,Tenuunsaikhan Batlkhagva,,,Mongolia,,Bronze,279,true,https://www.imo-official.org/results/individual/year/2023/,age_missing;project_na
IMO,2023,Edvard Walde Heimdal,,,Norway,,Bronze,279,true,https://www.imo-official.org/results/individual/year/2023/,age_missing;project_na
IMO,2023,Mohammad Nur Casib,,,Philippines,,Bronze,279,true,https://www.imo-official.org/results/individual/year/2023/,age_missing;project_na
IMO,2023,Adam Džavoronok,,,Slovakia,,Bronze,279,true,https://www.imo-official.org/results/individual/year/2023/,age_missing;project_na
IMO,2023,Viktor Imrišek,,,Slovakia,,Bronze,279,true,https://www.imo-official.org/results/individual/year/2023/,age_missing;project_na
IMO,2023,Saria Ramadan,,,Syria,,Bronze,279,true,https://www.imo-official.org/results/individual/year/2023/,age_missing;project_na
IMO,2023,Ivan Bortnovskyi,,,Ukraine,,Bronze,279,true,https://www.imo-official.org/results/individual/year/2023/,age_missing;project_na
IMO,2023,Anvarbek Rakhmatov,,,Uzbekistan,,Bronze,279,true,https://www.imo-official.org/results/individual/year/2023/,age_missing;project_na
IMO,2023,Federico Crovara,,,Argentina,,Bronze,297,true,https://www.imo-official.org/results/individual/year/2023/,age_missing;project_na
IMO,2023,Georg Weisbier,,,Austria,,Bronze,297,true,https://www.imo-official.org/results/individual/year/2023/,age_missing;project_na
IMO,2023,Jalil Huseynov,,,Azerbaijan,,Bronze,297,true,https://www.imo-official.org/results/individual/year/2023/,age_missing;project_na
IMO,2023,Guillem Beltran Cerezuela,,,Spain,,Bronze,297,true,https://www.imo-official.org/results/individual/year/2023/,age_missing;project_na
IMO,2023,Auguste Ramondou,,,France,,Bronze,297,true,https://www.imo-official.org/results/individual/year/2023/,age_missing;project_na
IMO,2023,Guram Matcharashvili,,,Georgia,,Bronze,297,true,https://www.imo-official.org/results/individual/year/2023/,age_missing;project_na
IMO,2023,Tamar Peikrishvili,,,Georgia,,Bronze,297,true,https://www.imo-official.org/results/individual/year/2023/,age_missing;project_na
IMO,2023,Sebastian Chase,,,Hong Kong,,Bronze,297,true,https://www.imo-official.org/results/individual/year/2023/,age_missing;project_na
IMO,2023,Janko Bušelić,,,Croatia,,Bronze,297,true,https://www.imo-official.org/results/individual/year/2023/,age_missing;project_na
IMO,2023,Ayman Riad Solh,,,Morocco,,Bronze,297,true,https://www.imo-official.org/results/individual/year/2023/,age_missing;project_na
IMO,2023,Wei Jie Goh,,,Malaysia,,Bronze,297,true,https://www.imo-official.org/results/individual/year/2023/,age_missing;project_na
IMO,2023,Alin Popescu,,,Republic of Moldova,,Bronze,297,true,https://www.imo-official.org/results/individual/year/2023/,age_missing;project_na
IMO,2023,Jordan Juarez,,,Peru,,Bronze,297,true,https://www.imo-official.org/results/individual/year/2023/,age_missing;project_na
IMO,2023,Alvann Walter Paredes Dy,,,Philippines,,Bronze,297,true,https://www.imo-official.org/results/individual/year/2023/,age_missing;project_na
IMO,2023,Felix Xu,,,Switzerland,,Bronze,297,true,https://www.imo-official.org/results/individual/year/2023/,age_missing;project_na
IMO,2023,Olimdzhon Tukhtarov,,,Tajikistan,,Bronze,297,true,https://www.imo-official.org/results/individual/year/2023/,age_missing;project_na
IMO,2023,Kseniia Drozdova,,,Ukraine,,Bronze,297,true,https://www.imo-official.org/results/individual/year/2023/,age_missing;project_na
IMO,2023,Anvarbek Sadulloev,,,Uzbekistan,,Bronze,297,true,https://www.imo-official.org/results/individual/year/2023/,age_missing;project_na
IMO,2024,Haojia Shi,,,People's Republic of China,,Gold,1,true,https://www.imo-official.org/results/individual/year/2024/,age_missing;project_na
IMO,2024,Ivan Chasovskikh,,,,,Gold,2,true,https://www.imo-official.org/results/individual/year/2024/,age_missing;project_na
IMO,2024,Alexander Wang,,,United States of America,,Gold,3,true,https://www.imo-official.org/results/individual/year/2024/,age_missing;project_na
IMO,2024,Satoshi Kano,,,Japan,,Gold,4,true,https://www.imo-official.org/results/individual/year/2024/,age_missing;project_na
IMO,2024,Qiming Xu,,,People's Republic of China,,Gold,5,true,https://www.imo-official.org/results/individual/year/2024/,age_missing;project_na
IMO,2024,László Bence Simon,,,Hungary,,Gold,5,true,https://www.imo-official.org/results/individual/year/2024/,age_missing;project_na
IMO,2024,Adhitya Mangudy Venkata Ganesh,,,India,,Gold,5,true,https://www.imo-official.org/results/individual/year/2024/,age_missing;project_na
IMO,2024,Hyeongjoe Chu,,,Republic of Korea,,Gold,5,true,https://www.imo-official.org/results/individual/year/2024/,age_missing;project_na
IMO,2024,Alex Chui,,,United Kingdom,,Gold,5,true,https://www.imo-official.org/results/individual/year/2024/,age_missing;project_na
IMO,2024,Jessica Wan,,,United States of America,,Gold,5,true,https://www.imo-official.org/results/individual/year/2024/,age_missing;project_na
IMO,2024,Mikhail Raikhman,,,Belarus,,Gold,11,true,https://www.imo-official.org/results/individual/year/2024/,age_missing;project_na
IMO,2024,Paulius Aleknavičius,,,Lithuania,,Gold,11,true,https://www.imo-official.org/results/individual/year/2024/,age_missing;project_na
IMO,2024,Barış Koyuncu,,,Türkiye,,Gold,13,true,https://www.imo-official.org/results/individual/year/2024/,age_missing;project_na
IMO,2024,Matvey Vylegzhanin,,,Belarus,,Gold,14,true,https://www.imo-official.org/results/individual/year/2024/,age_missing;project_na
IMO,2024,Ananda Bhaduri,,,India,,Gold,14,true,https://www.imo-official.org/results/individual/year/2024/,age_missing;project_na
IMO,2024,Yihan Yang,,,Singapore,,Gold,14,true,https://www.imo-official.org/results/individual/year/2024/,age_missing;project_na
IMO,2024,Mehmet Can Baştemir,,,Türkiye,,Gold,14,true,https://www.imo-official.org/results/individual/year/2024/,age_missing;project_na
IMO,2024,Linus Tang,,,United States of America,,Gold,14,true,https://www.imo-official.org/results/individual/year/2024/,age_missing;project_na
IMO,2024,Egor Saprunov,,,,,Gold,19,true,https://www.imo-official.org/results/individual/year/2024/,age_missing;project_na
IMO,2024,Benjamin Mujkić,,,Bosnia and Herzegovina,,Gold,19,true,https://www.imo-official.org/results/individual/year/2024/,age_missing;project_na
IMO,2024,Ivan Korshunau,,,Belarus,,Gold,19,true,https://www.imo-official.org/results/individual/year/2024/,age_missing;project_na
IMO,2024,Kanav Talwar,,,India,,Gold,19,true,https://www.imo-official.org/results/individual/year/2024/,age_missing;project_na
IMO,2024,Nadav Dan Tamari,,,Israel,,Gold,19,true,https://www.imo-official.org/results/individual/year/2024/,age_missing;project_na
IMO,2024,Rogelio Guerrero Reyes,,,Mexico,,Gold,19,true,https://www.imo-official.org/results/individual/year/2024/,age_missing;project_na
IMO,2024,Damjan Davkov,,,North Macedonia,,Gold,19,true,https://www.imo-official.org/results/individual/year/2024/,age_missing;project_na
IMO,2024,Konstanty Smolira,,,Poland,,Gold,19,true,https://www.imo-official.org/results/individual/year/2024/,age_missing;project_na
IMO,2024,Samuel Sturge,,,United Kingdom,,Gold,19,true,https://www.imo-official.org/results/individual/year/2024/,age_missing;project_na
IMO,2024,Krishna Pothapragada,,,United States of America,,Gold,19,true,https://www.imo-official.org/results/individual/year/2024/,age_missing;project_na
IMO,2024,Ratibor Koptilin,,,,,Gold,29,true,https://www.imo-official.org/results/individual/year/2024/,age_missing;project_na
IMO,2024,Xiangyue (Laura) Nan,,,Australia,,Gold,29,true,https://www.imo-official.org/results/individual/year/2024/,age_missing;project_na
IMO,2024,Andrej Krčmar,,,Bosnia and Herzegovina,,Gold,29,true,https://www.imo-official.org/results/individual/year/2024/,age_missing;project_na
IMO,2024,Pavel Tsitou,,,Belarus,,Gold,29,true,https://www.imo-official.org/results/individual/year/2024/,age_missing;project_na
IMO,2024,Zhewen Deng,,,People's Republic of China,,Gold,29,true,https://www.imo-official.org/results/individual/year/2024/,age_missing;project_na
IMO,2024,Chunji Wang,,,People's Republic of China,,Gold,29,true,https://www.imo-official.org/results/individual/year/2024/,age_missing;project_na
IMO,2024,Xianbang Wang,,,People's Republic of China,,Gold,29,true,https://www.imo-official.org/results/individual/year/2024/,age_missing;project_na
IMO,2024,Anatole Bouton,,,France,,Gold,29,true,https://www.imo-official.org/results/individual/year/2024/,age_missing;project_na
IMO,2024,Davit Kldiashvili,,,Georgia,,Gold,29,true,https://www.imo-official.org/results/individual/year/2024/,age_missing;project_na
IMO,2024,Kyriakos Tsourekas,,,Greece,,Gold,29,true,https://www.imo-official.org/results/individual/year/2024/,age_missing;project_na
IMO,2024,Ábel Szakács,,,Hungary,,Gold,29,true,https://www.imo-official.org/results/individual/year/2024/,age_missing;project_na
IMO,2024,Rushil Mathur,,,India,,Gold,29,true,https://www.imo-official.org/results/individual/year/2024/,age_missing;project_na
IMO,2024,Radin Zahedigolpayegani,,,Islamic Republic of Iran,,Gold,29,true,https://www.imo-official.org/results/individual/year/2024/,age_missing;project_na
IMO,2024,Siwoo Kim,,,Japan,,Gold,29,true,https://www.imo-official.org/results/individual/year/2024/,age_missing;project_na
IMO,2024,Kyungjun Park,,,Republic of Korea,,Gold,29,true,https://www.imo-official.org/results/individual/year/2024/,age_missing;project_na
IMO,2024,Felix Xu,,,Switzerland,,Gold,29,true,https://www.imo-official.org/results/individual/year/2024/,age_missing;project_na
IMO,2024,Matej Bachniček,,,Slovakia,,Gold,29,true,https://www.imo-official.org/results/individual/year/2024/,age_missing;project_na
IMO,2024,Tien-Hui Lee,,,Taiwan,,Gold,29,true,https://www.imo-official.org/results/individual/year/2024/,age_missing;project_na
IMO,2024,Tseren Frantsuzov,,,,,Gold,47,true,https://www.imo-official.org/results/individual/year/2024/,age_missing;project_na
IMO,2024,Chams Eddine Abd El Ali Derreche,,,Algeria,,Gold,47,true,https://www.imo-official.org/results/individual/year/2024/,age_missing;project_na
IMO,2024,Vuk Janković,,,Bosnia and Herzegovina,,Gold,47,true,https://www.imo-official.org/results/individual/year/2024/,age_missing;project_na
IMO,2024,Felipe Makoto Shimamura Silva,,,Brazil,,Gold,47,true,https://www.imo-official.org/results/individual/year/2024/,age_missing;project_na
IMO,2024,Kevin Adi Senjaya,,,Indonesia,,Gold,47,true,https://www.imo-official.org/results/individual/year/2024/,age_missing;project_na
IMO,2024,Elazar Koren,,,Israel,,Gold,47,true,https://www.imo-official.org/results/individual/year/2024/,age_missing;project_na
IMO,2024,Enrico Zonta,,,Italy,,Gold,47,true,https://www.imo-official.org/results/individual/year/2024/,age_missing;project_na
IMO,2024,Nazar Azizbekovich Kirgizbaev,,,Kyrgyzstan,,Gold,47,true,https://www.imo-official.org/results/individual/year/2024/,age_missing;project_na
IMO,2024,Enerelt Delgerdalai,,,Mongolia,,Gold,47,true,https://www.imo-official.org/results/individual/year/2024/,age_missing;project_na
IMO,2024,Pavel Ciurea,,,Romania,,Gold,47,true,https://www.imo-official.org/results/individual/year/2024/,age_missing;project_na
IMO,2024,Yu-An Cho,,,Taiwan,,Gold,47,true,https://www.imo-official.org/results/individual/year/2024/,age_missing;project_na
IMO,2024,Qiao Zhang,,,United States of America,,Gold,47,true,https://www.imo-official.org/results/individual/year/2024/,age_missing;project_na
IMO,2024,Mikhail Iugov,,,,,Silver,59,true,https://www.imo-official.org/results/individual/year/2024/,age_missing;project_na
IMO,2024,Yung Ho Kwan,,,Hong Kong,,Silver,59,true,https://www.imo-official.org/results/individual/year/2024/,age_missing;project_na
IMO,2024,Itamar Nir,,,Israel,,Silver,59,true,https://www.imo-official.org/results/individual/year/2024/,age_missing;project_na
IMO,2024,Alessandro Lombardo,,,Italy,,Silver,59,true,https://www.imo-official.org/results/individual/year/2024/,age_missing;project_na
IMO,2024,Amirlan Amanzholov,,,Kazakhstan,,Silver,59,true,https://www.imo-official.org/results/individual/year/2024/,age_missing;project_na
IMO,2024,Margulan Sharel,,,Kazakhstan,,Silver,59,true,https://www.imo-official.org/results/individual/year/2024/,age_missing;project_na
IMO,2024,Jer Ren Wong,,,Malaysia,,Silver,59,true,https://www.imo-official.org/results/individual/year/2024/,age_missing;project_na
IMO,2024,Bilguungerelt Tamir,,,Mongolia,,Silver,59,true,https://www.imo-official.org/results/individual/year/2024/,age_missing;project_na
IMO,2024,Ryan Staal,,,Netherlands,,Silver,59,true,https://www.imo-official.org/results/individual/year/2024/,age_missing;project_na
IMO,2024,Renato Gaitan,,,Peru,,Silver,59,true,https://www.imo-official.org/results/individual/year/2024/,age_missing;project_na
IMO,2024,Sebastian Lozada,,,Peru,,Silver,59,true,https://www.imo-official.org/results/individual/year/2024/,age_missing;project_na
IMO,2024,Antoni Mazur,,,Poland,,Silver,59,true,https://www.imo-official.org/results/individual/year/2024/,age_missing;project_na
IMO,2024,Andrei Vila,,,Romania,,Silver,59,true,https://www.imo-official.org/results/individual/year/2024/,age_missing;project_na
IMO,2024,Zhi Xiang Raphael Teng,,,Singapore,,Silver,59,true,https://www.imo-official.org/results/individual/year/2024/,age_missing;project_na
IMO,2024,Juntao Zhang,,,Singapore,,Silver,59,true,https://www.imo-official.org/results/individual/year/2024/,age_missing;project_na
IMO,2024,Stefan Šebez,,,Serbia,,Silver,59,true,https://www.imo-official.org/results/individual/year/2024/,age_missing;project_na
IMO,2024,Sam Griffiths,,,United Kingdom,,Silver,59,true,https://www.imo-official.org/results/individual/year/2024/,age_missing;project_na
IMO,2024,Ilya Zamotorin,,,,,Silver,76,true,https://www.imo-official.org/results/individual/year/2024/,age_missing;project_na
IMO,2024,Warren Bei,,,Canada,,Silver,76,true,https://www.imo-official.org/results/individual/year/2024/,age_missing;project_na
IMO,2024,Youngbeom Jin,,,Republic of Korea,,Silver,76,true,https://www.imo-official.org/results/individual/year/2024/,age_missing;project_na
IMO,2024,Yuchan Jung,,,Republic of Korea,,Silver,76,true,https://www.imo-official.org/results/individual/year/2024/,age_missing;project_na
IMO,2024,Drew Michael Terren Ramirez,,,Singapore,,Silver,76,true,https://www.imo-official.org/results/individual/year/2024/,age_missing;project_na
IMO,2024,Jordan Lefkowitz,,,United States of America,,Silver,76,true,https://www.imo-official.org/results/individual/year/2024/,age_missing;project_na
IMO,2024,Felipe Bautista Klir,,,Argentina,,Silver,82,true,https://www.imo-official.org/results/individual/year/2024/,age_missing;project_na
IMO,2024,Aino Aulanko,,,Finland,,Silver,82,true,https://www.imo-official.org/results/individual/year/2024/,age_missing;project_na
IMO,2024,Wai Lok Lai,,,Hong Kong,,Silver,82,true,https://www.imo-official.org/results/individual/year/2024/,age_missing;project_na
IMO,2024,Tengis Odonbaatar,,,Mongolia,,Silver,82,true,https://www.imo-official.org/results/individual/year/2024/,age_missing;project_na
IMO,2024,Mateusz Wawrzyniak,,,Poland,,Silver,82,true,https://www.imo-official.org/results/individual/year/2024/,age_missing;project_na
IMO,2024,David-Andrei Anghel,,,Romania,,Silver,82,true,https://www.imo-official.org/results/individual/year/2024/,age_missing;project_na
IMO,2024,Hakan Gökdoğan,,,Türkiye,,Silver,82,true,https://www.imo-official.org/results/individual/year/2024/,age_missing;project_na
IMO,2024,En-Hua Chiang,,,Taiwan,,Silver,82,true,https://www.imo-official.org/results/individual/year/2024/,age_missing;project_na
IMO,2024,Martin Bierbaumer,,,Austria,,Silver,90,true,https://www.imo-official.org/results/individual/year/2024/,age_missing;project_na
IMO,2024,Marin Hristov,,,Bulgaria,,Silver,90,true,https://www.imo-official.org/results/individual/year/2024/,age_missing;project_na
IMO,2024,Oscar Fischler,,,France,,Silver,90,true,https://www.imo-official.org/results/individual/year/2024/,age_missing;project_na
IMO,2024,Pál Czanik,,,Hungary,,Silver,90,true,https://www.imo-official.org/results/individual/year/2024/,age_missing;project_na
IMO,2024,Iliya Yazdanivarzi,,,Islamic Republic of Iran,,Silver,90,true,https://www.imo-official.org/results/individual/year/2024/,age_missing;project_na
IMO,2024,Wooju Ham,,,Republic of Korea,,Silver,90,true,https://www.imo-official.org/results/individual/year/2024/,age_missing;project_na
IMO,2024,Takumi Higashida Martínez,,,Mexico,,Silver,90,true,https://www.imo-official.org/results/individual/year/2024/,age_missing;project_na
IMO,2024,Mihailo Jančević,,,Serbia,,Silver,90,true,https://www.imo-official.org/results/individual/year/2024/,age_missing;project_na
IMO,2024,Gvozden Lapčević,,,Serbia,,Silver,90,true,https://www.imo-official.org/results/individual/year/2024/,age_missing;project_na
IMO,2024,Isaac King,,,United Kingdom,,Silver,90,true,https://www.imo-official.org/results/individual/year/2024/,age_missing;project_na
IMO,2024,William Cheah,,,Australia,,Silver,100,true,https://www.imo-official.org/results/individual/year/2024/,age_missing;project_na
IMO,2024,Dominik Pultar,,,Austria,,Silver,100,true,https://www.imo-official.org/results/individual/year/2024/,age_missing;project_na
IMO,2024,Bilyana Dimitrova,,,Bulgaria,,Silver,100,true,https://www.imo-official.org/results/individual/year/2024/,age_missing;project_na
IMO,2024,Angel Hristov,,,Bulgaria,,Silver,100,true,https://www.imo-official.org/results/individual/year/2024/,age_missing;project_na
IMO,2024,Ryan Bai,,,Canada,,Silver,100,true,https://www.imo-official.org/results/individual/year/2024/,age_missing;project_na
IMO,2024,Marvin Mao,,,Canada,,Silver,100,true,https://www.imo-official.org/results/individual/year/2024/,age_missing;project_na
IMO,2024,Erik Ježek,,,Czech Republic,,Silver,100,true,https://www.imo-official.org/results/individual/year/2024/,age_missing;project_na
IMO,2024,Auguste Ramondou,,,France,,Silver,100,true,https://www.imo-official.org/results/individual/year/2024/,age_missing;project_na
IMO,2024,Vera Lavrova,,,Germany,,Silver,100,true,https://www.imo-official.org/results/individual/year/2024/,age_missing;project_na
IMO,2024,Hok Lai Ng,,,Hong Kong,,Silver,100,true,https://www.imo-official.org/results/individual/year/2024/,age_missing;project_na
IMO,2024,Arjun Gupta,,,India,,Silver,100,true,https://www.imo-official.org/results/individual/year/2024/,age_missing;project_na
IMO,2024,Sepehr Alipour,,,Islamic Republic of Iran,,Silver,100,true,https://www.imo-official.org/results/individual/year/2024/,age_missing;project_na
IMO,2024,Raffaele Botticella,,,Italy,,Silver,100,true,https://www.imo-official.org/results/individual/year/2024/,age_missing;project_na
IMO,2024,Ian Bobrus,,,Kyrgyzstan,,Silver,100,true,https://www.imo-official.org/results/individual/year/2024/,age_missing;project_na
IMO,2024,Hyunwoo Choi,,,Republic of Korea,,Silver,100,true,https://www.imo-official.org/results/individual/year/2024/,age_missing;project_na
IMO,2024,Razzi Hasan Masroor,,,Pakistan,,Silver,100,true,https://www.imo-official.org/results/individual/year/2024/,age_missing;project_na
IMO,2024,Jerome Austin Te,,,Philippines,,Silver,100,true,https://www.imo-official.org/results/individual/year/2024/,age_missing;project_na
IMO,2024,Hadi Alaithan,,,Saudi Arabia,,Silver,100,true,https://www.imo-official.org/results/individual/year/2024/,age_missing;project_na
IMO,2024,Yaoqi Zhao,,,Singapore,,Silver,100,true,https://www.imo-official.org/results/individual/year/2024/,age_missing;project_na
IMO,2024,Nace Hranjec,,,Slovenia,,Silver,100,true,https://www.imo-official.org/results/individual/year/2024/,age_missing;project_na
IMO,2024,Siraphop Khawplad,,,Thailand,,Silver,100,true,https://www.imo-official.org/results/individual/year/2024/,age_missing;project_na
IMO,2024,Haolin Zhao,,,United Kingdom,,Silver,100,true,https://www.imo-official.org/results/individual/year/2024/,age_missing;project_na
IMO,2024,Tulkin Jaylovov,,,Uzbekistan,,Silver,100,true,https://www.imo-official.org/results/individual/year/2024/,age_missing;project_na
IMO,2024,Elbek Zohidjonov,,,Uzbekistan,,Silver,100,true,https://www.imo-official.org/results/individual/year/2024/,age_missing;project_na
IMO,2024,Duy Tran,,,Vietnam,,Silver,100,true,https://www.imo-official.org/results/individual/year/2024/,age_missing;project_na
IMO,2024,Yuxing Ye,,,People's Republic of China,,Silver,125,true,https://www.imo-official.org/results/individual/year/2024/,age_missing;project_na
IMO,2024,Theofanis Orfanou,,,Cyprus,,Silver,125,true,https://www.imo-official.org/results/individual/year/2024/,age_missing;project_na
IMO,2024,David Hromádka,,,Czech Republic,,Silver,125,true,https://www.imo-official.org/results/individual/year/2024/,age_missing;project_na
IMO,2024,Solal Pivron-Djeddi,,,France,,Silver,125,true,https://www.imo-official.org/results/individual/year/2024/,age_missing;project_na
IMO,2024,Paul Jakob Schmidt,,,Germany,,Silver,125,true,https://www.imo-official.org/results/individual/year/2024/,age_missing;project_na
IMO,2024,Orestis Lignos,,,Greece,,Silver,125,true,https://www.imo-official.org/results/individual/year/2024/,age_missing;project_na
IMO,2024,Zi Jie Xu,,,Hong Kong,,Silver,125,true,https://www.imo-official.org/results/individual/year/2024/,age_missing;project_na
IMO,2024,Fabijan Cikač,,,Croatia,,Silver,125,true,https://www.imo-official.org/results/individual/year/2024/,age_missing;project_na
IMO,2024,Simone Melis,,,Italy,,Silver,125,true,https://www.imo-official.org/results/individual/year/2024/,age_missing;project_na
IMO,2024,Shinjiro Hamakawa,,,Japan,,Silver,125,true,https://www.imo-official.org/results/individual/year/2024/,age_missing;project_na
IMO,2024,Eldar Iskanderov,,,Kyrgyzstan,,Silver,125,true,https://www.imo-official.org/results/individual/year/2024/,age_missing;project_na
IMO,2024,Marius Cerlat,,,Republic of Moldova,,Silver,125,true,https://www.imo-official.org/results/individual/year/2024/,age_missing;project_na
IMO,2024,Jay Zhao,,,New Zealand,,Silver,125,true,https://www.imo-official.org/results/individual/year/2024/,age_missing;project_na
IMO,2024,Stanisław Lada,,,Poland,,Silver,125,true,https://www.imo-official.org/results/individual/year/2024/,age_missing;project_na
IMO,2024,Akash Thiagarajan,,,Singapore,,Silver,125,true,https://www.imo-official.org/results/individual/year/2024/,age_missing;project_na
IMO,2024,Novak Despotović,,,Serbia,,Silver,125,true,https://www.imo-official.org/results/individual/year/2024/,age_missing;project_na
IMO,2024,Lucia Chladná,,,Slovakia,,Silver,125,true,https://www.imo-official.org/results/individual/year/2024/,age_missing;project_na
IMO,2024,Krittitee Naulkhao,,,Thailand,,Silver,125,true,https://www.imo-official.org/results/individual/year/2024/,age_missing;project_na
IMO,2024,Patanasang Pinijpichitkul,,,Thailand,,Silver,125,true,https://www.imo-official.org/results/individual/year/2024/,age_missing;project_na
IMO,2024,Suleyman Kochkarov,,,Turkmenistan,,Silver,125,true,https://www.imo-official.org/results/individual/year/2024/,age_missing;project_na
IMO,2024,Daniil Shvaiko,,,Ukraine,,Silver,125,true,https://www.imo-official.org/results/individual/year/2024/,age_missing;project_na
IMO,2024,Minh Hoang Tran,,,Vietnam,,Silver,125,true,https://www.imo-official.org/results/individual/year/2024/,age_missing;project_na
IMO,2024,Valentin Glatz,,,Austria,,Silver,147,true,https://www.imo-official.org/results/individual/year/2024/,age_missing;project_na
IMO,2024,William Shi,,,Austria,,Silver,147,true,https://www.imo-official.org/results/individual/year/2024/,age_missing;project_na
IMO,2024,Jan Strehn,,,Austria,,Silver,147,true,https://www.imo-official.org/results/individual/year/2024/,age_missing;project_na
IMO,2024,Akram Zakine,,,Belgium,,Silver,147,true,https://www.imo-official.org/results/individual/year/2024/,age_missing;project_na
IMO,2024,Harun Alibegović,,,Bosnia and Herzegovina,,Silver,147,true,https://www.imo-official.org/results/individual/year/2024/,age_missing;project_na
IMO,2024,João Pedro Bandeira Lemos,,,Brazil,,Silver,147,true,https://www.imo-official.org/results/individual/year/2024/,age_missing;project_na
IMO,2024,Pedro Henrique De Almeida Ursino,,,Brazil,,Silver,147,true,https://www.imo-official.org/results/individual/year/2024/,age_missing;project_na
IMO,2024,Marco Aurelio Nogueira D'emidio,,,Brazil,,Silver,147,true,https://www.imo-official.org/results/individual/year/2024/,age_missing;project_na
IMO,2024,Ming Yang,,,Canada,,Silver,147,true,https://www.imo-official.org/results/individual/year/2024/,age_missing;project_na
IMO,2024,Ara Mahdessian,,,Cyprus,,Silver,147,true,https://www.imo-official.org/results/individual/year/2024/,age_missing;project_na
IMO,2024,Ervin Ivanov,,,Estonia,,Silver,147,true,https://www.imo-official.org/results/individual/year/2024/,age_missing;project_na
IMO,2024,Nektarios Rafail Berkoutakis,,,Greece,,Silver,147,true,https://www.imo-official.org/results/individual/year/2024/,age_missing;project_na
IMO,2024,Sebastian Chase,,,Hong Kong,,Silver,147,true,https://www.imo-official.org/results/individual/year/2024/,age_missing;project_na
IMO,2024,David Lang,,,Croatia,,Silver,147,true,https://www.imo-official.org/results/individual/year/2024/,age_missing;project_na
IMO,2024,Kristijan Šimović,,,Croatia,,Silver,147,true,https://www.imo-official.org/results/individual/year/2024/,age_missing;project_na
IMO,2024,Mátyás Bodor,,,Hungary,,Silver,147,true,https://www.imo-official.org/results/individual/year/2024/,age_missing;project_na
IMO,2024,Boldizsár Varga,,,Hungary,,Silver,147,true,https://www.imo-official.org/results/individual/year/2024/,age_missing;project_na
IMO,2024,Amirhossein Mohammadzadeh,,,Islamic Republic of Iran,,Silver,147,true,https://www.imo-official.org/results/individual/year/2024/,age_missing;project_na
IMO,2024,Raz Dvora,,,Israel,,Silver,147,true,https://www.imo-official.org/results/individual/year/2024/,age_missing;project_na
IMO,2024,Naohiro Miyahara,,,Japan,,Silver,147,true,https://www.imo-official.org/results/individual/year/2024/,age_missing;project_na
IMO,2024,Miron Yurkevich,,,Kazakhstan,,Silver,147,true,https://www.imo-official.org/results/individual/year/2024/,age_missing;project_na
IMO,2024,Isken Kenzhebaev,,,Kyrgyzstan,,Silver,147,true,https://www.imo-official.org/results/individual/year/2024/,age_missing;project_na
IMO,2024,Ivan Chan Guan Yu,,,Malaysia,,Silver,147,true,https://www.imo-official.org/results/individual/year/2024/,age_missing;project_na
IMO,2024,Héctor Juan Villarreal Corona,,,Mexico,,Silver,147,true,https://www.imo-official.org/results/individual/year/2024/,age_missing;project_na
IMO,2024,Boning Dai,,,New Zealand,,Silver,147,true,https://www.imo-official.org/results/individual/year/2024/,age_missing;project_na
IMO,2024,Chris Pan,,,New Zealand,,Silver,147,true,https://www.imo-official.org/results/individual/year/2024/,age_missing;project_na
IMO,2024,Jeremi Hyska,,,Poland,,Silver,147,true,https://www.imo-official.org/results/individual/year/2024/,age_missing;project_na
IMO,2024,Andrei-Giovani Chiriță,,,Romania,,Silver,147,true,https://www.imo-official.org/results/individual/year/2024/,age_missing;project_na
IMO,2024,Vlad-Titus Spătaru,,,Romania,,Silver,147,true,https://www.imo-official.org/results/individual/year/2024/,age_missing;project_na
IMO,2024,Ben Lucius Maree,,,South Africa,,Silver,147,true,https://www.imo-official.org/results/individual/year/2024/,age_missing;project_na
IMO,2024,Emil Sandberg,,,Sweden,,Silver,147,true,https://www.imo-official.org/results/individual/year/2024/,age_missing;project_na
IMO,2024,Maliksha Meylismyradov,,,Turkmenistan,,Silver,147,true,https://www.imo-official.org/results/individual/year/2024/,age_missing;project_na
IMO,2024,Mehmet Burak Gönül,,,Türkiye,,Silver,147,true,https://www.imo-official.org/results/individual/year/2024/,age_missing;project_na
IMO,2024,Ting-Wei Chang,,,Taiwan,,Silver,147,true,https://www.imo-official.org/results/individual/year/2024/,age_missing;project_na
IMO,2024,Maryna Spektrova,,,Ukraine,,Silver,147,true,https://www.imo-official.org/results/individual/year/2024/,age_missing;project_na
IMO,2024,Hayk Andriasyan,,,Armenia,,Bronze,182,true,https://www.imo-official.org/results/individual/year/2024/,age_missing;project_na
IMO,2024,Vahan Baghdasaryan,,,Armenia,,Bronze,182,true,https://www.imo-official.org/results/individual/year/2024/,age_missing;project_na
IMO,2024,Areg Mkrtchyan,,,Armenia,,Bronze,182,true,https://www.imo-official.org/results/individual/year/2024/,age_missing;project_na
IMO,2024,Maksim Manastyrski,,,Belarus,,Bronze,182,true,https://www.imo-official.org/results/individual/year/2024/,age_missing;project_na
IMO,2024,Matheus Alencar De Moraes,,,Brazil,,Bronze,182,true,https://www.imo-official.org/results/individual/year/2024/,age_missing;project_na
IMO,2024,Emily Ma,,,Canada,,Bronze,182,true,https://www.imo-official.org/results/individual/year/2024/,age_missing;project_na
IMO,2024,Theodor Boaz Pedersen,,,Denmark,,Bronze,182,true,https://www.imo-official.org/results/individual/year/2024/,age_missing;project_na
IMO,2024,Rati Ratiani,,,Georgia,,Bronze,182,true,https://www.imo-official.org/results/individual/year/2024/,age_missing;project_na
IMO,2024,Lars Krabbenhöft,,,Germany,,Bronze,182,true,https://www.imo-official.org/results/individual/year/2024/,age_missing;project_na
IMO,2024,Bernát Tarján,,,Hungary,,Bronze,182,true,https://www.imo-official.org/results/individual/year/2024/,age_missing;project_na
IMO,2024,Frederico Samuel Halim,,,Indonesia,,Bronze,182,true,https://www.imo-official.org/results/individual/year/2024/,age_missing;project_na
IMO,2024,Parsa Saberi,,,Islamic Republic of Iran,,Bronze,182,true,https://www.imo-official.org/results/individual/year/2024/,age_missing;project_na
IMO,2024,Edoardo Balistri,,,Italy,,Bronze,182,true,https://www.imo-official.org/results/individual/year/2024/,age_missing;project_na
IMO,2024,Ansis Gustavs Andersons,,,Latvia,,Bronze,182,true,https://www.imo-official.org/results/individual/year/2024/,age_missing;project_na
IMO,2024,Timur Degteari,,,Republic of Moldova,,Bronze,182,true,https://www.imo-official.org/results/individual/year/2024/,age_missing;project_na
IMO,2024,Leonid Todoroski,,,North Macedonia,,Bronze,182,true,https://www.imo-official.org/results/individual/year/2024/,age_missing;project_na
IMO,2024,Belgutei Bayar,,,Mongolia,,Bronze,182,true,https://www.imo-official.org/results/individual/year/2024/,age_missing;project_na
IMO,2024,Manlai Sonor,,,Mongolia,,Bronze,182,true,https://www.imo-official.org/results/individual/year/2024/,age_missing;project_na
IMO,2024,Nicholas McKinlay,,,New Zealand,,Bronze,182,true,https://www.imo-official.org/results/individual/year/2024/,age_missing;project_na
IMO,2024,Alvann Walter Paredes Dy,,,Philippines,,Bronze,182,true,https://www.imo-official.org/results/individual/year/2024/,age_missing;project_na
IMO,2024,Luke Sebastian Sy,,,Philippines,,Bronze,182,true,https://www.imo-official.org/results/individual/year/2024/,age_missing;project_na
IMO,2024,Michał Piotr Lipiec,,,Poland,,Bronze,182,true,https://www.imo-official.org/results/individual/year/2024/,age_missing;project_na
IMO,2024,Ellen Grant-Smith,,,South Africa,,Bronze,182,true,https://www.imo-official.org/results/individual/year/2024/,age_missing;project_na
IMO,2024,Yosuf Bakhit,,,Saudi Arabia,,Bronze,182,true,https://www.imo-official.org/results/individual/year/2024/,age_missing;project_na
IMO,2024,Mark Neumann,,,Switzerland,,Bronze,182,true,https://www.imo-official.org/results/individual/year/2024/,age_missing;project_na
IMO,2024,Olimdzhon Tukhtarov,,,Tajikistan,,Bronze,182,true,https://www.imo-official.org/results/individual/year/2024/,age_missing;project_na
IMO,2024,İrem Gülce Yazgan,,,Türkiye,,Bronze,182,true,https://www.imo-official.org/results/individual/year/2024/,age_missing;project_na
IMO,2024,Chi-An Chang,,,Taiwan,,Bronze,182,true,https://www.imo-official.org/results/individual/year/2024/,age_missing;project_na
IMO,2024,Meng-Che Hsu,,,Taiwan,,Bronze,182,true,https://www.imo-official.org/results/individual/year/2024/,age_missing;project_na
IMO,2024,Alisa Potomkina,,,Ukraine,,Bronze,182,true,https://www.imo-official.org/results/individual/year/2024/,age_missing;project_na
IMO,2024,Ozodbek Akhtamov,,,Uzbekistan,,Bronze,182,true,https://www.imo-official.org/results/individual/year/2024/,age_missing;project_na
IMO,2024,Rasulbek Gafforov,,,Uzbekistan,,Bronze,182,true,https://www.imo-official.org/results/individual/year/2024/,age_missing;project_na
IMO,2024,Dang Dung Nguyen,,,Vietnam,,Bronze,182,true,https://www.imo-official.org/results/individual/year/2024/,age_missing;project_na
IMO,2024,Tran Minh Duc Pham,,,Vietnam,,Bronze,182,true,https://www.imo-official.org/results/individual/year/2024/,age_missing;project_na
IMO,2024,Kamo Mirakyan,,,Armenia,,Bronze,216,true,https://www.imo-official.org/results/individual/year/2024/,age_missing;project_na
IMO,2024,Robin Antoine,,,Belgium,,Bronze,216,true,https://www.imo-official.org/results/individual/year/2024/,age_missing;project_na
IMO,2024,Monamy Zaman,,,Bangladesh,,Bronze,216,true,https://www.imo-official.org/results/individual/year/2024/,age_missing;project_na
IMO,2024,Vesselin Markovich,,,Bulgaria,,Bronze,216,true,https://www.imo-official.org/results/individual/year/2024/,age_missing;project_na
IMO,2024,Sebastian Aguilar Pineda,,,Costa Rica,,Bronze,216,true,https://www.imo-official.org/results/individual/year/2024/,age_missing;project_na
IMO,2024,Carlos Shum Apuy,,,Costa Rica,,Bronze,216,true,https://www.imo-official.org/results/individual/year/2024/,age_missing;project_na
IMO,2024,Kirill Tselovalnikov,,,Estonia,,Bronze,216,true,https://www.imo-official.org/results/individual/year/2024/,age_missing;project_na
IMO,2024,Zhan Dautov,,,Kazakhstan,,Bronze,216,true,https://www.imo-official.org/results/individual/year/2024/,age_missing;project_na
IMO,2024,Vladimir Rogovskiy,,,Kazakhstan,,Bronze,216,true,https://www.imo-official.org/results/individual/year/2024/,age_missing;project_na
IMO,2024,Tobias Kristiansen,,,Netherlands,,Bronze,216,true,https://www.imo-official.org/results/individual/year/2024/,age_missing;project_na
IMO,2024,Mohammad Hafez,,,Saudi Arabia,,Bronze,216,true,https://www.imo-official.org/results/individual/year/2024/,age_missing;project_na
IMO,2024,Matías Álvarez Oviedo,,,Argentina,,Bronze,227,true,https://www.imo-official.org/results/individual/year/2024/,age_missing;project_na
IMO,2024,Keny Carlosama,,,Ecuador,,Bronze,227,true,https://www.imo-official.org/results/individual/year/2024/,age_missing;project_na
IMO,2024,Maxim Dudik,,,Spain,,Bronze,227,true,https://www.imo-official.org/results/individual/year/2024/,age_missing;project_na
IMO,2024,Giorgi Kekenadze,,,Georgia,,Bronze,227,true,https://www.imo-official.org/results/individual/year/2024/,age_missing;project_na
IMO,2024,Christian Kraftsik,,,Germany,,Bronze,227,true,https://www.imo-official.org/results/individual/year/2024/,age_missing;project_na
IMO,2024,Adriāns Piliksers,,,Latvia,,Bronze,227,true,https://www.imo-official.org/results/individual/year/2024/,age_missing;project_na
IMO,2024,José Andrés Zamora Moncada,,,Mexico,,Bronze,227,true,https://www.imo-official.org/results/individual/year/2024/,age_missing;project_na
IMO,2024,Samuel Vargovčík,,,Slovakia,,Bronze,227,true,https://www.imo-official.org/results/individual/year/2024/,age_missing;project_na
IMO,2024,Erik Hedin,,,Sweden,,Bronze,227,true,https://www.imo-official.org/results/individual/year/2024/,age_missing;project_na
IMO,2024,Hamza Allaberdiyev,,,Turkmenistan,,Bronze,227,true,https://www.imo-official.org/results/individual/year/2024/,age_missing;project_na
IMO,2024,Mikaeel Shah,,,United Kingdom,,Bronze,227,true,https://www.imo-official.org/results/individual/year/2024/,age_missing;project_na
IMO,2024,Boris Gachevski,,,Bulgaria,,Bronze,238,true,https://www.imo-official.org/results/individual/year/2024/,age_missing;project_na
IMO,2024,Levi Magalhães Pereira Castello Branco,,,Brazil,,Bronze,238,true,https://www.imo-official.org/results/individual/year/2024/,age_missing;project_na
IMO,2024,Alberto Lobo-Guerrero,,,Colombia,,Bronze,238,true,https://www.imo-official.org/results/individual/year/2024/,age_missing;project_na
IMO,2024,Sokratis Iliadis,,,Greece,,Bronze,238,true,https://www.imo-official.org/results/individual/year/2024/,age_missing;project_na
IMO,2024,Ali Muqdad Mawlood Al-Ani,,,Iraq,,Bronze,238,true,https://www.imo-official.org/results/individual/year/2024/,age_missing;project_na
IMO,2024,Matilde Iannaccone,,,Italy,,Bronze,238,true,https://www.imo-official.org/results/individual/year/2024/,age_missing;project_na
IMO,2024,Kwong Weng Loh,,,Malaysia,,Bronze,238,true,https://www.imo-official.org/results/individual/year/2024/,age_missing;project_na
IMO,2024,Min Heng Tan,,,Malaysia,,Bronze,238,true,https://www.imo-official.org/results/individual/year/2024/,age_missing;project_na
IMO,2024,David Strømme Eikeland,,,Norway,,Bronze,238,true,https://www.imo-official.org/results/individual/year/2024/,age_missing;project_na
IMO,2024,Ivar Lee Fevang,,,Norway,,Bronze,238,true,https://www.imo-official.org/results/individual/year/2024/,age_missing;project_na
IMO,2024,Jose Rojas,,,Peru,,Bronze,238,true,https://www.imo-official.org/results/individual/year/2024/,age_missing;project_na
IMO,2024,Aida Mitroi,,,Romania,,Bronze,238,true,https://www.imo-official.org/results/individual/year/2024/,age_missing;project_na
IMO,2024,Mashrafdzhon Inomov,,,Tajikistan,,Bronze,238,true,https://www.imo-official.org/results/individual/year/2024/,age_missing;project_na
IMO,2024,Mohamed Yassine Chebil,,,Tunisia,,Bronze,238,true,https://www.imo-official.org/results/individual/year/2024/,age_missing;project_na
IMO,2024,Sirio Dafa,,,Albania,,Bronze,252,true,https://www.imo-official.org/results/individual/year/2024/,age_missing;project_na
IMO,2024,Emiliano Sosa,,,Argentina,,Bronze,252,true,https://www.imo-official.org/results/individual/year/2024/,age_missing;project_na
IMO,2024,Aghasi Darbinyan,,,Armenia,,Bronze,252,true,https://www.imo-official.org/results/individual/year/2024/,age_missing;project_na
IMO,2024,Cloris Xu,,,Australia,,Bronze,252,true,https://www.imo-official.org/results/individual/year/2024/,age_missing;project_na
IMO,2024,Sevinj Mahmudova,,,Azerbaijan,,Bronze,252,true,https://www.imo-official.org/results/individual/year/2024/,age_missing;project_na
IMO,2024,S M A Nahian,,,Bangladesh,,Bronze,252,true,https://www.imo-official.org/results/individual/year/2024/,age_missing;project_na
IMO,2024,Matsvei Areshchanka,,,Belarus,,Bronze,252,true,https://www.imo-official.org/results/individual/year/2024/,age_missing;project_na
IMO,2024,Luis André Villan Gabriel,,,Bolivia,,Bronze,252,true,https://www.imo-official.org/results/individual/year/2024/,age_missing;project_na
IMO,2024,Gabriel Santiago,,,Colombia,,Bronze,252,true,https://www.imo-official.org/results/individual/year/2024/,age_missing;project_na
IMO,2024,Zhongyi Li,,,Finland,,Bronze,252,true,https://www.imo-official.org/results/individual/year/2024/,age_missing;project_na
IMO,2024,Serge Bidallier,,,France,,Bronze,252,true,https://www.imo-official.org/results/individual/year/2024/,age_missing;project_na
IMO,2024,Leonard Kerem Kottisch,,,Germany,,Bronze,252,true,https://www.imo-official.org/results/individual/year/2024/,age_missing;project_na
IMO,2024,Ioannis Galamatis,,,Greece,,Bronze,252,true,https://www.imo-official.org/results/individual/year/2024/,age_missing;project_na
IMO,2024,Lincoln Liu,,,Hong Kong,,Bronze,252,true,https://www.imo-official.org/results/individual/year/2024/,age_missing;project_na
IMO,2024,Adrian Grbac Lacković,,,Croatia,,Bronze,252,true,https://www.imo-official.org/results/individual/year/2024/,age_missing;project_na
IMO,2024,Jurica Špoljar,,,Croatia,,Bronze,252,true,https://www.imo-official.org/results/individual/year/2024/,age_missing;project_na
IMO,2024,Ben Robinson,,,Indonesia,,Bronze,252,true,https://www.imo-official.org/results/individual/year/2024/,age_missing;project_na
IMO,2024,Ryusuke Iijima,,,Japan,,Bronze,252,true,https://www.imo-official.org/results/individual/year/2024/,age_missing;project_na
IMO,2024,Mateo Iván Latapi Acosta,,,Mexico,,Bronze,252,true,https://www.imo-official.org/results/individual/year/2024/,age_missing;project_na
IMO,2024,Nursoltan Khavalbolot,,,Mongolia,,Bronze,252,true,https://www.imo-official.org/results/individual/year/2024/,age_missing;project_na
IMO,2024,Bas Capel,,,Netherlands,,Bronze,252,true,https://www.imo-official.org/results/individual/year/2024/,age_missing;project_na
IMO,2024,Vebjørn Holm-Gjerde,,,Norway,,Bronze,252,true,https://www.imo-official.org/results/individual/year/2024/,age_missing;project_na
IMO,2024,Jazmin Chavarri,,,Peru,,Bronze,252,true,https://www.imo-official.org/results/individual/year/2024/,age_missing;project_na
IMO,2024,Moied Baleg,,,South Africa,,Bronze,252,true,https://www.imo-official.org/results/individual/year/2024/,age_missing;project_na
IMO,2024,Muath Alqahtani,,,Saudi Arabia,,Bronze,252,true,https://www.imo-official.org/results/individual/year/2024/,age_missing;project_na
IMO,2024,Luka Urbanc,,,Slovenia,,Bronze,252,true,https://www.imo-official.org/results/individual/year/2024/,age_missing;project_na
IMO,2024,John Hedin,,,Sweden,,Bronze,252,true,https://www.imo-official.org/results/individual/year/2024/,age_missing;project_na
IMO,2024,Aekkawin Wisitkiatchai,,,Thailand,,Bronze,252,true,https://www.imo-official.org/results/individual/year/2024/,age_missing;project_na
IMO,2024,Selim Doğan,,,Türkiye,,Bronze,252,true,https://www.imo-official.org/results/individual/year/2024/,age_missing;project_na
IMO,2024,Madina Suyunova,,,Uzbekistan,,Bronze,252,true,https://www.imo-official.org/results/individual/year/2024/,age_missing;project_na
IMO,2024,Van Hoang Nguyen,,,Vietnam,,Bronze,252,true,https://www.imo-official.org/results/individual/year/2024/,age_missing;project_na
IMO,2024,Ignacio Javier Naguil,,,Argentina,,Bronze,283,true,https://www.imo-official.org/results/individual/year/2024/,age_missing;project_na
IMO,2024,Iris Xu,,,Australia,,Bronze,283,true,https://www.imo-official.org/results/individual/year/2024/,age_missing;project_na
IMO,2024,Pierre Akin Dürrüoglu,,,Belgium,,Bronze,283,true,https://www.imo-official.org/results/individual/year/2024/,age_missing;project_na
IMO,2024,Naida Gavranović,,,Bosnia and Herzegovina,,Bronze,283,true,https://www.imo-official.org/results/individual/year/2024/,age_missing;project_na
IMO,2024,Adnan Osmić,,,Bosnia and Herzegovina,,Bronze,283,true,https://www.imo-official.org/results/individual/year/2024/,age_missing;project_na
IMO,2024,Filippos Athos Chatzichristofi,,,Cyprus,,Bronze,283,true,https://www.imo-official.org/results/individual/year/2024/,age_missing;project_na
IMO,2024,Pavel Hyánek,,,Czech Republic,,Bronze,283,true,https://www.imo-official.org/results/individual/year/2024/,age_missing;project_na
IMO,2024,Veronika Menšíková,,,Czech Republic,,Bronze,283,true,https://www.imo-official.org/results/individual/year/2024/,age_missing;project_na
IMO,2024,Maia Reffs Vistisen,,,Denmark,,Bronze,283,true,https://www.imo-official.org/results/individual/year/2024/,age_missing;project_na
IMO,2024,Javier Badesa Pérez,,,Spain,,Bronze,283,true,https://www.imo-official.org/results/individual/year/2024/,age_missing;project_na
IMO,2024,Mirza Shanidze,,,Georgia,,Bronze,283,true,https://www.imo-official.org/results/individual/year/2024/,age_missing;project_na
IMO,2024,Johannes Raitz von Frentz,,,Germany,,Bronze,283,true,https://www.imo-official.org/results/individual/year/2024/,age_missing;project_na
IMO,2024,Dionysios Petrakis,,,Greece,,Bronze,283,true,https://www.imo-official.org/results/individual/year/2024/,age_missing;project_na
IMO,2024,Raymond Christopher Tanto,,,Indonesia,,Bronze,283,true,https://www.imo-official.org/results/individual/year/2024/,age_missing;project_na
IMO,2024,Hatem Muqdad Mawlood Al-Ani,,,Iraq,,Bronze,283,true,https://www.imo-official.org/results/individual/year/2024/,age_missing;project_na
IMO,2024,Yotam Budnik,,,Israel,,Bronze,283,true,https://www.imo-official.org/results/individual/year/2024/,age_missing;project_na
IMO,2024,Hayim David Shamir,,,Israel,,Bronze,283,true,https://www.imo-official.org/results/individual/year/2024/,age_missing;project_na
IMO,2024,Batugahage Don Lasitha Vishwajith Jayasinghe,,,Sri Lanka,,Bronze,283,true,https://www.imo-official.org/results/individual/year/2024/,age_missing;project_na
IMO,2024,Thirukkumaran Theiventhiran,,,Sri Lanka,,Bronze,283,true,https://www.imo-official.org/results/individual/year/2024/,age_missing;project_na
IMO,2024,Rugilė Dzindzalietaitė,,,Lithuania,,Bronze,283,true,https://www.imo-official.org/results/individual/year/2024/,age_missing;project_na
IMO,2024,Augustas Kurlavičius,,,Lithuania,,Bronze,283,true,https://www.imo-official.org/results/individual/year/2024/,age_missing;project_na
IMO,2024,Khalid Khan,,,Luxembourg,,Bronze,283,true,https://www.imo-official.org/results/individual/year/2024/,age_missing;project_na
IMO,2024,Daryl Lee Ker Ru,,,Malaysia,,Bronze,283,true,https://www.imo-official.org/results/individual/year/2024/,age_missing;project_na
IMO,2024,Leia Mayssa Masyerin,,,Malaysia,,Bronze,283,true,https://www.imo-official.org/results/individual/year/2024/,age_missing;project_na
IMO,2024,Alin Popescu,,,Republic of Moldova,,Bronze,283,true,https://www.imo-official.org/results/individual/year/2024/,age_missing;project_na
IMO,2024,Aleksij Tasikj,,,North Macedonia,,Bronze,283,true,https://www.imo-official.org/results/individual/year/2024/,age_missing;project_na
IMO,2024,Isaac Dahir Rodríguez Gutiérrez,,,Nicaragua,,Bronze,283,true,https://www.imo-official.org/results/individual/year/2024/,age_missing;project_na
IMO,2024,Felix Hamoen,,,Netherlands,,Bronze,283,true,https://www.imo-official.org/results/individual/year/2024/,age_missing;project_na
IMO,2024,Naïm Hofstede,,,Netherlands,,Bronze,283,true,https://www.imo-official.org/results/individual/year/2024/,age_missing;project_na
IMO,2024,Dawn Chen,,,New Zealand,,Bronze,283,true,https://www.imo-official.org/results/individual/year/2024/,age_missing;project_na
IMO,2024,Haotian Wang,,,New Zealand,,Bronze,283,true,https://www.imo-official.org/results/individual/year/2024/,age_missing;project_na
IMO,2024,Muhammad Ahmad Bhatti,,,Pakistan,,Bronze,283,true,https://www.imo-official.org/results/individual/year/2024/,age_missing;project_na
IMO,2024,Jordan Juarez,,,Peru,,Bronze,283,true,https://www.imo-official.org/results/individual/year/2024/,age_missing;project_na
IMO,2024,Filbert Ephraim Wu,,,Philippines,,Bronze,283,true,https://www.imo-official.org/results/individual/year/2024/,age_missing;project_na
IMO,2024,Tomás Faria,,,Portugal,,Bronze,283,true,https://www.imo-official.org/results/individual/year/2024/,age_missing;project_na
IMO,2024,Ahmed Alshehri,,,Saudi Arabia,,Bronze,283,true,https://www.imo-official.org/results/individual/year/2024/,age_missing;project_na
IMO,2024,Strahinja Svrzić,,,Serbia,,Bronze,283,true,https://www.imo-official.org/results/individual/year/2024/,age_missing;project_na
IMO,2024,Martin Cigler,,,Slovakia,,Bronze,283,true,https://www.imo-official.org/results/individual/year/2024/,age_missing;project_na
IMO,2024,Eliška Macáková,,,Slovakia,,Bronze,283,true,https://www.imo-official.org/results/individual/year/2024/,age_missing;project_na
IMO,2024,Jiachen Mi,,,Sweden,,Bronze,283,true,https://www.imo-official.org/results/individual/year/2024/,age_missing;project_na
IMO,2024,Mahmoud Mohamad Asad,,,Syria,,Bronze,283,true,https://www.imo-official.org/results/individual/year/2024/,age_missing;project_na
IMO,2024,Selim Halykov,,,Turkmenistan,,Bronze,283,true,https://www.imo-official.org/results/individual/year/2024/,age_missing;project_na
IMO,2024,Oles Hordiichuk,,,Ukraine,,Bronze,283,true,https://www.imo-official.org/results/individual/year/2024/,age_missing;project_na
IMO,2024,Pavlo Protsenko,,,Ukraine,,Bronze,283,true,https://www.imo-official.org/results/individual/year/2024/,age_missing;project_na
IMO,2025,Ivan Chasovskikh,,,,,Gold,1,true,https://www.imo-official.org/results/individual/year/2025/,age_missing;project_na
IMO,2025,Warren Bei,,,Canada,,Gold,1,true,https://www.imo-official.org/results/individual/year/2025/,age_missing;project_na
IMO,2025,Leyan Deng,,,People's Republic of China,,Gold,1,true,https://www.imo-official.org/results/individual/year/2025/,age_missing;project_na
IMO,2025,Hengye Zhang,,,People's Republic of China,,Gold,1,true,https://www.imo-official.org/results/individual/year/2025/,age_missing;project_na
IMO,2025,Satoshi Kano,,,Japan,,Gold,1,true,https://www.imo-official.org/results/individual/year/2025/,age_missing;project_na
IMO,2025,Hongyi Tan,,,People's Republic of China,,Gold,6,true,https://www.imo-official.org/results/individual/year/2025/,age_missing;project_na
IMO,2025,Qiao Zhang,,,United States of America,,Gold,7,true,https://www.imo-official.org/results/individual/year/2025/,age_missing;project_na
IMO,2025,Trong Khai Vo,,,Vietnam,,Gold,8,true,https://www.imo-official.org/results/individual/year/2025/,age_missing;project_na
IMO,2025,Kanav Talwar,,,India,,Gold,9,true,https://www.imo-official.org/results/individual/year/2025/,age_missing;project_na
IMO,2025,Kyungjun Park,,,Republic of Korea,,Gold,9,true,https://www.imo-official.org/results/individual/year/2025/,age_missing;project_na
IMO,2025,Alexander Wang,,,United States of America,,Gold,9,true,https://www.imo-official.org/results/individual/year/2025/,age_missing;project_na
IMO,2025,Dmitry Grishko,,,,,Gold,12,true,https://www.imo-official.org/results/individual/year/2025/,age_missing;project_na
IMO,2025,Valentin Glatz,,,Austria,,Gold,12,true,https://www.imo-official.org/results/individual/year/2025/,age_missing;project_na
IMO,2025,Ming Yang,,,Canada,,Gold,12,true,https://www.imo-official.org/results/individual/year/2025/,age_missing;project_na
IMO,2025,Zhewen Deng,,,People's Republic of China,,Gold,12,true,https://www.imo-official.org/results/individual/year/2025/,age_missing;project_na
IMO,2025,Qiming Xu,,,People's Republic of China,,Gold,12,true,https://www.imo-official.org/results/individual/year/2025/,age_missing;project_na
IMO,2025,Yung Ho Kwan,,,Hong Kong,,Gold,12,true,https://www.imo-official.org/results/individual/year/2025/,age_missing;project_na
IMO,2025,Lincoln Liu,,,Hong Kong,,Gold,12,true,https://www.imo-official.org/results/individual/year/2025/,age_missing;project_na
IMO,2025,Eithan Grinzaid,,,Israel,,Gold,12,true,https://www.imo-official.org/results/individual/year/2025/,age_missing;project_na
IMO,2025,Lorenzo Degli Atti,,,Italy,,Gold,12,true,https://www.imo-official.org/results/individual/year/2025/,age_missing;project_na
IMO,2025,Wooju Ham,,,Republic of Korea,,Gold,12,true,https://www.imo-official.org/results/individual/year/2025/,age_missing;project_na
IMO,2025,Hyeonjun Lee,,,Republic of Korea,,Gold,12,true,https://www.imo-official.org/results/individual/year/2025/,age_missing;project_na
IMO,2025,Iveel Arvis,,,Mongolia,,Gold,12,true,https://www.imo-official.org/results/individual/year/2025/,age_missing;project_na
IMO,2025,Matej Bachniček,,,Slovakia,,Gold,12,true,https://www.imo-official.org/results/individual/year/2025/,age_missing;project_na
IMO,2025,Andrew Lin,,,United States of America,,Gold,12,true,https://www.imo-official.org/results/individual/year/2025/,age_missing;project_na
IMO,2025,Ruilin Wang,,,United States of America,,Gold,12,true,https://www.imo-official.org/results/individual/year/2025/,age_missing;project_na
IMO,2025,Vasilii Patrushev,,,,,Gold,27,true,https://www.imo-official.org/results/individual/year/2025/,age_missing;project_na
IMO,2025,Artem Sadykov,,,,,Gold,27,true,https://www.imo-official.org/results/individual/year/2025/,age_missing;project_na
IMO,2025,Ilya Zamotorin,,,,,Gold,27,true,https://www.imo-official.org/results/individual/year/2025/,age_missing;project_na
IMO,2025,William Cheah,,,Australia,,Gold,27,true,https://www.imo-official.org/results/individual/year/2025/,age_missing;project_na
IMO,2025,Jayden Pan,,,Australia,,Gold,27,true,https://www.imo-official.org/results/individual/year/2025/,age_missing;project_na
IMO,2025,Pierre Akin Dürrüoglu,,,Belgium,,Gold,27,true,https://www.imo-official.org/results/individual/year/2025/,age_missing;project_na
IMO,2025,Vuk Janković,,,Bosnia and Herzegovina,,Gold,27,true,https://www.imo-official.org/results/individual/year/2025/,age_missing;project_na
IMO,2025,Mikhail Raikhman,,,Belarus,,Gold,27,true,https://www.imo-official.org/results/individual/year/2025/,age_missing;project_na
IMO,2025,Zhenyu Dong,,,People's Republic of China,,Gold,27,true,https://www.imo-official.org/results/individual/year/2025/,age_missing;project_na
IMO,2025,Maxime Chevalier,,,France,,Gold,27,true,https://www.imo-official.org/results/individual/year/2025/,age_missing;project_na
IMO,2025,Mátyás Bodor,,,Hungary,,Gold,27,true,https://www.imo-official.org/results/individual/year/2025/,age_missing;project_na
IMO,2025,Ábel Szakács,,,Hungary,,Gold,27,true,https://www.imo-official.org/results/individual/year/2025/,age_missing;project_na
IMO,2025,Aarav Gupta,,,India,,Gold,27,true,https://www.imo-official.org/results/individual/year/2025/,age_missing;project_na
IMO,2025,Adhitya Mangudy Venkata Ganesh,,,India,,Gold,27,true,https://www.imo-official.org/results/individual/year/2025/,age_missing;project_na
IMO,2025,Mahdi Aghajanloo,,,Islamic Republic of Iran,,Gold,27,true,https://www.imo-official.org/results/individual/year/2025/,age_missing;project_na
IMO,2025,Bardiya Khosheghbal,,,Islamic Republic of Iran,,Gold,27,true,https://www.imo-official.org/results/individual/year/2025/,age_missing;project_na
IMO,2025,Shahar Blumentzvaig,,,Israel,,Gold,27,true,https://www.imo-official.org/results/individual/year/2025/,age_missing;project_na
IMO,2025,Yotam Budnik,,,Israel,,Gold,27,true,https://www.imo-official.org/results/individual/year/2025/,age_missing;project_na
IMO,2025,Raz Dvora,,,Israel,,Gold,27,true,https://www.imo-official.org/results/individual/year/2025/,age_missing;project_na
IMO,2025,Marcel Stologan,,,Italy,,Gold,27,true,https://www.imo-official.org/results/individual/year/2025/,age_missing;project_na
IMO,2025,Shinjiro Hamakawa,,,Japan,,Gold,27,true,https://www.imo-official.org/results/individual/year/2025/,age_missing;project_na
IMO,2025,Kazuki Yamamoto,,,Japan,,Gold,27,true,https://www.imo-official.org/results/individual/year/2025/,age_missing;project_na
IMO,2025,Hyewon Yoon,,,Republic of Korea,,Gold,27,true,https://www.imo-official.org/results/individual/year/2025/,age_missing;project_na
IMO,2025,Aleksij Tasikj,,,North Macedonia,,Gold,27,true,https://www.imo-official.org/results/individual/year/2025/,age_missing;project_na
IMO,2025,Renato Gaitan,,,Peru,,Gold,27,true,https://www.imo-official.org/results/individual/year/2025/,age_missing;project_na
IMO,2025,Sebastian Lozada,,,Peru,,Gold,27,true,https://www.imo-official.org/results/individual/year/2025/,age_missing;project_na
IMO,2025,Stanisław Lada,,,Poland,,Gold,27,true,https://www.imo-official.org/results/individual/year/2025/,age_missing;project_na
IMO,2025,Magdalena Pudełko,,,Poland,,Gold,27,true,https://www.imo-official.org/results/individual/year/2025/,age_missing;project_na
IMO,2025,Jakub Świcarz,,,Poland,,Gold,27,true,https://www.imo-official.org/results/individual/year/2025/,age_missing;project_na
IMO,2025,Pavel Ciurea,,,Romania,,Gold,27,true,https://www.imo-official.org/results/individual/year/2025/,age_missing;project_na
IMO,2025,Emanuel Mazăre,,,Romania,,Gold,27,true,https://www.imo-official.org/results/individual/year/2025/,age_missing;project_na
IMO,2025,Yi Xiang Tey,,,Singapore,,Gold,27,true,https://www.imo-official.org/results/individual/year/2025/,age_missing;project_na
IMO,2025,Yihan Yang,,,Singapore,,Gold,27,true,https://www.imo-official.org/results/individual/year/2025/,age_missing;project_na
IMO,2025,Yaoqi Zhao,,,Singapore,,Gold,27,true,https://www.imo-official.org/results/individual/year/2025/,age_missing;project_na
IMO,2025,Jovian Soejono,,,Switzerland,,Gold,27,true,https://www.imo-official.org/results/individual/year/2025/,age_missing;project_na
IMO,2025,Patanasang Pinijpichitkul,,,Thailand,,Gold,27,true,https://www.imo-official.org/results/individual/year/2025/,age_missing;project_na
IMO,2025,Selim Doğan,,,Türkiye,,Gold,27,true,https://www.imo-official.org/results/individual/year/2025/,age_missing;project_na
IMO,2025,Ahmet Kerem Kaya,,,Türkiye,,Gold,27,true,https://www.imo-official.org/results/individual/year/2025/,age_missing;project_na
IMO,2025,Tien-Hui Lee,,,Taiwan,,Gold,27,true,https://www.imo-official.org/results/individual/year/2025/,age_missing;project_na
IMO,2025,Pin-Chun Lu,,,Taiwan,,Gold,27,true,https://www.imo-official.org/results/individual/year/2025/,age_missing;project_na
IMO,2025,Oles Hordiichuk,,,Ukraine,,Gold,27,true,https://www.imo-official.org/results/individual/year/2025/,age_missing;project_na
IMO,2025,Alex Chui,,,United Kingdom,,Gold,27,true,https://www.imo-official.org/results/individual/year/2025/,age_missing;project_na
IMO,2025,Sam Griffiths,,,United Kingdom,,Gold,27,true,https://www.imo-official.org/results/individual/year/2025/,age_missing;project_na
IMO,2025,Teri Xu,,,United Kingdom,,Gold,27,true,https://www.imo-official.org/results/individual/year/2025/,age_missing;project_na
IMO,2025,Karn Chutinan,,,United States of America,,Gold,27,true,https://www.imo-official.org/results/individual/year/2025/,age_missing;project_na
IMO,2025,Minh Hoang Tran,,,Vietnam,,Gold,27,true,https://www.imo-official.org/results/individual/year/2025/,age_missing;project_na
IMO,2025,William Liu,,,Australia,,Silver,73,true,https://www.imo-official.org/results/individual/year/2025/,age_missing;project_na
IMO,2025,Angel Hristov,,,Bulgaria,,Silver,73,true,https://www.imo-official.org/results/individual/year/2025/,age_missing;project_na
IMO,2025,Mohammadreza Attaranzadeh,,,Islamic Republic of Iran,,Silver,73,true,https://www.imo-official.org/results/individual/year/2025/,age_missing;project_na
IMO,2025,Miron Yurkevich,,,Kazakhstan,,Silver,73,true,https://www.imo-official.org/results/individual/year/2025/,age_missing;project_na
IMO,2025,Juntao Zhang,,,Singapore,,Silver,73,true,https://www.imo-official.org/results/individual/year/2025/,age_missing;project_na
IMO,2025,Stefan Šebez,,,Serbia,,Silver,73,true,https://www.imo-official.org/results/individual/year/2025/,age_missing;project_na
IMO,2025,Elbek Zohidjonov,,,Uzbekistan,,Silver,73,true,https://www.imo-official.org/results/individual/year/2025/,age_missing;project_na
IMO,2025,Dang Dung Nguyen,,,Vietnam,,Silver,73,true,https://www.imo-official.org/results/individual/year/2025/,age_missing;project_na
IMO,2025,Ivan Kokarev,,,,,Silver,81,true,https://www.imo-official.org/results/individual/year/2025/,age_missing;project_na
IMO,2025,Ara Mahdessian,,,Cyprus,,Silver,81,true,https://www.imo-official.org/results/individual/year/2025/,age_missing;project_na
IMO,2025,Erik Ježek,,,Czech Republic,,Silver,81,true,https://www.imo-official.org/results/individual/year/2025/,age_missing;project_na
IMO,2025,David Lei,,,France,,Silver,81,true,https://www.imo-official.org/results/individual/year/2025/,age_missing;project_na
IMO,2025,Manlai Sonor,,,Mongolia,,Silver,81,true,https://www.imo-official.org/results/individual/year/2025/,age_missing;project_na
IMO,2025,Hamza Allaberdiyev,,,Turkmenistan,,Silver,81,true,https://www.imo-official.org/results/individual/year/2025/,age_missing;project_na
IMO,2025,Hannah Fox,,,United States of America,,Silver,81,true,https://www.imo-official.org/results/individual/year/2025/,age_missing;project_na
IMO,2025,Kyriakos Tsourekas,,,Greece,,Silver,88,true,https://www.imo-official.org/results/individual/year/2025/,age_missing;project_na
IMO,2025,Abel George Mathew,,,India,,Silver,88,true,https://www.imo-official.org/results/individual/year/2025/,age_missing;project_na
IMO,2025,Amirlan Amanzholov,,,Kazakhstan,,Silver,88,true,https://www.imo-official.org/results/individual/year/2025/,age_missing;project_na
IMO,2025,Tianci Yan,,,Ireland,,Silver,91,true,https://www.imo-official.org/results/individual/year/2025/,age_missing;project_na
IMO,2025,Anna Kazhamiakina,,,Italy,,Silver,91,true,https://www.imo-official.org/results/individual/year/2025/,age_missing;project_na
IMO,2025,Amir Sakhipov,,,Kazakhstan,,Silver,91,true,https://www.imo-official.org/results/individual/year/2025/,age_missing;project_na
IMO,2025,Margulan Sharel,,,Kazakhstan,,Silver,91,true,https://www.imo-official.org/results/individual/year/2025/,age_missing;project_na
IMO,2025,Hyunjun Jang,,,Republic of Korea,,Silver,91,true,https://www.imo-official.org/results/individual/year/2025/,age_missing;project_na
IMO,2025,Mateusz Wawrzyniak,,,Poland,,Silver,91,true,https://www.imo-official.org/results/individual/year/2025/,age_missing;project_na
IMO,2025,Tomás Faria,,,Portugal,,Silver,91,true,https://www.imo-official.org/results/individual/year/2025/,age_missing;project_na
IMO,2025,Dawn Sawangsap,,,Thailand,,Silver,91,true,https://www.imo-official.org/results/individual/year/2025/,age_missing;project_na
IMO,2025,Dinh Tung Nguyen,,,Vietnam,,Silver,91,true,https://www.imo-official.org/results/individual/year/2025/,age_missing;project_na
IMO,2025,Andrey Stefanov,,,Bulgaria,,Silver,100,true,https://www.imo-official.org/results/individual/year/2025/,age_missing;project_na
IMO,2025,Andrej Krčmar,,,Bosnia and Herzegovina,,Silver,100,true,https://www.imo-official.org/results/individual/year/2025/,age_missing;project_na
IMO,2025,Hleb Stsiapanychau,,,Belarus,,Silver,100,true,https://www.imo-official.org/results/individual/year/2025/,age_missing;project_na
IMO,2025,Marco Aurelio Nogueira D'emidio,,,Brazil,,Silver,100,true,https://www.imo-official.org/results/individual/year/2025/,age_missing;project_na
IMO,2025,Pablo Freire Fernández,,,Spain,,Silver,100,true,https://www.imo-official.org/results/individual/year/2025/,age_missing;project_na
IMO,2025,Bronislav Shatil,,,Estonia,,Silver,100,true,https://www.imo-official.org/results/individual/year/2025/,age_missing;project_na
IMO,2025,Kwan Yu Chan,,,Hong Kong,,Silver,100,true,https://www.imo-official.org/results/individual/year/2025/,age_missing;project_na
IMO,2025,Zi Jie Xu,,,Hong Kong,,Silver,100,true,https://www.imo-official.org/results/individual/year/2025/,age_missing;project_na
IMO,2025,Nadav Dan Tamari,,,Israel,,Silver,100,true,https://www.imo-official.org/results/individual/year/2025/,age_missing;project_na
IMO,2025,Naoto Wakasugi,,,Japan,,Silver,100,true,https://www.imo-official.org/results/individual/year/2025/,age_missing;project_na
IMO,2025,Damjan Davkov,,,North Macedonia,,Silver,100,true,https://www.imo-official.org/results/individual/year/2025/,age_missing;project_na
IMO,2025,Jerome Austin Te,,,Philippines,,Silver,100,true,https://www.imo-official.org/results/individual/year/2025/,age_missing;project_na
IMO,2025,Antoni Mazur,,,Poland,,Silver,100,true,https://www.imo-official.org/results/individual/year/2025/,age_missing;project_na
IMO,2025,Michał Piotr Wolny,,,Poland,,Silver,100,true,https://www.imo-official.org/results/individual/year/2025/,age_missing;project_na
IMO,2025,Andrei Vila,,,Romania,,Silver,100,true,https://www.imo-official.org/results/individual/year/2025/,age_missing;project_na
IMO,2025,Youkyum Kim,,,South Africa,,Silver,100,true,https://www.imo-official.org/results/individual/year/2025/,age_missing;project_na
IMO,2025,Andrej Ševera,,,Switzerland,,Silver,100,true,https://www.imo-official.org/results/individual/year/2025/,age_missing;project_na
IMO,2025,Mustafa Dortluoğlu,,,Türkiye,,Silver,100,true,https://www.imo-official.org/results/individual/year/2025/,age_missing;project_na
IMO,2025,Deniz Can Karaçelebi,,,Türkiye,,Silver,100,true,https://www.imo-official.org/results/individual/year/2025/,age_missing;project_na
IMO,2025,Emiliano Sosa,,,Argentina,,Silver,119,true,https://www.imo-official.org/results/individual/year/2025/,age_missing;project_na
IMO,2025,Vesselin Markovich,,,Bulgaria,,Silver,119,true,https://www.imo-official.org/results/individual/year/2025/,age_missing;project_na
IMO,2025,Benjamin Mujkić,,,Bosnia and Herzegovina,,Silver,119,true,https://www.imo-official.org/results/individual/year/2025/,age_missing;project_na
IMO,2025,Adnan Osmić,,,Bosnia and Herzegovina,,Silver,119,true,https://www.imo-official.org/results/individual/year/2025/,age_missing;project_na
IMO,2025,João Pedro Bandeira Lemos,,,Brazil,,Silver,119,true,https://www.imo-official.org/results/individual/year/2025/,age_missing;project_na
IMO,2025,Levi Magalhães Pereira Castello Branco,,,Brazil,,Silver,119,true,https://www.imo-official.org/results/individual/year/2025/,age_missing;project_na
IMO,2025,Antonio Laso González,,,Spain,,Silver,119,true,https://www.imo-official.org/results/individual/year/2025/,age_missing;project_na
IMO,2025,Philip Maximilian Trebst,,,Germany,,Silver,119,true,https://www.imo-official.org/results/individual/year/2025/,age_missing;project_na
IMO,2025,Nektarios-Rafail Berkoutakis,,,Greece,,Silver,119,true,https://www.imo-official.org/results/individual/year/2025/,age_missing;project_na
IMO,2025,Pál Czanik,,,Hungary,,Silver,119,true,https://www.imo-official.org/results/individual/year/2025/,age_missing;project_na
IMO,2025,Boldizsár Varga,,,Hungary,,Silver,119,true,https://www.imo-official.org/results/individual/year/2025/,age_missing;project_na
IMO,2025,Mohammad Sajjad Memari Abkooh,,,Islamic Republic of Iran,,Silver,119,true,https://www.imo-official.org/results/individual/year/2025/,age_missing;project_na
IMO,2025,Ian Bobrus,,,Kyrgyzstan,,Silver,119,true,https://www.imo-official.org/results/individual/year/2025/,age_missing;project_na
IMO,2025,Nazar Kirgizbaev,,,Kyrgyzstan,,Silver,119,true,https://www.imo-official.org/results/individual/year/2025/,age_missing;project_na
IMO,2025,Janson Ho,,,Malaysia,,Silver,119,true,https://www.imo-official.org/results/individual/year/2025/,age_missing;project_na
IMO,2025,Yi Shuen Yeoh,,,Malaysia,,Silver,119,true,https://www.imo-official.org/results/individual/year/2025/,age_missing;project_na
IMO,2025,Tenuunsaikhan Batlkhagva,,,Mongolia,,Silver,119,true,https://www.imo-official.org/results/individual/year/2025/,age_missing;project_na
IMO,2025,Belgutei Bayar,,,Mongolia,,Silver,119,true,https://www.imo-official.org/results/individual/year/2025/,age_missing;project_na
IMO,2025,Haotian Wang,,,New Zealand,,Silver,119,true,https://www.imo-official.org/results/individual/year/2025/,age_missing;project_na
IMO,2025,Leandro Alvarado,,,Peru,,Silver,119,true,https://www.imo-official.org/results/individual/year/2025/,age_missing;project_na
IMO,2025,David Ghibu,,,Romania,,Silver,119,true,https://www.imo-official.org/results/individual/year/2025/,age_missing;project_na
IMO,2025,David-Vlad Mărghidan,,,Romania,,Silver,119,true,https://www.imo-official.org/results/individual/year/2025/,age_missing;project_na
IMO,2025,Novak Despotović,,,Serbia,,Silver,119,true,https://www.imo-official.org/results/individual/year/2025/,age_missing;project_na
IMO,2025,Siraphop Khawplad,,,Thailand,,Silver,119,true,https://www.imo-official.org/results/individual/year/2025/,age_missing;project_na
IMO,2025,Mashrafdzhon Inomov,,,Tajikistan,,Silver,119,true,https://www.imo-official.org/results/individual/year/2025/,age_missing;project_na
IMO,2025,Ege Akgün,,,Türkiye,,Silver,119,true,https://www.imo-official.org/results/individual/year/2025/,age_missing;project_na
IMO,2025,Ting-Cheng Hsu,,,Taiwan,,Silver,119,true,https://www.imo-official.org/results/individual/year/2025/,age_missing;project_na
IMO,2025,Asadbek Bobokulov,,,Uzbekistan,,Silver,119,true,https://www.imo-official.org/results/individual/year/2025/,age_missing;project_na
IMO,2025,Rasulbek Gafforov,,,Uzbekistan,,Silver,119,true,https://www.imo-official.org/results/individual/year/2025/,age_missing;project_na
IMO,2025,Xiangyue Nan,,,Australia,,Silver,148,true,https://www.imo-official.org/results/individual/year/2025/,age_missing;project_na
IMO,2025,Jan Strehn,,,Austria,,Silver,148,true,https://www.imo-official.org/results/individual/year/2025/,age_missing;project_na
IMO,2025,Ryan Bai,,,Canada,,Silver,148,true,https://www.imo-official.org/results/individual/year/2025/,age_missing;project_na
IMO,2025,Leo Wu,,,Canada,,Silver,148,true,https://www.imo-official.org/results/individual/year/2025/,age_missing;project_na
IMO,2025,Solal Pivron-Djeddi,,,France,,Silver,148,true,https://www.imo-official.org/results/individual/year/2025/,age_missing;project_na
IMO,2025,David Benedikt Lindenthal,,,Germany,,Silver,148,true,https://www.imo-official.org/results/individual/year/2025/,age_missing;project_na
IMO,2025,Long Sze,,,Hong Kong,,Silver,148,true,https://www.imo-official.org/results/individual/year/2025/,age_missing;project_na
IMO,2025,Martin Holló,,,Hungary,,Silver,148,true,https://www.imo-official.org/results/individual/year/2025/,age_missing;project_na
IMO,2025,Aadish Jain,,,India,,Silver,148,true,https://www.imo-official.org/results/individual/year/2025/,age_missing;project_na
IMO,2025,Owen Barron,,,Ireland,,Silver,148,true,https://www.imo-official.org/results/individual/year/2025/,age_missing;project_na
IMO,2025,Amirhossein Zarei,,,Islamic Republic of Iran,,Silver,148,true,https://www.imo-official.org/results/individual/year/2025/,age_missing;project_na
IMO,2025,Loek Van Der Zijde,,,Italy,,Silver,148,true,https://www.imo-official.org/results/individual/year/2025/,age_missing;project_na
IMO,2025,Shogo Ando,,,Japan,,Silver,148,true,https://www.imo-official.org/results/individual/year/2025/,age_missing;project_na
IMO,2025,Hyungjune Cho,,,Republic of Korea,,Silver,148,true,https://www.imo-official.org/results/individual/year/2025/,age_missing;project_na
IMO,2025,Marius Cerlat,,,Republic of Moldova,,Silver,148,true,https://www.imo-official.org/results/individual/year/2025/,age_missing;project_na
IMO,2025,Emmanuel Buenrostro Briseño,,,Mexico,,Silver,148,true,https://www.imo-official.org/results/individual/year/2025/,age_missing;project_na
IMO,2025,Takumi Higashida Martínez,,,Mexico,,Silver,148,true,https://www.imo-official.org/results/individual/year/2025/,age_missing;project_na
IMO,2025,Jay Zhao,,,New Zealand,,Silver,148,true,https://www.imo-official.org/results/individual/year/2025/,age_missing;project_na
IMO,2025,Zixiang Gao,,,Singapore,,Silver,148,true,https://www.imo-official.org/results/individual/year/2025/,age_missing;project_na
IMO,2025,Hongjia Meng,,,Switzerland,,Silver,148,true,https://www.imo-official.org/results/individual/year/2025/,age_missing;project_na
IMO,2025,Jiachen Mi,,,Sweden,,Silver,148,true,https://www.imo-official.org/results/individual/year/2025/,age_missing;project_na
IMO,2025,Olimdzhon Tukhtarov,,,Tajikistan,,Silver,148,true,https://www.imo-official.org/results/individual/year/2025/,age_missing;project_na
IMO,2025,Maliksha Meylismyradov,,,Turkmenistan,,Silver,148,true,https://www.imo-official.org/results/individual/year/2025/,age_missing;project_na
IMO,2025,Bo Cheng Huang,,,Taiwan,,Silver,148,true,https://www.imo-official.org/results/individual/year/2025/,age_missing;project_na
IMO,2025,Oleksandr Horbunov,,,Ukraine,,Silver,148,true,https://www.imo-official.org/results/individual/year/2025/,age_missing;project_na
IMO,2025,Daniil Shvaiko,,,Ukraine,,Silver,148,true,https://www.imo-official.org/results/individual/year/2025/,age_missing;project_na
IMO,2025,Zijie Guan,,,United Kingdom,,Silver,148,true,https://www.imo-official.org/results/individual/year/2025/,age_missing;project_na
IMO,2025,Behruzbek Elmurodov,,,Uzbekistan,,Silver,148,true,https://www.imo-official.org/results/individual/year/2025/,age_missing;project_na
IMO,2025,Phan Duc Man Le,,,Vietnam,,Silver,148,true,https://www.imo-official.org/results/individual/year/2025/,age_missing;project_na
IMO,2025,Justin Tran,,,Australia,,Bronze,177,true,https://www.imo-official.org/results/individual/year/2025/,age_missing;project_na
IMO,2025,Petko Lazarov,,,Bulgaria,,Bronze,177,true,https://www.imo-official.org/results/individual/year/2025/,age_missing;project_na
IMO,2025,Vladyslav Husynin,,,Germany,,Bronze,177,true,https://www.imo-official.org/results/individual/year/2025/,age_missing;project_na
IMO,2025,Janssen Edyth Lim,,,Indonesia,,Bronze,177,true,https://www.imo-official.org/results/individual/year/2025/,age_missing;project_na
IMO,2025,Kiryl Krutsko,,,Lithuania,,Bronze,177,true,https://www.imo-official.org/results/individual/year/2025/,age_missing;project_na
IMO,2025,Héctor Juan Villarreal Corona,,,Mexico,,Bronze,177,true,https://www.imo-official.org/results/individual/year/2025/,age_missing;project_na
IMO,2025,Ray Shi,,,New Zealand,,Bronze,177,true,https://www.imo-official.org/results/individual/year/2025/,age_missing;project_na
IMO,2025,Napon Apintanaphong,,,Thailand,,Bronze,177,true,https://www.imo-official.org/results/individual/year/2025/,age_missing;project_na
IMO,2025,Ahmet Kerim Rüzgar,,,Türkiye,,Bronze,177,true,https://www.imo-official.org/results/individual/year/2025/,age_missing;project_na
IMO,2025,Volodymyr Zabigailo,,,Ukraine,,Bronze,177,true,https://www.imo-official.org/results/individual/year/2025/,age_missing;project_na
IMO,2025,Stefaniya Shuturminskaya,,,Belarus,,Bronze,187,true,https://www.imo-official.org/results/individual/year/2025/,age_missing;project_na
IMO,2025,Luis André Villan Gabriel,,,Bolivia,,Bronze,187,true,https://www.imo-official.org/results/individual/year/2025/,age_missing;project_na
IMO,2025,Felipe Caicedo,,,Colombia,,Bronze,187,true,https://www.imo-official.org/results/individual/year/2025/,age_missing;project_na
IMO,2025,Jakub Trčka,,,Czech Republic,,Bronze,187,true,https://www.imo-official.org/results/individual/year/2025/,age_missing;project_na
IMO,2025,Clemens Böke,,,Germany,,Bronze,187,true,https://www.imo-official.org/results/individual/year/2025/,age_missing;project_na
IMO,2025,Sokratis Iliadis,,,Greece,,Bronze,187,true,https://www.imo-official.org/results/individual/year/2025/,age_missing;project_na
IMO,2025,Archit Manas,,,India,,Bronze,187,true,https://www.imo-official.org/results/individual/year/2025/,age_missing;project_na
IMO,2025,Kohta Iseto,,,Japan,,Bronze,187,true,https://www.imo-official.org/results/individual/year/2025/,age_missing;project_na
IMO,2025,Leonhard Hasler,,,Liechtenstein,,Bronze,187,true,https://www.imo-official.org/results/individual/year/2025/,age_missing;project_na
IMO,2025,Armands Tidriķis,,,Latvia,,Bronze,187,true,https://www.imo-official.org/results/individual/year/2025/,age_missing;project_na
IMO,2025,Yacine Gmouh,,,Morocco,,Bronze,187,true,https://www.imo-official.org/results/individual/year/2025/,age_missing;project_na
IMO,2025,Daryl Lee Ker Ru,,,Malaysia,,Bronze,187,true,https://www.imo-official.org/results/individual/year/2025/,age_missing;project_na
IMO,2025,Khuslen Davaadorj,,,Mongolia,,Bronze,187,true,https://www.imo-official.org/results/individual/year/2025/,age_missing;project_na
IMO,2025,Tomás Prata Vidal,,,Portugal,,Bronze,187,true,https://www.imo-official.org/results/individual/year/2025/,age_missing;project_na
IMO,2025,Moied Baleg,,,South Africa,,Bronze,187,true,https://www.imo-official.org/results/individual/year/2025/,age_missing;project_na
IMO,2025,Yosuf Bakheet,,,Saudi Arabia,,Bronze,187,true,https://www.imo-official.org/results/individual/year/2025/,age_missing;project_na
IMO,2025,George Nikolov,,,Bulgaria,,Bronze,203,true,https://www.imo-official.org/results/individual/year/2025/,age_missing;project_na
IMO,2025,Vasili Dzianisau,,,Belarus,,Bronze,203,true,https://www.imo-official.org/results/individual/year/2025/,age_missing;project_na
IMO,2025,Fernando González Vivanco,,,Spain,,Bronze,203,true,https://www.imo-official.org/results/individual/year/2025/,age_missing;project_na
IMO,2025,Philipp Johannes Lörcks,,,Germany,,Bronze,203,true,https://www.imo-official.org/results/individual/year/2025/,age_missing;project_na
IMO,2025,Vitalii Halushko,,,Ireland,,Bronze,203,true,https://www.imo-official.org/results/individual/year/2025/,age_missing;project_na
IMO,2025,Luca Giovanni Giorgio Cavallo Perin,,,Italy,,Bronze,203,true,https://www.imo-official.org/results/individual/year/2025/,age_missing;project_na
IMO,2025,Yerkanat Kengshilik,,,Kazakhstan,,Bronze,203,true,https://www.imo-official.org/results/individual/year/2025/,age_missing;project_na
IMO,2025,Casper Heimel,,,Netherlands,,Bronze,203,true,https://www.imo-official.org/results/individual/year/2025/,age_missing;project_na
IMO,2025,Žiga Oštir,,,Slovenia,,Bronze,203,true,https://www.imo-official.org/results/individual/year/2025/,age_missing;project_na
IMO,2025,Chia-Ray Lee,,,Taiwan,,Bronze,203,true,https://www.imo-official.org/results/individual/year/2025/,age_missing;project_na
IMO,2025,Stepan Semyrenskyi,,,Ukraine,,Bronze,203,true,https://www.imo-official.org/results/individual/year/2025/,age_missing;project_na
IMO,2025,Stefan Andrian Albescu,,,Belgium,,Bronze,214,true,https://www.imo-official.org/results/individual/year/2025/,age_missing;project_na
IMO,2025,Jitendra Barua,,,Bangladesh,,Bronze,214,true,https://www.imo-official.org/results/individual/year/2025/,age_missing;project_na
IMO,2025,Harun Memić,,,Bosnia and Herzegovina,,Bronze,214,true,https://www.imo-official.org/results/individual/year/2025/,age_missing;project_na
IMO,2025,Maksim Manastyrski,,,Belarus,,Bronze,214,true,https://www.imo-official.org/results/individual/year/2025/,age_missing;project_na
IMO,2025,Tsz Sing Chong,,,Hong Kong,,Bronze,214,true,https://www.imo-official.org/results/individual/year/2025/,age_missing;project_na
IMO,2025,István Ádám Molnár,,,Hungary,,Bronze,214,true,https://www.imo-official.org/results/individual/year/2025/,age_missing;project_na
IMO,2025,Raymond Christopher Tanto,,,Indonesia,,Bronze,214,true,https://www.imo-official.org/results/individual/year/2025/,age_missing;project_na
IMO,2025,Hamza Achak,,,Morocco,,Bronze,214,true,https://www.imo-official.org/results/individual/year/2025/,age_missing;project_na
IMO,2025,Jia Herng Chuah,,,Malaysia,,Bronze,214,true,https://www.imo-official.org/results/individual/year/2025/,age_missing;project_na
IMO,2025,Mateo Iván Latapi Acosta,,,Mexico,,Bronze,214,true,https://www.imo-official.org/results/individual/year/2025/,age_missing;project_na
IMO,2025,Iker Torres Terrazas,,,Mexico,,Bronze,214,true,https://www.imo-official.org/results/individual/year/2025/,age_missing;project_na
IMO,2025,Edward Xiao,,,New Zealand,,Bronze,214,true,https://www.imo-official.org/results/individual/year/2025/,age_missing;project_na
IMO,2025,Abdulsalam Alsulami,,,Saudi Arabia,,Bronze,214,true,https://www.imo-official.org/results/individual/year/2025/,age_missing;project_na
IMO,2025,Akash Thiagarajan,,,Singapore,,Bronze,214,true,https://www.imo-official.org/results/individual/year/2025/,age_missing;project_na
IMO,2025,Kiattipoom Sicharoen,,,Thailand,,Bronze,214,true,https://www.imo-official.org/results/individual/year/2025/,age_missing;project_na
IMO,2025,Mohamed Ikbal Tebib,,,Algeria,,Bronze,229,true,https://www.imo-official.org/results/individual/year/2025/,age_missing;project_na
IMO,2025,Sargis Arakelyan,,,Armenia,,Bronze,229,true,https://www.imo-official.org/results/individual/year/2025/,age_missing;project_na
IMO,2025,Vinícius Pimentel Nunes Portella De Macêdo,,,Brazil,,Bronze,229,true,https://www.imo-official.org/results/individual/year/2025/,age_missing;project_na
IMO,2025,João Victor Silva Dos Santos,,,Brazil,,Bronze,229,true,https://www.imo-official.org/results/individual/year/2025/,age_missing;project_na
IMO,2025,Philippos Rouvas,,,Cyprus,,Bronze,229,true,https://www.imo-official.org/results/individual/year/2025/,age_missing;project_na
IMO,2025,Ohto Katila,,,Finland,,Bronze,229,true,https://www.imo-official.org/results/individual/year/2025/,age_missing;project_na
IMO,2025,Ariel Doron,,,Israel,,Bronze,229,true,https://www.imo-official.org/results/individual/year/2025/,age_missing;project_na
IMO,2025,Ivar Lee Fevang,,,Norway,,Bronze,229,true,https://www.imo-official.org/results/individual/year/2025/,age_missing;project_na
IMO,2025,Josue Bautista,,,Peru,,Bronze,229,true,https://www.imo-official.org/results/individual/year/2025/,age_missing;project_na
IMO,2025,Radu-Ionuț Stoleriu,,,Romania,,Bronze,229,true,https://www.imo-official.org/results/individual/year/2025/,age_missing;project_na
IMO,2025,Yian Xu,,,South Africa,,Bronze,229,true,https://www.imo-official.org/results/individual/year/2025/,age_missing;project_na
IMO,2025,Petar Banović,,,Serbia,,Bronze,229,true,https://www.imo-official.org/results/individual/year/2025/,age_missing;project_na
IMO,2025,Ruiming Zhang,,,Sweden,,Bronze,229,true,https://www.imo-official.org/results/individual/year/2025/,age_missing;project_na
IMO,2025,Aanya Goyal,,,United Kingdom,,Bronze,229,true,https://www.imo-official.org/results/individual/year/2025/,age_missing;project_na
IMO,2025,William Shi,,,Austria,,Bronze,243,true,https://www.imo-official.org/results/individual/year/2025/,age_missing;project_na
IMO,2025,André Tremetsberger,,,Austria,,Bronze,243,true,https://www.imo-official.org/results/individual/year/2025/,age_missing;project_na
IMO,2025,Jawad Hameem Chowdhury,,,Bangladesh,,Bronze,243,true,https://www.imo-official.org/results/individual/year/2025/,age_missing;project_na
IMO,2025,Stefan Maletić,,,Bosnia and Herzegovina,,Bronze,243,true,https://www.imo-official.org/results/individual/year/2025/,age_missing;project_na
IMO,2025,Ivan Dukatš,,,Estonia,,Bronze,243,true,https://www.imo-official.org/results/individual/year/2025/,age_missing;project_na
IMO,2025,Ruirong Li,,,France,,Bronze,243,true,https://www.imo-official.org/results/individual/year/2025/,age_missing;project_na
IMO,2025,Ivane Kobaidze,,,Georgia,,Bronze,243,true,https://www.imo-official.org/results/individual/year/2025/,age_missing;project_na
IMO,2025,David Averbah,,,Germany,,Bronze,243,true,https://www.imo-official.org/results/individual/year/2025/,age_missing;project_na
IMO,2025,Lazaros Karageorgiou,,,Greece,,Bronze,243,true,https://www.imo-official.org/results/individual/year/2025/,age_missing;project_na
IMO,2025,Andreas Kavallaris,,,Greece,,Bronze,243,true,https://www.imo-official.org/results/individual/year/2025/,age_missing;project_na
IMO,2025,Emanuel Bajamić,,,Croatia,,Bronze,243,true,https://www.imo-official.org/results/individual/year/2025/,age_missing;project_na
IMO,2025,Jesreel Hasiholan Sigalingging,,,Indonesia,,Bronze,243,true,https://www.imo-official.org/results/individual/year/2025/,age_missing;project_na
IMO,2025,Parsia Tajallaie,,,Islamic Republic of Iran,,Bronze,243,true,https://www.imo-official.org/results/individual/year/2025/,age_missing;project_na
IMO,2025,Yerassyl Altynbek,,,Kazakhstan,,Bronze,243,true,https://www.imo-official.org/results/individual/year/2025/,age_missing;project_na
IMO,2025,Pijus Piekus,,,Lithuania,,Bronze,243,true,https://www.imo-official.org/results/individual/year/2025/,age_missing;project_na
IMO,2025,Matas Povilaitis,,,Lithuania,,Bronze,243,true,https://www.imo-official.org/results/individual/year/2025/,age_missing;project_na
IMO,2025,Khalid Khan,,,Luxembourg,,Bronze,243,true,https://www.imo-official.org/results/individual/year/2025/,age_missing;project_na
IMO,2025,Alin Popescu,,,Republic of Moldova,,Bronze,243,true,https://www.imo-official.org/results/individual/year/2025/,age_missing;project_na
IMO,2025,Javier Caram Quirós,,,Mexico,,Bronze,243,true,https://www.imo-official.org/results/individual/year/2025/,age_missing;project_na
IMO,2025,Ervin Joshua Bautista,,,Philippines,,Bronze,243,true,https://www.imo-official.org/results/individual/year/2025/,age_missing;project_na
IMO,2025,Eli Max Williams,,,South Africa,,Bronze,243,true,https://www.imo-official.org/results/individual/year/2025/,age_missing;project_na
IMO,2025,Eric Lüscher,,,Switzerland,,Bronze,243,true,https://www.imo-official.org/results/individual/year/2025/,age_missing;project_na
IMO,2025,Francesc Oro,,,Switzerland,,Bronze,243,true,https://www.imo-official.org/results/individual/year/2025/,age_missing;project_na
IMO,2025,Richard Dudek,,,Slovakia,,Bronze,243,true,https://www.imo-official.org/results/individual/year/2025/,age_missing;project_na
IMO,2025,Jacob Brzezinski Ädelroth,,,Sweden,,Bronze,243,true,https://www.imo-official.org/results/individual/year/2025/,age_missing;project_na
IMO,2025,Myroslav Liubymyi,,,Ukraine,,Bronze,243,true,https://www.imo-official.org/results/individual/year/2025/,age_missing;project_na
IMO,2025,Adavya Goyal,,,United Kingdom,,Bronze,243,true,https://www.imo-official.org/results/individual/year/2025/,age_missing;project_na
IMO,2025,Ozodbek Akhtamov,,,Uzbekistan,,Bronze,243,true,https://www.imo-official.org/results/individual/year/2025/,age_missing;project_na
IMO,2025,Thanh Xuan Truong,,,Vietnam,,Bronze,243,true,https://www.imo-official.org/results/individual/year/2025/,age_missing;project_na
IMO,2025,Aleks Grigoryan,,,Armenia,,Bronze,272,true,https://www.imo-official.org/results/individual/year/2025/,age_missing;project_na
IMO,2025,Tahsin Khan,,,Bangladesh,,Bronze,272,true,https://www.imo-official.org/results/individual/year/2025/,age_missing;project_na
IMO,2025,Ilia Vassilev,,,Bulgaria,,Bronze,272,true,https://www.imo-official.org/results/individual/year/2025/,age_missing;project_na
IMO,2025,Dzianis Vistunou,,,Belarus,,Bronze,272,true,https://www.imo-official.org/results/individual/year/2025/,age_missing;project_na
IMO,2025,Tiger Li,,,Canada,,Bronze,272,true,https://www.imo-official.org/results/individual/year/2025/,age_missing;project_na
IMO,2025,David Hromádka,,,Czech Republic,,Bronze,272,true,https://www.imo-official.org/results/individual/year/2025/,age_missing;project_na
IMO,2025,Pavel Hyánek,,,Czech Republic,,Bronze,272,true,https://www.imo-official.org/results/individual/year/2025/,age_missing;project_na
IMO,2025,Nursultan Eshperov,,,Kyrgyzstan,,Bronze,272,true,https://www.imo-official.org/results/individual/year/2025/,age_missing;project_na
IMO,2025,Nurdoolot Kaparov,,,Kyrgyzstan,,Bronze,272,true,https://www.imo-official.org/results/individual/year/2025/,age_missing;project_na
IMO,2025,Arlan Sayat,,,Kyrgyzstan,,Bronze,272,true,https://www.imo-official.org/results/individual/year/2025/,age_missing;project_na
IMO,2025,Rugilė Dzindzalietaitė,,,Lithuania,,Bronze,272,true,https://www.imo-official.org/results/individual/year/2025/,age_missing;project_na
IMO,2025,Ivan Chan Guan Yu,,,Malaysia,,Bronze,272,true,https://www.imo-official.org/results/individual/year/2025/,age_missing;project_na
IMO,2025,Tuvshindalai Boldbaatar,,,Mongolia,,Bronze,272,true,https://www.imo-official.org/results/individual/year/2025/,age_missing;project_na
IMO,2025,Samir Ochoa,,,Peru,,Bronze,272,true,https://www.imo-official.org/results/individual/year/2025/,age_missing;project_na
IMO,2025,Lucia Chladná,,,Slovakia,,Bronze,272,true,https://www.imo-official.org/results/individual/year/2025/,age_missing;project_na
IMO,2025,Rudolf Kusý,,,Slovakia,,Bronze,272,true,https://www.imo-official.org/results/individual/year/2025/,age_missing;project_na
IMO,2025,Patricia Király,,,Slovenia,,Bronze,272,true,https://www.imo-official.org/results/individual/year/2025/,age_missing;project_na
IMO,2025,Mohamad Mouzahem,,,Syria,,Bronze,272,true,https://www.imo-official.org/results/individual/year/2025/,age_missing;project_na
IMO,2025,Maksat Babageldiyev,,,Turkmenistan,,Bronze,272,true,https://www.imo-official.org/results/individual/year/2025/,age_missing;project_na
IMO,2025,Zihui Zhang,,,Australia,,Bronze,291,true,https://www.imo-official.org/results/individual/year/2025/,age_missing;project_na
IMO,2025,Marcel Gamez Salvo,,,Cuba,,Bronze,291,true,https://www.imo-official.org/results/individual/year/2025/,age_missing;project_na
IMO,2025,Ervin Ivanov,,,Estonia,,Bronze,291,true,https://www.imo-official.org/results/individual/year/2025/,age_missing;project_na
IMO,2025,Hadrien Faucheu,,,France,,Bronze,291,true,https://www.imo-official.org/results/individual/year/2025/,age_missing;project_na
IMO,2025,Louis Wilson Gunawan,,,Indonesia,,Bronze,291,true,https://www.imo-official.org/results/individual/year/2025/,age_missing;project_na
IMO,2025,Ali Muqdad Mawlood Al-Ani,,,Iraq,,Bronze,291,true,https://www.imo-official.org/results/individual/year/2025/,age_missing;project_na
IMO,2025,Batugahage Don Lasitha Vishwajith Jayasinghe,,,Sri Lanka,,Bronze,291,true,https://www.imo-official.org/results/individual/year/2025/,age_missing;project_na
IMO,2025,Roel Alkemade,,,Netherlands,,Bronze,291,true,https://www.imo-official.org/results/individual/year/2025/,age_missing;project_na
IMO,2025,Shreyash Sharma Bastola,,,Nepal,,Bronze,291,true,https://www.imo-official.org/results/individual/year/2025/,age_missing;project_na
IMO,2025,Miguel Sousa Domingos,,,Portugal,,Bronze,291,true,https://www.imo-official.org/results/individual/year/2025/,age_missing;project_na
IMO,2025,Jakub Krivošík,,,Slovakia,,Bronze,291,true,https://www.imo-official.org/results/individual/year/2025/,age_missing;project_na
IMO,2025,Kasper Johansson,,,Sweden,,Bronze,291,true,https://www.imo-official.org/results/individual/year/2025/,age_missing;project_na
IMO,2025,Marius Gjika,,,Albania,,Bronze,303,true,https://www.imo-official.org/results/individual/year/2025/,age_missing;project_na
IMO,2025,Kian Abolghasemi,,,Algeria,,Bronze,303,true,https://www.imo-official.org/results/individual/year/2025/,age_missing;project_na
IMO,2025,Abdelillah Hamadi,,,Algeria,,Bronze,303,true,https://www.imo-official.org/results/individual/year/2025/,age_missing;project_na
IMO,2025,Tsovak Yegoryan,,,Armenia,,Bronze,303,true,https://www.imo-official.org/results/individual/year/2025/,age_missing;project_na
IMO,2025,Mihail Grecu,,,Austria,,Bronze,303,true,https://www.imo-official.org/results/individual/year/2025/,age_missing;project_na
IMO,2025,Diego Alonso Domínguez,,,Spain,,Bronze,303,true,https://www.imo-official.org/results/individual/year/2025/,age_missing;project_na
IMO,2025,Irakli Sherozia,,,Georgia,,Bronze,303,true,https://www.imo-official.org/results/individual/year/2025/,age_missing;project_na
IMO,2025,Marius Stologan,,,Italy,,Bronze,303,true,https://www.imo-official.org/results/individual/year/2025/,age_missing;project_na
IMO,2025,Adomas Juodis,,,Lithuania,,Bronze,303,true,https://www.imo-official.org/results/individual/year/2025/,age_missing;project_na
IMO,2025,Josiah 't Hart,,,Netherlands,,Bronze,303,true,https://www.imo-official.org/results/individual/year/2025/,age_missing;project_na
IMO,2025,Naïm Hofstede,,,Netherlands,,Bronze,303,true,https://www.imo-official.org/results/individual/year/2025/,age_missing;project_na
IMO,2025,Tobias Kristiansen,,,Netherlands,,Bronze,303,true,https://www.imo-official.org/results/individual/year/2025/,age_missing;project_na
IMO,2025,Rex Chu,,,New Zealand,,Bronze,303,true,https://www.imo-official.org/results/individual/year/2025/,age_missing;project_na
IMO,2025,Pocoyo Pun,,,South Africa,,Bronze,303,true,https://www.imo-official.org/results/individual/year/2025/,age_missing;project_na
IMO,2025,Muath Alqahtani,,,Saudi Arabia,,Bronze,303,true,https://www.imo-official.org/results/individual/year/2025/,age_missing;project_na
IMO,2025,Vladimir Branković,,,Serbia,,Bronze,303,true,https://www.imo-official.org/results/individual/year/2025/,age_missing;project_na
IMO,2025,Mulham Ajam,,,Syria,,Bronze,303,true,https://www.imo-official.org/results/individual/year/2025/,age_missing;project_na
IMO,2025,Tawfik Alchekh Houd,,,Syria,,Bronze,303,true,https://www.imo-official.org/results/individual/year/2025/,age_missing;project_na
IMO,2025,Shafik Bara,,,Syria,,Bronze,303,true,https://www.imo-official.org/results/individual/year/2025/,age_missing;project_na
IPhO,2022,Guowei Xu,,,CHN,,Gold,1,true,https://ipho-unofficial.org/search/estudiantes.csv,age_missing;project_na
IPhO,2022,Mingxuan Yang,,,CHN,,Gold,2,true,https://ipho-unofficial.org/search/estudiantes.csv,age_missing;project_na
IPhO,2022,Zirui Liu,,,CHN,,Gold,3,true,https://ipho-unofficial.org/search/estudiantes.csv,age_missing;project_na
IPhO,2022,Qiancheng Li,,,CHN,,Gold,4,true,https://ipho-unofficial.org/search/estudiantes.csv,age_missing;project_na
IPhO,2022,Yuqi Ren,,,CHN,,Gold,5,true,https://ipho-unofficial.org/search/estudiantes.csv,age_missing;project_na
IPhO,2022,Rishab Parthasarathy,,,USA,,Gold,6,true,https://ipho-unofficial.org/search/estudiantes.csv,age_missing;project_na
IPhO,2022,Vlad-Ștefan Oros,,,ROU,,Gold,7,true,https://ipho-unofficial.org/search/estudiantes.csv,age_missing;project_na
IPhO,2022,Vadim Erin,,,RUS,,Gold,8,true,https://ipho-unofficial.org/search/estudiantes.csv,age_missing;project_na
IPhO,2022,Youngin Cho,,,KOR,,Gold,9,true,https://ipho-unofficial.org/search/estudiantes.csv,age_missing;project_na
IPhO,2022,Maksim Permiakov,,,RUS,,Gold,10,true,https://ipho-unofficial.org/search/estudiantes.csv,age_missing;project_na
IPhO,2022,Lin Yi-Ting,,,TWN,,Gold,11,true,https://ipho-unofficial.org/search/estudiantes.csv,age_missing;project_na
IPhO,2022,Jihoo Lee,,,KOR,,Gold,12,true,https://ipho-unofficial.org/search/estudiantes.csv,age_missing;project_na
IPhO,2022,Wei-Chen Lin,,,TWN,,Gold,13,true,https://ipho-unofficial.org/search/estudiantes.csv,age_missing;project_na
IPhO,2022,Seunghyeon Lee,,,KOR,,Gold,13,true,https://ipho-unofficial.org/search/estudiantes.csv,age_missing;project_na
IPhO,2022,Mehul Agarwal,,,UAE,,Gold,15,true,https://ipho-unofficial.org/search/estudiantes.csv,age_missing;project_na
IPhO,2022,Finnley Paolella,,,GER,,Gold,16,true,https://ipho-unofficial.org/search/estudiantes.csv,age_missing;project_na
IPhO,2022,Théo Lequy,,,GER,,Gold,17,true,https://ipho-unofficial.org/search/estudiantes.csv,age_missing;project_na
IPhO,2022,Fredy Yip,,,AUS,,Gold,18,true,https://ipho-unofficial.org/search/estudiantes.csv,age_missing;project_na
IPhO,2022,Daniil Rynkevich,,,RUS,,Gold,19,true,https://ipho-unofficial.org/search/estudiantes.csv,age_missing;project_na
IPhO,2022,Deevyanshu Malu,,,IND,,Gold,20,true,https://ipho-unofficial.org/search/estudiantes.csv,age_missing;project_na
IPhO,2022,Aleksandar Prodanov,,,BGR,,Gold,21,true,https://ipho-unofficial.org/search/estudiantes.csv,age_missing;project_na
IPhO,2022,Andrei-Darius Dragomir,,,ROU,,Gold,22,true,https://ipho-unofficial.org/search/estudiantes.csv,age_missing;project_na
IPhO,2022,Guangyuan Chen,,,SGP,,Gold,23,true,https://ipho-unofficial.org/search/estudiantes.csv,age_missing;project_na
IPhO,2022,Alex Gu,,,USA,,Gold,24,true,https://ipho-unofficial.org/search/estudiantes.csv,age_missing;project_na
IPhO,2022,Răzvan-Gabriel Marcu,,,ROU,,Gold,25,true,https://ipho-unofficial.org/search/estudiantes.csv,age_missing;project_na
IPhO,2022,Hoang Le Minh,,,VNM,,Gold,26,true,https://ipho-unofficial.org/search/estudiantes.csv,age_missing;project_na
IPhO,2022,Oleg Kalashnikov,,,RUS,,Gold,27,true,https://ipho-unofficial.org/search/estudiantes.csv,age_missing;project_na
IPhO,2022,Revital Wallach,,,ISR,,Gold,28,true,https://ipho-unofficial.org/search/estudiantes.csv,age_missing;project_na
IPhO,2022,Duong Vu Ngo Hoang,,,VNM,,Gold,29,true,https://ipho-unofficial.org/search/estudiantes.csv,age_missing;project_na
IPhO,2022,Daniil Shatokhin,,,KAZ,,Gold,30,true,https://ipho-unofficial.org/search/estudiantes.csv,age_missing;project_na
IPhO,2022,Ilya Gladyshev,,,RUS,,Gold,31,true,https://ipho-unofficial.org/search/estudiantes.csv,age_missing;project_na
IPhO,2022,Jonathan Tjandra,,,IDN,,Gold,32,true,https://ipho-unofficial.org/search/estudiantes.csv,age_missing;project_na
IPhO,2022,Sarah Kuruvilla Arikupurathu,,,UAE,,Gold,33,true,https://ipho-unofficial.org/search/estudiantes.csv,age_missing;project_na
IPhO,2022,Alexandru Momoiu,,,ROU,,Gold,34,true,https://ipho-unofficial.org/search/estudiantes.csv,age_missing;project_na
IPhO,2022,Balázs Csaba Kovács,,,HUN,,Gold,34,true,https://ipho-unofficial.org/search/estudiantes.csv,age_missing;project_na
IPhO,2022,Jeonghun Jeong,,,KOR,,Gold,36,true,https://ipho-unofficial.org/search/estudiantes.csv,age_missing;project_na
IPhO,2022,Irakli Ugulava,,,GEO,,Gold,37,true,https://ipho-unofficial.org/search/estudiantes.csv,age_missing;project_na
IPhO,2022,Evan Erickson,,,USA,,Gold,38,true,https://ipho-unofficial.org/search/estudiantes.csv,age_missing;project_na
IPhO,2022,Hai Vo Hoang,,,VNM,,Gold,38,true,https://ipho-unofficial.org/search/estudiantes.csv,age_missing;project_na
IPhO,2022,Anilesh Bansal,,,IND,,Silver,40,true,https://ipho-unofficial.org/search/estudiantes.csv,age_missing;project_na
IPhO,2022,Man-Yin Cheung,,,HKG,,Silver,41,true,https://ipho-unofficial.org/search/estudiantes.csv,age_missing;project_na
IPhO,2022,Chung-Wang Lam,,,HKG,,Silver,42,true,https://ipho-unofficial.org/search/estudiantes.csv,age_missing;project_na
IPhO,2022,Yat-Long Cheng,,,HKG,,Silver,43,true,https://ipho-unofficial.org/search/estudiantes.csv,age_missing;project_na
IPhO,2022,Tsz-Chun Chan,,,HKG,,Silver,44,true,https://ipho-unofficial.org/search/estudiantes.csv,age_missing;project_na
IPhO,2022,Shun-Wen Lin,,,TWN,,Silver,45,true,https://ipho-unofficial.org/search/estudiantes.csv,age_missing;project_na
IPhO,2022,Matheus Felipe Ramos Borges,,,BRA,,Silver,46,true,https://ipho-unofficial.org/search/estudiantes.csv,age_missing;project_na
IPhO,2022,Haru Okura,,,JPN,,Silver,46,true,https://ipho-unofficial.org/search/estudiantes.csv,age_missing;project_na
IPhO,2022,Rizabek Alpamys,,,KAZ,,Silver,48,true,https://ipho-unofficial.org/search/estudiantes.csv,age_missing;project_na
IPhO,2022,Vladimir Lim,,,KAZ,,Silver,49,true,https://ipho-unofficial.org/search/estudiantes.csv,age_missing;project_na
IPhO,2022,Austin Lin,,,AUS,,Silver,50,true,https://ipho-unofficial.org/search/estudiantes.csv,age_missing;project_na
IPhO,2022,George-Cristian Ardeleanu,,,ROU,,Silver,51,true,https://ipho-unofficial.org/search/estudiantes.csv,age_missing;project_na
IPhO,2022,Xiaoqing Sun,,,SGP,,Silver,52,true,https://ipho-unofficial.org/search/estudiantes.csv,age_missing;project_na
IPhO,2022,Abhijeet Anand,,,IND,,Silver,53,true,https://ipho-unofficial.org/search/estudiantes.csv,age_missing;project_na
IPhO,2022,Dheeraj Kurukunda,,,IND,,Silver,54,true,https://ipho-unofficial.org/search/estudiantes.csv,age_missing;project_na
IPhO,2022,Maher Billon,,,FRA,,Silver,55,true,https://ipho-unofficial.org/search/estudiantes.csv,age_missing;project_na
IPhO,2022,Emir Akdağ,,,TUR,,Silver,55,true,https://ipho-unofficial.org/search/estudiantes.csv,age_missing;project_na
IPhO,2022,Harsh Jakhar,,,IND,,Silver,57,true,https://ipho-unofficial.org/search/estudiantes.csv,age_missing;project_na
IPhO,2022,Gabriel Morais Barros,,,BRA,,Silver,58,true,https://ipho-unofficial.org/search/estudiantes.csv,age_missing;project_na
IPhO,2022,Boonyakorn Thanpanit,,,THA,,Silver,59,true,https://ipho-unofficial.org/search/estudiantes.csv,age_missing;project_na
IPhO,2022,Yersultan Pitebay,,,KAZ,,Silver,60,true,https://ipho-unofficial.org/search/estudiantes.csv,age_missing;project_na
IPhO,2022,Mukhammadkhuja Kamoliddinzoda,,,TJK,,Silver,60,true,https://ipho-unofficial.org/search/estudiantes.csv,age_missing;project_na
IPhO,2022,Nattapol Chanpaisit,,,THA,,Silver,62,true,https://ipho-unofficial.org/search/estudiantes.csv,age_missing;project_na
IPhO,2022,You-Yu Yang,,,TWN,,Silver,63,true,https://ipho-unofficial.org/search/estudiantes.csv,age_missing;project_na
IPhO,2022,Danial Hosseintabar,,,IRN,,Silver,64,true,https://ipho-unofficial.org/search/estudiantes.csv,age_missing;project_na
IPhO,2022,Satoshi Miyake,,,JPN,,Silver,65,true,https://ipho-unofficial.org/search/estudiantes.csv,age_missing;project_na
IPhO,2022,Filip Baciak,,,POL,,Silver,66,true,https://ipho-unofficial.org/search/estudiantes.csv,age_missing;project_na
IPhO,2022,Vladislav Morozov,,,BEL,,Silver,67,true,https://ipho-unofficial.org/search/estudiantes.csv,age_missing;project_na
IPhO,2022,Jun Wei Tan,,,SGP,,Silver,68,true,https://ipho-unofficial.org/search/estudiantes.csv,age_missing;project_na
IPhO,2022,Sebastián Andrés Arévalo Aguirre,,,SLV,,Silver,68,true,https://ipho-unofficial.org/search/estudiantes.csv,age_missing;project_na
IPhO,2022,Yun-Yen Wu,,,TWN,,Silver,70,true,https://ipho-unofficial.org/search/estudiantes.csv,age_missing;project_na
IPhO,2022,Josef Vácha,,,CZE,,Silver,71,true,https://ipho-unofficial.org/search/estudiantes.csv,age_missing;project_na
IPhO,2022,Thitiwat Kosolpattanadurong,,,THA,,Silver,72,true,https://ipho-unofficial.org/search/estudiantes.csv,age_missing;project_na
IPhO,2022,Yakov Fridman,,,ISR,,Silver,73,true,https://ipho-unofficial.org/search/estudiantes.csv,age_missing;project_na
IPhO,2022,John Howard Wijaya,,,IDN,,Silver,74,true,https://ipho-unofficial.org/search/estudiantes.csv,age_missing;project_na
IPhO,2022,Kyungmin Song,,,KOR,,Silver,75,true,https://ipho-unofficial.org/search/estudiantes.csv,age_missing;project_na
IPhO,2022,Revi Gerner,,,NLD,,Silver,76,true,https://ipho-unofficial.org/search/estudiantes.csv,age_missing;project_na
IPhO,2022,Ștefan Nicov,,,MDA,,Silver,77,true,https://ipho-unofficial.org/search/estudiantes.csv,age_missing;project_na
IPhO,2022,Chindanai Trakantannarong,,,THA,,Silver,78,true,https://ipho-unofficial.org/search/estudiantes.csv,age_missing;project_na
IPhO,2022,Teru Nogami,,,JPN,,Silver,79,true,https://ipho-unofficial.org/search/estudiantes.csv,age_missing;project_na
IPhO,2022,Collin Fan,,,USA,,Silver,80,true,https://ipho-unofficial.org/search/estudiantes.csv,age_missing;project_na
IPhO,2022,Tianxia (Thomas) Qiao,,,AUS,,Silver,81,true,https://ipho-unofficial.org/search/estudiantes.csv,age_missing;project_na
IPhO,2022,Xing Yang Shen,,,SGP,,Silver,82,true,https://ipho-unofficial.org/search/estudiantes.csv,age_missing;project_na
IPhO,2022,Yaman Bora Otuzbir,,,TUR,,Silver,83,true,https://ipho-unofficial.org/search/estudiantes.csv,age_missing;project_na
IPhO,2022,Andrii Nykyforchyn,,,UKR,,Silver,84,true,https://ipho-unofficial.org/search/estudiantes.csv,age_missing;project_na
IPhO,2022,Mohammad Sadra Hosseini,,,IRN,,Silver,85,true,https://ipho-unofficial.org/search/estudiantes.csv,age_missing;project_na
IPhO,2022,Phatthanon Pattanakanvijit,,,THA,,Silver,85,true,https://ipho-unofficial.org/search/estudiantes.csv,age_missing;project_na
IPhO,2022,Francesca Di Cecio,,,UNK,,Silver,87,true,https://ipho-unofficial.org/search/estudiantes.csv,age_missing;project_na
IPhO,2022,Dinmukhamed Rakhimzhanov,,,KAZ,,Silver,88,true,https://ipho-unofficial.org/search/estudiantes.csv,age_missing;project_na
IPhO,2022,Phuc Nguyen Dang,,,VNM,,Silver,89,true,https://ipho-unofficial.org/search/estudiantes.csv,age_missing;project_na
IPhO,2022,David Michael Indraputra,,,IDN,,Silver,90,true,https://ipho-unofficial.org/search/estudiantes.csv,age_missing;project_na
IPhO,2022,Kehan Gao,,,SGP,,Silver,90,true,https://ipho-unofficial.org/search/estudiantes.csv,age_missing;project_na
IPhO,2022,Berwyn Berwyn,,,IDN,,Silver,90,true,https://ipho-unofficial.org/search/estudiantes.csv,age_missing;project_na
IPhO,2022,Ojas Gulati,,,UNK,,Silver,93,true,https://ipho-unofficial.org/search/estudiantes.csv,age_missing;project_na
IPhO,2022,Borna Perkovic,,,HRV,,Silver,94,true,https://ipho-unofficial.org/search/estudiantes.csv,age_missing;project_na
IPhO,2022,Rowechen Zhong,,,USA,,Silver,94,true,https://ipho-unofficial.org/search/estudiantes.csv,age_missing;project_na
IPhO,2022,József Gurzó,,,HUN,,Silver,96,true,https://ipho-unofficial.org/search/estudiantes.csv,age_missing;project_na
IPhO,2022,Aleš Opl,,,CZE,,Silver,97,true,https://ipho-unofficial.org/search/estudiantes.csv,age_missing;project_na
IPhO,2022,Anirchuluu Otgochuluu,,,MNG,,Silver,98,true,https://ipho-unofficial.org/search/estudiantes.csv,age_missing;project_na
IPhO,2022,Maksim Barynin,,,BLR,,Silver,98,true,https://ipho-unofficial.org/search/estudiantes.csv,age_missing;project_na
IPhO,2022,Justin Cahuzac,,,FRA,,Silver,100,true,https://ipho-unofficial.org/search/estudiantes.csv,age_missing;project_na
IPhO,2022,Peter Andolšek,,,SVN,,Silver,101,true,https://ipho-unofficial.org/search/estudiantes.csv,age_missing;project_na
IPhO,2022,Grigoli Tsirekidze,,,GEO,,Silver,101,true,https://ipho-unofficial.org/search/estudiantes.csv,age_missing;project_na
IPhO,2022,Richard Ueltzen,,,GER,,Silver,103,true,https://ipho-unofficial.org/search/estudiantes.csv,age_missing;project_na
IPhO,2022,Margulan Ismoldayev,,,BGR,,Silver,104,true,https://ipho-unofficial.org/search/estudiantes.csv,age_missing;project_na
IPhO,2022,Sadeq Alabbad,,,SAU,,Silver,104,true,https://ipho-unofficial.org/search/estudiantes.csv,age_missing;project_na
IPhO,2022,Nadav Ron - Brandwein,,,ISR,,Silver,106,true,https://ipho-unofficial.org/search/estudiantes.csv,age_missing;project_na
IPhO,2022,Florine Masson,,,FRA,,Silver,107,true,https://ipho-unofficial.org/search/estudiantes.csv,age_missing;project_na
IPhO,2022,Dachi Tchotashvili,,,GEO,,Silver,107,true,https://ipho-unofficial.org/search/estudiantes.csv,age_missing;project_na
IPhO,2022,Miha Brvar,,,SVN,,Silver,109,true,https://ipho-unofficial.org/search/estudiantes.csv,age_missing;project_na
IPhO,2022,Stanisław Karpiejczyk,,,POL,,Silver,109,true,https://ipho-unofficial.org/search/estudiantes.csv,age_missing;project_na
IPhO,2022,Finley Easton,,,UNK,,Bronze,111,true,https://ipho-unofficial.org/search/estudiantes.csv,age_missing;project_na
IPhO,2022,Marko Tsengov,,,EST,,Bronze,112,true,https://ipho-unofficial.org/search/estudiantes.csv,age_missing;project_na
IPhO,2022,Hubert Leroux,,,FRA,,Bronze,113,true,https://ipho-unofficial.org/search/estudiantes.csv,age_missing;project_na
IPhO,2022,Kacper Paciorek,,,POL,,Bronze,114,true,https://ipho-unofficial.org/search/estudiantes.csv,age_missing;project_na
IPhO,2022,Hieu Phung Cong,,,VNM,,Bronze,115,true,https://ipho-unofficial.org/search/estudiantes.csv,age_missing;project_na
IPhO,2022,Areg Barseghyan,,,ARM,,Bronze,116,true,https://ipho-unofficial.org/search/estudiantes.csv,age_missing;project_na
IPhO,2022,Luka Passek-Kumericki,,,HRV,,Bronze,116,true,https://ipho-unofficial.org/search/estudiantes.csv,age_missing;project_na
IPhO,2022,Rafael Moreno Ribeiro,,,BRA,,Bronze,118,true,https://ipho-unofficial.org/search/estudiantes.csv,age_missing;project_na
IPhO,2022,Jorge Costa,,,POR,,Bronze,119,true,https://ipho-unofficial.org/search/estudiantes.csv,age_missing;project_na
IPhO,2022,Fatmah Mohamed Saeed Hajeih Aldhanhani,,,UAE,,Bronze,120,true,https://ipho-unofficial.org/search/estudiantes.csv,age_missing;project_na
IPhO,2022,Domen Lisjak,,,SVN,,Bronze,120,true,https://ipho-unofficial.org/search/estudiantes.csv,age_missing;project_na
IPhO,2022,Shunsuke Kita,,,JPN,,Bronze,120,true,https://ipho-unofficial.org/search/estudiantes.csv,age_missing;project_na
IPhO,2022,Pavol Pivko,,,SVK,,Bronze,123,true,https://ipho-unofficial.org/search/estudiantes.csv,age_missing;project_na
IPhO,2022,Aleksander Gaydukov,,,SVN,,Bronze,123,true,https://ipho-unofficial.org/search/estudiantes.csv,age_missing;project_na
IPhO,2022,Lukas Tyben,,,GER,,Bronze,125,true,https://ipho-unofficial.org/search/estudiantes.csv,age_missing;project_na
IPhO,2022,Uguumur Tsagaanbayar,,,MNG,,Bronze,126,true,https://ipho-unofficial.org/search/estudiantes.csv,age_missing;project_na
IPhO,2022,Mehmet Anıl İşkesen,,,TUR,,Bronze,127,true,https://ipho-unofficial.org/search/estudiantes.csv,age_missing;project_na
IPhO,2022,Osman Siddique,,,PAK,,Bronze,128,true,https://ipho-unofficial.org/search/estudiantes.csv,age_missing;project_na
IPhO,2022,András Toronyi,,,HUN,,Bronze,128,true,https://ipho-unofficial.org/search/estudiantes.csv,age_missing;project_na
IPhO,2022,Bilguun Batbayar,,,MNG,,Bronze,130,true,https://ipho-unofficial.org/search/estudiantes.csv,age_missing;project_na
IPhO,2022,Jiří Kohl,,,CZE,,Bronze,131,true,https://ipho-unofficial.org/search/estudiantes.csv,age_missing;project_na
IPhO,2022,Noam Lahiani,,,ISR,,Bronze,132,true,https://ipho-unofficial.org/search/estudiantes.csv,age_missing;project_na
IPhO,2022,Md. Fahim Abrar,,,BGD,,Bronze,133,true,https://ipho-unofficial.org/search/estudiantes.csv,age_missing;project_na
IPhO,2022,Ahmet Bahadır Trabzon,,,TUR,,Bronze,134,true,https://ipho-unofficial.org/search/estudiantes.csv,age_missing;project_na
IPhO,2022,Chong Un Un,,,MAC,,Bronze,135,true,https://ipho-unofficial.org/search/estudiantes.csv,age_missing;project_na
IPhO,2022,Victor Șotropa,,,MDA,,Bronze,135,true,https://ipho-unofficial.org/search/estudiantes.csv,age_missing;project_na
IPhO,2022,Yavor Yordanov,,,BGR,,Bronze,137,true,https://ipho-unofficial.org/search/estudiantes.csv,age_missing;project_na
IPhO,2022,Balázs Kertész,,,HUN,,Bronze,137,true,https://ipho-unofficial.org/search/estudiantes.csv,age_missing;project_na
IPhO,2022,Csaba Dékány,,,SVK,,Bronze,139,true,https://ipho-unofficial.org/search/estudiantes.csv,age_missing;project_na
IPhO,2022,Kian Yau Chang,,,MAS,,Bronze,140,true,https://ipho-unofficial.org/search/estudiantes.csv,age_missing;project_na
IPhO,2022,Golam Ishtiak,,,BGD,,Bronze,140,true,https://ipho-unofficial.org/search/estudiantes.csv,age_missing;project_na
IPhO,2022,Kouya Yamashita,,,JPN,,Bronze,142,true,https://ipho-unofficial.org/search/estudiantes.csv,age_missing;project_na
IPhO,2022,Muhammad Bilal Asmatullah,,,PAK,,Bronze,142,true,https://ipho-unofficial.org/search/estudiantes.csv,age_missing;project_na
IPhO,2022,Benedict Harvey,,,UNK,,Bronze,142,true,https://ipho-unofficial.org/search/estudiantes.csv,age_missing;project_na
IPhO,2022,Taha Alimohammadi,,,IRN,,Bronze,145,true,https://ipho-unofficial.org/search/estudiantes.csv,age_missing;project_na
IPhO,2022,Radmehr Fathi,,,IRN,,Bronze,146,true,https://ipho-unofficial.org/search/estudiantes.csv,age_missing;project_na
IPhO,2022,Alexandar Roussev,,,BGR,,Bronze,146,true,https://ipho-unofficial.org/search/estudiantes.csv,age_missing;project_na
IPhO,2022,Lorena Komocar,,,HRV,,Bronze,148,true,https://ipho-unofficial.org/search/estudiantes.csv,age_missing;project_na
IPhO,2022,Oleksandr Lazorenko,,,UKR,,Bronze,149,true,https://ipho-unofficial.org/search/estudiantes.csv,age_missing;project_na
IPhO,2022,Lukass Roberts Kellijs,,,LVA,,Bronze,149,true,https://ipho-unofficial.org/search/estudiantes.csv,age_missing;project_na
IPhO,2022,Diana Zazubyk,,,UKR,,Bronze,151,true,https://ipho-unofficial.org/search/estudiantes.csv,age_missing;project_na
IPhO,2022,Althaaf Syaikha Nuhaad,,,IDN,,Bronze,151,true,https://ipho-unofficial.org/search/estudiantes.csv,age_missing;project_na
IPhO,2022,José Alberto Feijão Tizon,,,BRA,,Bronze,153,true,https://ipho-unofficial.org/search/estudiantes.csv,age_missing;project_na
IPhO,2022,Lap In Leong,,,MAC,,Bronze,154,true,https://ipho-unofficial.org/search/estudiantes.csv,age_missing;project_na
IPhO,2022,Ron Levi,,,ISR,,Bronze,155,true,https://ipho-unofficial.org/search/estudiantes.csv,age_missing;project_na
IPhO,2022,Artashes Mkrtchyan,,,ARM,,Bronze,155,true,https://ipho-unofficial.org/search/estudiantes.csv,age_missing;project_na
IPhO,2022,Aleksa Djordjevic,,,SRB,,Bronze,157,true,https://ipho-unofficial.org/search/estudiantes.csv,age_missing;project_na
IPhO,2022,Adam Džavoronok,,,SVK,,Bronze,157,true,https://ipho-unofficial.org/search/estudiantes.csv,age_missing;project_na
IPhO,2022,Žan Ambrožič,,,SVN,,Bronze,159,true,https://ipho-unofficial.org/search/estudiantes.csv,age_missing;project_na
IPhO,2022,Chi Ioi Li,,,MAC,,Bronze,160,true,https://ipho-unofficial.org/search/estudiantes.csv,age_missing;project_na
IPhO,2022,Franco Mari Cabral,,,PHI,,Bronze,160,true,https://ipho-unofficial.org/search/estudiantes.csv,age_missing;project_na
IPhO,2022,Vincent Ng,,,AUS,,Bronze,160,true,https://ipho-unofficial.org/search/estudiantes.csv,age_missing;project_na
IPhO,2022,Marius Frija,,,MDA,,Bronze,160,true,https://ipho-unofficial.org/search/estudiantes.csv,age_missing;project_na
IPhO,2022,Mateusz Kamiński,,,POL,,Bronze,164,true,https://ipho-unofficial.org/search/estudiantes.csv,age_missing;project_na
IPhO,2022,Fatmah Khamis Mohamed Ali Alyammahi,,,UAE,,Bronze,165,true,https://ipho-unofficial.org/search/estudiantes.csv,age_missing;project_na
IPhO,2022,Carlos Elishah Candanosa Salazar,,,MEX,,Bronze,165,true,https://ipho-unofficial.org/search/estudiantes.csv,age_missing;project_na
IPhO,2022,Lorenss Martinsons,,,LVA,,Bronze,167,true,https://ipho-unofficial.org/search/estudiantes.csv,age_missing;project_na
IPhO,2022,Marc Giroux de Foiard Brown,,,UNK,,Bronze,167,true,https://ipho-unofficial.org/search/estudiantes.csv,age_missing;project_na
IPhO,2022,Ammar Ali,,,SYR,,Bronze,167,true,https://ipho-unofficial.org/search/estudiantes.csv,age_missing;project_na
IPhO,2022,Maivo Sirelbu,,,EST,,Bronze,170,true,https://ipho-unofficial.org/search/estudiantes.csv,age_missing;project_na
IPhO,2022,Uladzislau Bahinsky,,,BLR,,Bronze,170,true,https://ipho-unofficial.org/search/estudiantes.csv,age_missing;project_na
IPhO,2022,David Mörtberg,,,SWE,,Bronze,170,true,https://ipho-unofficial.org/search/estudiantes.csv,age_missing;project_na
IPhO,2022,Giorgi Chkhikvadze,,,GEO,,Bronze,173,true,https://ipho-unofficial.org/search/estudiantes.csv,age_missing;project_na
IPhO,2022,Christian Vogel,,,GER,,Bronze,173,true,https://ipho-unofficial.org/search/estudiantes.csv,age_missing;project_na
IPhO,2022,Ahmed Khameis Mohamed Ahmed Alabdouli,,,UAE,,Bronze,175,true,https://ipho-unofficial.org/search/estudiantes.csv,age_missing;project_na
IPhO,2022,Lydia Colla,,,AUS,,Bronze,175,true,https://ipho-unofficial.org/search/estudiantes.csv,age_missing;project_na
IPhO,2022,Hynek Jakeš,,,CZE,,Bronze,175,true,https://ipho-unofficial.org/search/estudiantes.csv,age_missing;project_na
IPhO,2022,Eshgin Aliyev,,,AZE,,Bronze,178,true,https://ipho-unofficial.org/search/estudiantes.csv,age_missing;project_na
IPhO,2022,Yu Cheng Lim,,,MAS,,Bronze,179,true,https://ipho-unofficial.org/search/estudiantes.csv,age_missing;project_na
IPhO,2022,Behrad Jahani,,,IRN,,Bronze,180,true,https://ipho-unofficial.org/search/estudiantes.csv,age_missing;project_na
IPhO,2022,Abdurahmon Abdukhamidov,,,TJK,,Bronze,181,true,https://ipho-unofficial.org/search/estudiantes.csv,age_missing;project_na
IPhO,2022,Roko Supe,,,HRV,,Bronze,182,true,https://ipho-unofficial.org/search/estudiantes.csv,age_missing;project_na
IPhO,2022,Ching-Yeung Kwok,,,HKG,,Bronze,182,true,https://ipho-unofficial.org/search/estudiantes.csv,age_missing;project_na
IPhO,2022,Viktor Mihaylov,,,BGR,,Bronze,184,true,https://ipho-unofficial.org/search/estudiantes.csv,age_missing;project_na
IPhO,2022,Jawad Alsaif,,,SAU,,Bronze,184,true,https://ipho-unofficial.org/search/estudiantes.csv,age_missing;project_na
IPhO,2022,Aliaksandr Kapiartsekhau,,,BLR,,Bronze,186,true,https://ipho-unofficial.org/search/estudiantes.csv,age_missing;project_na
IPhO,2022,Sadig Sadikhzada,,,AZE,,Bronze,186,true,https://ipho-unofficial.org/search/estudiantes.csv,age_missing;project_na
IPhO,2022,Zhi Zheng Ong,,,MAS,,Bronze,186,true,https://ipho-unofficial.org/search/estudiantes.csv,age_missing;project_na
IPhO,2022,Benedek Bencz,,,HUN,,Bronze,186,true,https://ipho-unofficial.org/search/estudiantes.csv,age_missing;project_na
IPhO,2022,Timofej Mazniov,,,LTU,,Bronze,186,true,https://ipho-unofficial.org/search/estudiantes.csv,age_missing;project_na
IPhO,2022,Lama Alahdal,,,SAU,,Bronze,191,true,https://ipho-unofficial.org/search/estudiantes.csv,age_missing;project_na
IPhO,2022,Rostislav Klimko,,,BLR,,Bronze,191,true,https://ipho-unofficial.org/search/estudiantes.csv,age_missing;project_na
IPhO,2022,Barsbold Enkhbold,,,MNG,,Bronze,191,true,https://ipho-unofficial.org/search/estudiantes.csv,age_missing;project_na
IPhO,2022,Tolga Avkan,,,TUR,,Bronze,191,true,https://ipho-unofficial.org/search/estudiantes.csv,age_missing;project_na
IPhO,2022,Maria Arakelyan,,,ARM,,Bronze,195,true,https://ipho-unofficial.org/search/estudiantes.csv,age_missing;project_na
IPhO,2022,Abel Ficano,,,ITA,,Bronze,195,true,https://ipho-unofficial.org/search/estudiantes.csv,age_missing;project_na
IPhO,2022,Vuk Hip,,,SRB,,Bronze,195,true,https://ipho-unofficial.org/search/estudiantes.csv,age_missing;project_na
IPhO,2022,Saskia Põldmaa,,,EST,,Bronze,198,true,https://ipho-unofficial.org/search/estudiantes.csv,age_missing;project_na
IPhO,2022,Paulius Kalinauskas,,,LTU,,Bronze,199,true,https://ipho-unofficial.org/search/estudiantes.csv,age_missing;project_na
IPhO,2022,Emilija Nikolovska,,,MKD,,Bronze,199,true,https://ipho-unofficial.org/search/estudiantes.csv,age_missing;project_na
IPhO,2022,Marko Vučić,,,BIH,,Bronze,199,true,https://ipho-unofficial.org/search/estudiantes.csv,age_missing;project_na
IPhO,2022,Maryna Bohdan,,,UKR,,Bronze,202,true,https://ipho-unofficial.org/search/estudiantes.csv,age_missing;project_na
IPhO,2022,Adrian Serrano Capatina,,,SUI,,Bronze,203,true,https://ipho-unofficial.org/search/estudiantes.csv,age_missing;project_na
IPhO,2022,Joel Westerling,,,SWE,,Bronze,203,true,https://ipho-unofficial.org/search/estudiantes.csv,age_missing;project_na
IPhO,2022,Andria Manjavidze,,,GEO,,Bronze,205,true,https://ipho-unofficial.org/search/estudiantes.csv,age_missing;project_na
IPhO,2022,Topham Azamat,,,TJK,,Bronze,205,true,https://ipho-unofficial.org/search/estudiantes.csv,age_missing;project_na
IPhO,2022,Jokūbas Viršilas,,,LTU,,Bronze,205,true,https://ipho-unofficial.org/search/estudiantes.csv,age_missing;project_na
IPhO,2023,Bowen Yu,,,CHN,,Gold,1,true,https://ipho-unofficial.org/search/estudiantes.csv,age_missing;project_na
IPhO,2023,Zhuoli Ding,,,CHN,,Gold,2,true,https://ipho-unofficial.org/search/estudiantes.csv,age_missing;project_na
IPhO,2023,Xiangchen Tian,,,CHN,,Gold,2,true,https://ipho-unofficial.org/search/estudiantes.csv,age_missing;project_na
IPhO,2023,Hanhong Zhao,,,CHN,,Gold,4,true,https://ipho-unofficial.org/search/estudiantes.csv,age_missing;project_na
IPhO,2023,Collin Fan,,,USA,,Gold,5,true,https://ipho-unofficial.org/search/estudiantes.csv,age_missing;project_na
IPhO,2023,Daibing Jiang,,,CHN,,Gold,6,true,https://ipho-unofficial.org/search/estudiantes.csv,age_missing;project_na
IPhO,2023,Alexandru Momoiu,,,ROU,,Gold,7,true,https://ipho-unofficial.org/search/estudiantes.csv,age_missing;project_na
IPhO,2023,Junsuh Lee,,,KOR,,Gold,8,true,https://ipho-unofficial.org/search/estudiantes.csv,age_missing;project_na
IPhO,2023,Jongyoon Han,,,KOR,,Gold,8,true,https://ipho-unofficial.org/search/estudiantes.csv,age_missing;project_na
IPhO,2023,Viacheslav Bobkov,,,RUS,,Gold,10,true,https://ipho-unofficial.org/search/estudiantes.csv,age_missing;project_na
IPhO,2023,Ya-Cheng Chang,,,TWN,,Gold,10,true,https://ipho-unofficial.org/search/estudiantes.csv,age_missing;project_na
IPhO,2023,Hyunchae Lee,,,KOR,,Gold,12,true,https://ipho-unofficial.org/search/estudiantes.csv,age_missing;project_na
IPhO,2023,Evan Kim,,,USA,,Gold,13,true,https://ipho-unofficial.org/search/estudiantes.csv,age_missing;project_na
IPhO,2023,Feodor Yevtushenko,,,USA,,Gold,13,true,https://ipho-unofficial.org/search/estudiantes.csv,age_missing;project_na
IPhO,2023,Vlad-Stefan Oros,,,ROU,,Gold,15,true,https://ipho-unofficial.org/search/estudiantes.csv,age_missing;project_na
IPhO,2023,Zian Shi,,,USA,,Gold,16,true,https://ipho-unofficial.org/search/estudiantes.csv,age_missing;project_na
IPhO,2023,Ian Noh,,,KOR,,Gold,17,true,https://ipho-unofficial.org/search/estudiantes.csv,age_missing;project_na
IPhO,2023,Kyumin Suh,,,KOR,,Gold,18,true,https://ipho-unofficial.org/search/estudiantes.csv,age_missing;project_na
IPhO,2023,Roman Burtsev,,,RUS,,Gold,18,true,https://ipho-unofficial.org/search/estudiantes.csv,age_missing;project_na
IPhO,2023,Filip Baciak,,,POL,,Gold,20,true,https://ipho-unofficial.org/search/estudiantes.csv,age_missing;project_na
IPhO,2023,Andrei-Darius Dragomir,,,ROU,,Gold,21,true,https://ipho-unofficial.org/search/estudiantes.csv,age_missing;project_na
IPhO,2023,Cheng-Kuang Chang,,,TWN,,Gold,22,true,https://ipho-unofficial.org/search/estudiantes.csv,age_missing;project_na
IPhO,2023,Tuan Phong Nguyen,,,VNM,,Gold,22,true,https://ipho-unofficial.org/search/estudiantes.csv,age_missing;project_na
IPhO,2023,Vsevolod Dolia,,,RUS,,Gold,24,true,https://ipho-unofficial.org/search/estudiantes.csv,age_missing;project_na
IPhO,2023,Mehul Borad,,,IND,,Gold,25,true,https://ipho-unofficial.org/search/estudiantes.csv,age_missing;project_na
IPhO,2023,Yuki Tanaka,,,JPN,,Gold,25,true,https://ipho-unofficial.org/search/estudiantes.csv,age_missing;project_na
IPhO,2023,Nutdech Phadetsuwannukun,,,THA,,Gold,25,true,https://ipho-unofficial.org/search/estudiantes.csv,age_missing;project_na
IPhO,2023,Aditya,,,IND,,Gold,28,true,https://ipho-unofficial.org/search/estudiantes.csv,age_missing;project_na
IPhO,2023,Kotaro Imamura,,,JPN,,Gold,29,true,https://ipho-unofficial.org/search/estudiantes.csv,age_missing;project_na
IPhO,2023,Zhao-Guo Wang,,,TWN,,Gold,29,true,https://ipho-unofficial.org/search/estudiantes.csv,age_missing;project_na
IPhO,2023,Chung Wang Lam,,,HKG,,Gold,31,true,https://ipho-unofficial.org/search/estudiantes.csv,age_missing;project_na
IPhO,2023,Peter Andolšek,,,SVN,,Gold,31,true,https://ipho-unofficial.org/search/estudiantes.csv,age_missing;project_na
IPhO,2023,Aleksandr Ershov,,,RUS,,Gold,33,true,https://ipho-unofficial.org/search/estudiantes.csv,age_missing;project_na
IPhO,2023,Hoang Hai Vo,,,VNM,,Gold,33,true,https://ipho-unofficial.org/search/estudiantes.csv,age_missing;project_na
IPhO,2023,Egor Potapov,,,RUS,,Gold,35,true,https://ipho-unofficial.org/search/estudiantes.csv,age_missing;project_na
IPhO,2023,Dhruv Shah,,,IND,,Gold,36,true,https://ipho-unofficial.org/search/estudiantes.csv,age_missing;project_na
IPhO,2023,Emir Akdağ,,,TUR,,Gold,37,true,https://ipho-unofficial.org/search/estudiantes.csv,age_missing;project_na
IPhO,2023,Zi-Siang Hsu,,,TWN,,Silver,38,true,https://ipho-unofficial.org/search/estudiantes.csv,age_missing;project_na
IPhO,2023,Ido Ram,,,ISR,,Silver,39,true,https://ipho-unofficial.org/search/estudiantes.csv,age_missing;project_na
IPhO,2023,Peng-Wei Chen,,,TWN,,Silver,40,true,https://ipho-unofficial.org/search/estudiantes.csv,age_missing;project_na
IPhO,2023,Yersultan Pitebay,,,KAZ,,Silver,41,true,https://ipho-unofficial.org/search/estudiantes.csv,age_missing;project_na
IPhO,2023,Koki Iwashita,,,JPN,,Silver,42,true,https://ipho-unofficial.org/search/estudiantes.csv,age_missing;project_na
IPhO,2023,Lincoln Liu,,,HKG,,Silver,43,true,https://ipho-unofficial.org/search/estudiantes.csv,age_missing;project_na
IPhO,2023,Shuoyan Chen,,,USA,,Silver,43,true,https://ipho-unofficial.org/search/estudiantes.csv,age_missing;project_na
IPhO,2023,Rares Felix Tudose,,,ROU,,Silver,45,true,https://ipho-unofficial.org/search/estudiantes.csv,age_missing;project_na
IPhO,2023,Raghav Goyal,,,IND,,Silver,46,true,https://ipho-unofficial.org/search/estudiantes.csv,age_missing;project_na
IPhO,2023,Guglielmo Di Grazia,,,ITA,,Silver,47,true,https://ipho-unofficial.org/search/estudiantes.csv,age_missing;project_na
IPhO,2023,Shunsuke Kita,,,JPN,,Silver,48,true,https://ipho-unofficial.org/search/estudiantes.csv,age_missing;project_na
IPhO,2023,Shanay Jindal,,,SGP,,Silver,49,true,https://ipho-unofficial.org/search/estudiantes.csv,age_missing;project_na
IPhO,2023,Alexander Mylet,,,UNK,,Silver,50,true,https://ipho-unofficial.org/search/estudiantes.csv,age_missing;project_na
IPhO,2023,Doszhan Bissimbi,,,KAZ,,Silver,51,true,https://ipho-unofficial.org/search/estudiantes.csv,age_missing;project_na
IPhO,2023,Rhythm Kedia,,,IND,,Silver,52,true,https://ipho-unofficial.org/search/estudiantes.csv,age_missing;project_na
IPhO,2023,Mohammad Moosavi,,,IRN,,Silver,52,true,https://ipho-unofficial.org/search/estudiantes.csv,age_missing;project_na
IPhO,2023,Margulan Nursagatov,,,KAZ,,Silver,54,true,https://ipho-unofficial.org/search/estudiantes.csv,age_missing;project_na
IPhO,2023,Coy Zhu,,,UNK,,Silver,55,true,https://ipho-unofficial.org/search/estudiantes.csv,age_missing;project_na
IPhO,2023,Pok Shing Hui,,,HKG,,Silver,56,true,https://ipho-unofficial.org/search/estudiantes.csv,age_missing;project_na
IPhO,2023,Pin Che Tan,,,SGP,,Silver,57,true,https://ipho-unofficial.org/search/estudiantes.csv,age_missing;project_na
IPhO,2023,Diana Zazubyk,,,UKR,,Silver,57,true,https://ipho-unofficial.org/search/estudiantes.csv,age_missing;project_na
IPhO,2023,Ojas Gulati,,,UNK,,Silver,59,true,https://ipho-unofficial.org/search/estudiantes.csv,age_missing;project_na
IPhO,2023,Tuan Duong Nguyen,,,VNM,,Silver,60,true,https://ipho-unofficial.org/search/estudiantes.csv,age_missing;project_na
IPhO,2023,Matan Weinman,,,ISR,,Silver,61,true,https://ipho-unofficial.org/search/estudiantes.csv,age_missing;project_na
IPhO,2023,Mahdi Shirinbayan,,,IRN,,Silver,62,true,https://ipho-unofficial.org/search/estudiantes.csv,age_missing;project_na
IPhO,2023,Kristjan-Eerik Kahu,,,EST,,Silver,63,true,https://ipho-unofficial.org/search/estudiantes.csv,age_missing;project_na
IPhO,2023,Ching Yeung Kwok,,,HKG,,Silver,64,true,https://ipho-unofficial.org/search/estudiantes.csv,age_missing;project_na
IPhO,2023,Andrzej Franciszek Maroń,,,POL,,Silver,64,true,https://ipho-unofficial.org/search/estudiantes.csv,age_missing;project_na
IPhO,2023,Doron Walach,,,ISR,,Silver,66,true,https://ipho-unofficial.org/search/estudiantes.csv,age_missing;project_na
IPhO,2023,Alisher Yerkebayev,,,KAZ,,Silver,66,true,https://ipho-unofficial.org/search/estudiantes.csv,age_missing;project_na
IPhO,2023,Val Karan,,,HRV,,Silver,68,true,https://ipho-unofficial.org/search/estudiantes.csv,age_missing;project_na
IPhO,2023,Jingyang James He,,,SGP,,Silver,69,true,https://ipho-unofficial.org/search/estudiantes.csv,age_missing;project_na
IPhO,2023,Michał Piotr Lipiec,,,POL,,Silver,70,true,https://ipho-unofficial.org/search/estudiantes.csv,age_missing;project_na
IPhO,2023,Irakli Ugulava,,,GEO,,Silver,71,true,https://ipho-unofficial.org/search/estudiantes.csv,age_missing;project_na
IPhO,2023,Yu Chieh Sun,,,SGP,,Silver,72,true,https://ipho-unofficial.org/search/estudiantes.csv,age_missing;project_na
IPhO,2023,Stanisław Marcin Karpiejczyk,,,POL,,Silver,73,true,https://ipho-unofficial.org/search/estudiantes.csv,age_missing;project_na
IPhO,2023,Sebastián Andrés Arévalo Aguirre,,,SLV,,Silver,74,true,https://ipho-unofficial.org/search/estudiantes.csv,age_missing;project_na
IPhO,2023,Yichen Li,,,SGP,,Silver,75,true,https://ipho-unofficial.org/search/estudiantes.csv,age_missing;project_na
IPhO,2023,Paulo Henrique Dos Santos Silva,,,BRA,,Silver,76,true,https://ipho-unofficial.org/search/estudiantes.csv,age_missing;project_na
IPhO,2023,Tomas Babelis,,,LTU,,Silver,77,true,https://ipho-unofficial.org/search/estudiantes.csv,age_missing;project_na
IPhO,2023,Alexander Gaydukov,,,SVN,,Silver,78,true,https://ipho-unofficial.org/search/estudiantes.csv,age_missing;project_na
IPhO,2023,Ioan-Alexandru Mirica,,,ROU,,Silver,79,true,https://ipho-unofficial.org/search/estudiantes.csv,age_missing;project_na
IPhO,2023,Leon Higashigawa,,,JPN,,Silver,80,true,https://ipho-unofficial.org/search/estudiantes.csv,age_missing;project_na
IPhO,2023,Omri Nitzan,,,ISR,,Silver,81,true,https://ipho-unofficial.org/search/estudiantes.csv,age_missing;project_na
IPhO,2023,Douglas Joshi,,,AUS,,Silver,82,true,https://ipho-unofficial.org/search/estudiantes.csv,age_missing;project_na
IPhO,2023,Kelvin Chan,,,AUS,,Silver,83,true,https://ipho-unofficial.org/search/estudiantes.csv,age_missing;project_na
IPhO,2023,Viet Hoang Anh Le,,,VNM,,Silver,84,true,https://ipho-unofficial.org/search/estudiantes.csv,age_missing;project_na
IPhO,2023,Ali Ghanbari,,,IRN,,Silver,85,true,https://ipho-unofficial.org/search/estudiantes.csv,age_missing;project_na
IPhO,2023,Samuel Rosiar,,,CZE,,Silver,86,true,https://ipho-unofficial.org/search/estudiantes.csv,age_missing;project_na
IPhO,2023,Thanassorn Chankasamsat,,,THA,,Silver,86,true,https://ipho-unofficial.org/search/estudiantes.csv,age_missing;project_na
IPhO,2023,Chong Un Un,,,MAC,,Silver,88,true,https://ipho-unofficial.org/search/estudiantes.csv,age_missing;project_na
IPhO,2023,Fansen Candra Funata,,,IDN,,Silver,89,true,https://ipho-unofficial.org/search/estudiantes.csv,age_missing;project_na
IPhO,2023,Sina Fathi,,,IRN,,Silver,90,true,https://ipho-unofficial.org/search/estudiantes.csv,age_missing;project_na
IPhO,2023,Murilo De Andrade Porfírio,,,BRA,,Silver,91,true,https://ipho-unofficial.org/search/estudiantes.csv,age_missing;project_na
IPhO,2023,Victor Vorona,,,MDA,,Silver,92,true,https://ipho-unofficial.org/search/estudiantes.csv,age_missing;project_na
IPhO,2023,Adam Džavoronok,,,SVK,,Silver,92,true,https://ipho-unofficial.org/search/estudiantes.csv,age_missing;project_na
IPhO,2023,Punlertrapee Pattarapon,,,THA,,Silver,92,true,https://ipho-unofficial.org/search/estudiantes.csv,age_missing;project_na
IPhO,2023,Kaan Dere,,,TUR,,Silver,92,true,https://ipho-unofficial.org/search/estudiantes.csv,age_missing;project_na
IPhO,2023,Hannah Faucheu,,,FRA,,Silver,96,true,https://ipho-unofficial.org/search/estudiantes.csv,age_missing;project_na
IPhO,2023,Anirchuluu Otgochuluu,,,MNG,,Silver,96,true,https://ipho-unofficial.org/search/estudiantes.csv,age_missing;project_na
IPhO,2023,Anton Nüske,,,GER,,Silver,98,true,https://ipho-unofficial.org/search/estudiantes.csv,age_missing;project_na
IPhO,2023,Mathurin Rouan,,,FRA,,Silver,98,true,https://ipho-unofficial.org/search/estudiantes.csv,age_missing;project_na
IPhO,2023,Sadig Sadikhzada,,,AZE,,Silver,100,true,https://ipho-unofficial.org/search/estudiantes.csv,age_missing;project_na
IPhO,2023,Dachi Tchotashvili,,,GEO,,Silver,100,true,https://ipho-unofficial.org/search/estudiantes.csv,age_missing;project_na
IPhO,2023,Inbar Wald,,,ISR,,Silver,100,true,https://ipho-unofficial.org/search/estudiantes.csv,age_missing;project_na
IPhO,2023,Mounir Lbath,,,FRA,,Silver,103,true,https://ipho-unofficial.org/search/estudiantes.csv,age_missing;project_na
IPhO,2023,Melvin Storbacka,,,SWE,,Silver,104,true,https://ipho-unofficial.org/search/estudiantes.csv,age_missing;project_na
IPhO,2023,Daniel Gonzalez Filipov,,,SUI,,Silver,105,true,https://ipho-unofficial.org/search/estudiantes.csv,age_missing;project_na
IPhO,2023,Savero Lukianto Chandra,,,IDN,,Silver,105,true,https://ipho-unofficial.org/search/estudiantes.csv,age_missing;project_na
IPhO,2023,Zhi Zheng Ong,,,MAS,,Silver,105,true,https://ipho-unofficial.org/search/estudiantes.csv,age_missing;project_na
IPhO,2023,Emil Ryd,,,SWE,,Silver,105,true,https://ipho-unofficial.org/search/estudiantes.csv,age_missing;project_na
IPhO,2023,Hovsep Karapetyan,,,ARM,,Silver,105,true,https://ipho-unofficial.org/search/estudiantes.csv,age_missing;project_na
IPhO,2023,Mehmet Anıl İşkesen,,,TUR,,Silver,105,true,https://ipho-unofficial.org/search/estudiantes.csv,age_missing;project_na
IPhO,2023,Ahmet Bahadır Trabzon,,,TUR,,Silver,105,true,https://ipho-unofficial.org/search/estudiantes.csv,age_missing;project_na
IPhO,2023,Connor Tianzheng Wong,,,CAN,,Bronze,112,true,https://ipho-unofficial.org/search/estudiantes.csv,age_missing;project_na
IPhO,2023,Aditya Tekriwal,,,UNK,,Bronze,113,true,https://ipho-unofficial.org/search/estudiantes.csv,age_missing;project_na
IPhO,2023,Kia Yau Chang,,,MAS,,Bronze,114,true,https://ipho-unofficial.org/search/estudiantes.csv,age_missing;project_na
IPhO,2023,The Manh Phan,,,VNM,,Bronze,115,true,https://ipho-unofficial.org/search/estudiantes.csv,age_missing;project_na
IPhO,2023,Javohir Sultanov,,,UZB,,Bronze,116,true,https://ipho-unofficial.org/search/estudiantes.csv,age_missing;project_na
IPhO,2023,Majkl Georgievski,,,MKD,,Bronze,117,true,https://ipho-unofficial.org/search/estudiantes.csv,age_missing;project_na
IPhO,2023,Harold Scott Chua,,,PHI,,Bronze,117,true,https://ipho-unofficial.org/search/estudiantes.csv,age_missing;project_na
IPhO,2023,Golam Ishtiak,,,BGD,,Bronze,119,true,https://ipho-unofficial.org/search/estudiantes.csv,age_missing;project_na
IPhO,2023,Viktor Lukianikhin,,,UKR,,Bronze,119,true,https://ipho-unofficial.org/search/estudiantes.csv,age_missing;project_na
IPhO,2023,Oliver Eckstädt,,,GER,,Bronze,121,true,https://ipho-unofficial.org/search/estudiantes.csv,age_missing;project_na
IPhO,2023,Eppu Leinonen,,,FIN,,Bronze,122,true,https://ipho-unofficial.org/search/estudiantes.csv,age_missing;project_na
IPhO,2023,Zander Li,,,CAN,,Bronze,123,true,https://ipho-unofficial.org/search/estudiantes.csv,age_missing;project_na
IPhO,2023,Borna Perković,,,HRV,,Bronze,123,true,https://ipho-unofficial.org/search/estudiantes.csv,age_missing;project_na
IPhO,2023,Nopparuj Sodsri,,,THA,,Bronze,125,true,https://ipho-unofficial.org/search/estudiantes.csv,age_missing;project_na
IPhO,2023,Margulan Ismoldayev,,,BGR,,Bronze,126,true,https://ipho-unofficial.org/search/estudiantes.csv,age_missing;project_na
IPhO,2023,Wenhe Zhang,,,CAN,,Bronze,126,true,https://ipho-unofficial.org/search/estudiantes.csv,age_missing;project_na
IPhO,2023,Žan Ambrožič,,,SVN,,Bronze,128,true,https://ipho-unofficial.org/search/estudiantes.csv,age_missing;project_na
IPhO,2023,Luka Tvalavadze,,,GEO,,Bronze,129,true,https://ipho-unofficial.org/search/estudiantes.csv,age_missing;project_na
IPhO,2023,Moritz Rohner,,,LUX,,Bronze,130,true,https://ipho-unofficial.org/search/estudiantes.csv,age_missing;project_na
IPhO,2023,Samo Krejan,,,SVN,,Bronze,130,true,https://ipho-unofficial.org/search/estudiantes.csv,age_missing;project_na
IPhO,2023,Tadija Jelesijević,,,SRB,,Bronze,132,true,https://ipho-unofficial.org/search/estudiantes.csv,age_missing;project_na
IPhO,2023,Liam Chen,,,AUS,,Bronze,133,true,https://ipho-unofficial.org/search/estudiantes.csv,age_missing;project_na
IPhO,2023,Lukáš Javora,,,CZE,,Bronze,133,true,https://ipho-unofficial.org/search/estudiantes.csv,age_missing;project_na
IPhO,2023,Arved Schomerus,,,DEN,,Bronze,133,true,https://ipho-unofficial.org/search/estudiantes.csv,age_missing;project_na
IPhO,2023,Dávid Fey,,,HUN,,Bronze,133,true,https://ipho-unofficial.org/search/estudiantes.csv,age_missing;project_na
IPhO,2023,Vuk Hip,,,SRB,,Bronze,133,true,https://ipho-unofficial.org/search/estudiantes.csv,age_missing;project_na
IPhO,2023,Vilmos Molnár-Szabó,,,HUN,,Bronze,138,true,https://ipho-unofficial.org/search/estudiantes.csv,age_missing;project_na
IPhO,2023,Timothy David Skipper,,,ESP,,Bronze,139,true,https://ipho-unofficial.org/search/estudiantes.csv,age_missing;project_na
IPhO,2023,Azjargal Ganbold,,,MNG,,Bronze,140,true,https://ipho-unofficial.org/search/estudiantes.csv,age_missing;project_na
IPhO,2023,Miha Brvar,,,SVN,,Bronze,140,true,https://ipho-unofficial.org/search/estudiantes.csv,age_missing;project_na
IPhO,2023,Adrian Serrano Capatina,,,SUI,,Bronze,142,true,https://ipho-unofficial.org/search/estudiantes.csv,age_missing;project_na
IPhO,2023,Areg Barseghyan,,,ARM,,Bronze,143,true,https://ipho-unofficial.org/search/estudiantes.csv,age_missing;project_na
IPhO,2023,Andria Manjavidze,,,GEO,,Bronze,144,true,https://ipho-unofficial.org/search/estudiantes.csv,age_missing;project_na
IPhO,2023,Jian Bin Wong,,,MAS,,Bronze,144,true,https://ipho-unofficial.org/search/estudiantes.csv,age_missing;project_na
IPhO,2023,Yovo Yovchev,,,BGR,,Bronze,146,true,https://ipho-unofficial.org/search/estudiantes.csv,age_missing;project_na
IPhO,2023,Md Fahim Abrar,,,BGD,,Bronze,147,true,https://ipho-unofficial.org/search/estudiantes.csv,age_missing;project_na
IPhO,2023,Lucas Tavares Vitoriano,,,BRA,,Bronze,148,true,https://ipho-unofficial.org/search/estudiantes.csv,age_missing;project_na
IPhO,2023,Kodai Tsutsui,,,SUI,,Bronze,148,true,https://ipho-unofficial.org/search/estudiantes.csv,age_missing;project_na
IPhO,2023,Mateusz Kamiński,,,POL,,Bronze,148,true,https://ipho-unofficial.org/search/estudiantes.csv,age_missing;project_na
IPhO,2023,Rumen Lyubomirov Dimitrov,,,BGR,,Bronze,151,true,https://ipho-unofficial.org/search/estudiantes.csv,age_missing;project_na
IPhO,2023,Shayan Feyz,,,IRN,,Bronze,152,true,https://ipho-unofficial.org/search/estudiantes.csv,age_missing;project_na
IPhO,2023,Dair Nurtayev,,,KAZ,,Bronze,152,true,https://ipho-unofficial.org/search/estudiantes.csv,age_missing;project_na
IPhO,2023,Jan Stojanovski,,,MKD,,Bronze,154,true,https://ipho-unofficial.org/search/estudiantes.csv,age_missing;project_na
IPhO,2023,Luise Köhler,,,GER,,Bronze,155,true,https://ipho-unofficial.org/search/estudiantes.csv,age_missing;project_na
IPhO,2023,Ralf Robert Paabo,,,EST,,Bronze,155,true,https://ipho-unofficial.org/search/estudiantes.csv,age_missing;project_na
IPhO,2023,Arda Ünver,,,TUR,,Bronze,157,true,https://ipho-unofficial.org/search/estudiantes.csv,age_missing;project_na
IPhO,2023,Luke Pospiech,,,GER,,Bronze,158,true,https://ipho-unofficial.org/search/estudiantes.csv,age_missing;project_na
IPhO,2023,Muhammad Arif Khalfani Ismail,,,IDN,,Bronze,159,true,https://ipho-unofficial.org/search/estudiantes.csv,age_missing;project_na
IPhO,2023,Petro Suvorov,,,UKR,,Bronze,159,true,https://ipho-unofficial.org/search/estudiantes.csv,age_missing;project_na
IPhO,2023,Batbayar Gurbazar,,,MNG,,Bronze,161,true,https://ipho-unofficial.org/search/estudiantes.csv,age_missing;project_na
IPhO,2023,Maria Arakelyan,,,ARM,,Bronze,162,true,https://ipho-unofficial.org/search/estudiantes.csv,age_missing;project_na
IPhO,2023,Eric Yuang Shao,,,CAN,,Bronze,163,true,https://ipho-unofficial.org/search/estudiantes.csv,age_missing;project_na
IPhO,2023,Yaroslav Kondrachuk,,,UKR,,Bronze,164,true,https://ipho-unofficial.org/search/estudiantes.csv,age_missing;project_na
IPhO,2023,Arsen Aghayan,,,ARM,,Bronze,165,true,https://ipho-unofficial.org/search/estudiantes.csv,age_missing;project_na
IPhO,2023,Christian Vogel,,,GER,,Bronze,165,true,https://ipho-unofficial.org/search/estudiantes.csv,age_missing;project_na
IPhO,2023,Maryna Bohdan,,,UKR,,Bronze,167,true,https://ipho-unofficial.org/search/estudiantes.csv,age_missing;project_na
IPhO,2023,Sava Todorović,,,SRB,,Bronze,168,true,https://ipho-unofficial.org/search/estudiantes.csv,age_missing;project_na
IPhO,2023,Murad Abdulkarim,,,AZE,,Bronze,169,true,https://ipho-unofficial.org/search/estudiantes.csv,age_missing;project_na
IPhO,2023,Benedek Bencz,,,HUN,,Bronze,170,true,https://ipho-unofficial.org/search/estudiantes.csv,age_missing;project_na
IPhO,2023,Barnabás Molnár,,,HUN,,Bronze,171,true,https://ipho-unofficial.org/search/estudiantes.csv,age_missing;project_na
IPhO,2023,Paisie Rusu,,,MDA,,Bronze,171,true,https://ipho-unofficial.org/search/estudiantes.csv,age_missing;project_na
IPhO,2023,Bayan Gechev,,,BGR,,Bronze,173,true,https://ipho-unofficial.org/search/estudiantes.csv,age_missing;project_na
IPhO,2023,Tsz Yin Kwok,,,HKG,,Bronze,173,true,https://ipho-unofficial.org/search/estudiantes.csv,age_missing;project_na
IPhO,2023,Nijat Abbasov,,,AZE,,Bronze,175,true,https://ipho-unofficial.org/search/estudiantes.csv,age_missing;project_na
IPhO,2023,Julian Mathe,,,BEL,,Bronze,175,true,https://ipho-unofficial.org/search/estudiantes.csv,age_missing;project_na
IPhO,2023,Tadej Ristić,,,SRB,,Bronze,175,true,https://ipho-unofficial.org/search/estudiantes.csv,age_missing;project_na
IPhO,2023,Dženan Midžić,,,BIH,,Bronze,178,true,https://ipho-unofficial.org/search/estudiantes.csv,age_missing;project_na
IPhO,2023,Wai In Chu,,,MAC,,Bronze,178,true,https://ipho-unofficial.org/search/estudiantes.csv,age_missing;project_na
IPhO,2023,Saskia Põldmaa,,,EST,,Bronze,180,true,https://ipho-unofficial.org/search/estudiantes.csv,age_missing;project_na
IPhO,2023,Mali Jongman-Rios,,,UNK,,Bronze,180,true,https://ipho-unofficial.org/search/estudiantes.csv,age_missing;project_na
IPhO,2023,Ilya Reutin,,,LVA,,Bronze,180,true,https://ipho-unofficial.org/search/estudiantes.csv,age_missing;project_na
IPhO,2023,Odysseas Kotzampasis,,,HEL,,Bronze,183,true,https://ipho-unofficial.org/search/estudiantes.csv,age_missing;project_na
IPhO,2023,Giulio Cosentino,,,ITA,,Bronze,183,true,https://ipho-unofficial.org/search/estudiantes.csv,age_missing;project_na
IPhO,2023,Stanislavs Dubrovskis,,,LVA,,Bronze,183,true,https://ipho-unofficial.org/search/estudiantes.csv,age_missing;project_na
IPhO,2023,Hussain Jamal H Qadah,,,SAU,,Bronze,183,true,https://ipho-unofficial.org/search/estudiantes.csv,age_missing;project_na
IPhO,2023,Charalampos Nikolaou,,,HEL,,Bronze,187,true,https://ipho-unofficial.org/search/estudiantes.csv,age_missing;project_na
IPhO,2023,Vyacheslav Petrosyan,,,ARM,,Bronze,188,true,https://ipho-unofficial.org/search/estudiantes.csv,age_missing;project_na
IPhO,2023,Hugo Fares Menhem,,,BRA,,Bronze,188,true,https://ipho-unofficial.org/search/estudiantes.csv,age_missing;project_na
IPhO,2023,Adeline Leclerc,,,FRA,,Bronze,188,true,https://ipho-unofficial.org/search/estudiantes.csv,age_missing;project_na
IPhO,2023,Viktor Vuković,,,HRV,,Bronze,188,true,https://ipho-unofficial.org/search/estudiantes.csv,age_missing;project_na
IPhO,2023,Csanád Gyula Budai,,,HUN,,Bronze,188,true,https://ipho-unofficial.org/search/estudiantes.csv,age_missing;project_na
IPhO,2023,Vadim Ionaș,,,MDA,,Bronze,188,true,https://ipho-unofficial.org/search/estudiantes.csv,age_missing;project_na
IPhO,2023,Irene Armesto Méndez,,,ESP,,Bronze,194,true,https://ipho-unofficial.org/search/estudiantes.csv,age_missing;project_na
IPhO,2023,Aleksei Jemeljanov,,,EST,,Bronze,194,true,https://ipho-unofficial.org/search/estudiantes.csv,age_missing;project_na
IPhO,2023,Thongchai Archaboonyasek,,,THA,,Bronze,194,true,https://ipho-unofficial.org/search/estudiantes.csv,age_missing;project_na
IPhO,2023,Michail Ognyanov,,,BEL,,Bronze,197,true,https://ipho-unofficial.org/search/estudiantes.csv,age_missing;project_na
IPhO,2023,Robert Stepanyan,,,NLD,,Bronze,197,true,https://ipho-unofficial.org/search/estudiantes.csv,age_missing;project_na
IPhO,2023,Ughur Azim,,,AZE,,Bronze,199,true,https://ipho-unofficial.org/search/estudiantes.csv,age_missing;project_na
IPhO,2023,Ivan Hegedić,,,HRV,,Bronze,199,true,https://ipho-unofficial.org/search/estudiantes.csv,age_missing;project_na
IPhO,2023,Youssof Abdelrahim,,,QAT,,Bronze,199,true,https://ipho-unofficial.org/search/estudiantes.csv,age_missing;project_na
IPhO,2023,Tomas Razbadauskas,,,LTU,,Bronze,202,true,https://ipho-unofficial.org/search/estudiantes.csv,age_missing;project_na
IPhO,2023,Mazen Zaid A Alshakhs,,,SAU,,Bronze,202,true,https://ipho-unofficial.org/search/estudiantes.csv,age_missing;project_na
IPhO,2023,Đorđe Parojčić,,,SRB,,Bronze,202,true,https://ipho-unofficial.org/search/estudiantes.csv,age_missing;project_na
IPhO,2023,Muhamed Numanović,,,BIH,,Bronze,205,true,https://ipho-unofficial.org/search/estudiantes.csv,age_missing;project_na
IPhO,2023,Jônatas Augusto De Paula,,,BRA,,Bronze,205,true,https://ipho-unofficial.org/search/estudiantes.csv,age_missing;project_na
IPhO,2023,Ruben Mason Carpenter,,,ESP,,Bronze,205,true,https://ipho-unofficial.org/search/estudiantes.csv,age_missing;project_na
IPhO,2023,Louis Fréchette,,,FRA,,Bronze,205,true,https://ipho-unofficial.org/search/estudiantes.csv,age_missing;project_na
IPhO,2023,Paulius Kalinauskas,,,LTU,,Bronze,205,true,https://ipho-unofficial.org/search/estudiantes.csv,age_missing;project_na
IPhO,2023,Lukass Kellijs,,,LVA,,Bronze,205,true,https://ipho-unofficial.org/search/estudiantes.csv,age_missing;project_na
IPhO,2023,Benjamin Patrick Tonner,,,AUT,,Bronze,211,true,https://ipho-unofficial.org/search/estudiantes.csv,age_missing;project_na
IPhO,2023,David Bálek,,,CZE,,Bronze,211,true,https://ipho-unofficial.org/search/estudiantes.csv,age_missing;project_na
IPhO,2023,Andrea Giuri,,,ITA,,Bronze,211,true,https://ipho-unofficial.org/search/estudiantes.csv,age_missing;project_na
IPhO,2023,Ka Wa Wong,,,MAC,,Bronze,211,true,https://ipho-unofficial.org/search/estudiantes.csv,age_missing;project_na
IPhO,2024,Zhang Xinrui,,,CHN,,Gold,1,true,https://ipho-unofficial.org/search/estudiantes.csv,age_missing;project_na
IPhO,2024,Jin Shuyu,,,CHN,,Gold,2,true,https://ipho-unofficial.org/search/estudiantes.csv,age_missing;project_na
IPhO,2024,Potapov Egor,,,RUS,,Gold,3,true,https://ipho-unofficial.org/search/estudiantes.csv,age_missing;project_na
IPhO,2024,Wang Zehua,,,CHN,,Gold,4,true,https://ipho-unofficial.org/search/estudiantes.csv,age_missing;project_na
IPhO,2024,Pan Siyan,,,CHN,,Gold,5,true,https://ipho-unofficial.org/search/estudiantes.csv,age_missing;project_na
IPhO,2024,Sun Rongxi,,,CHN,,Gold,6,true,https://ipho-unofficial.org/search/estudiantes.csv,age_missing;project_na
IPhO,2024,Gavrilov Daniil,,,RUS,,Gold,7,true,https://ipho-unofficial.org/search/estudiantes.csv,age_missing;project_na
IPhO,2024,Dragomir Andrei-Darius,,,ROU,,Gold,8,true,https://ipho-unofficial.org/search/estudiantes.csv,age_missing;project_na
IPhO,2024,Than The Cong,,,VNM,,Gold,9,true,https://ipho-unofficial.org/search/estudiantes.csv,age_missing;project_na
IPhO,2024,Gashpar Aleksei,,,RUS,,Gold,10,true,https://ipho-unofficial.org/search/estudiantes.csv,age_missing;project_na
IPhO,2024,Likhokon Ivan,,,RUS,,Gold,11,true,https://ipho-unofficial.org/search/estudiantes.csv,age_missing;project_na
IPhO,2024,Mohammad Amin Hagh Joo,,,IRN,,Gold,12,true,https://ipho-unofficial.org/search/estudiantes.csv,age_missing;project_na
IPhO,2024,Truong Phi Hung,,,VNM,,Gold,13,true,https://ipho-unofficial.org/search/estudiantes.csv,age_missing;project_na
IPhO,2024,Momoiu Alexandru,,,ROU,,Gold,14,true,https://ipho-unofficial.org/search/estudiantes.csv,age_missing;project_na
IPhO,2024,Rhythm Kedia,,,IND,,Gold,15,true,https://ipho-unofficial.org/search/estudiantes.csv,age_missing;project_na
IPhO,2024,Stan Ionut-Gabriel,,,ROU,,Gold,16,true,https://ipho-unofficial.org/search/estudiantes.csv,age_missing;project_na
IPhO,2024,Ved Lahoti,,,IND,,Gold,17,true,https://ipho-unofficial.org/search/estudiantes.csv,age_missing;project_na
IPhO,2024,Alina Palonskaya,,,BLR,,Gold,18,true,https://ipho-unofficial.org/search/estudiantes.csv,age_missing;project_na
IPhO,2024,Behrad Mohammadian,,,IRN,,Silver,19,true,https://ipho-unofficial.org/search/estudiantes.csv,age_missing;project_na
IPhO,2024,Anisimov Aleksandr,,,RUS,,Silver,20,true,https://ipho-unofficial.org/search/estudiantes.csv,age_missing;project_na
IPhO,2024,Bhavya Tiwari,,,IND,,Silver,21,true,https://ipho-unofficial.org/search/estudiantes.csv,age_missing;project_na
IPhO,2024,Minjae Kim,,,KOR,,Silver,22,true,https://ipho-unofficial.org/search/estudiantes.csv,age_missing;project_na
IPhO,2024,Akarsh Raj Sahay,,,IND,,Silver,23,true,https://ipho-unofficial.org/search/estudiantes.csv,age_missing;project_na
IPhO,2024,Mendelsohn Mendel-Emanuel,,,ROU,,Silver,24,true,https://ipho-unofficial.org/search/estudiantes.csv,age_missing;project_na
IPhO,2024,Seyedmohammad Hosseini,,,IRN,,Silver,25,true,https://ipho-unofficial.org/search/estudiantes.csv,age_missing;project_na
IPhO,2024,Abolfazl Shiri,,,IRN,,Silver,26,true,https://ipho-unofficial.org/search/estudiantes.csv,age_missing;project_na
IPhO,2024,Tudose Rares-Felix,,,ROU,,Silver,27,true,https://ipho-unofficial.org/search/estudiantes.csv,age_missing;project_na
IPhO,2024,Kim Artur,,,KAZ,,Silver,28,true,https://ipho-unofficial.org/search/estudiantes.csv,age_missing;project_na
IPhO,2024,Val Karan,,,HRV,,Silver,29,true,https://ipho-unofficial.org/search/estudiantes.csv,age_missing;project_na
IPhO,2024,Nguyen Nhat Minh,,,VNM,,Silver,30,true,https://ipho-unofficial.org/search/estudiantes.csv,age_missing;project_na
IPhO,2024,Bissimbi Doszhan,,,KAZ,,Silver,31,true,https://ipho-unofficial.org/search/estudiantes.csv,age_missing;project_na
IPhO,2024,Arda Ünver,,,TUR,,Silver,32,true,https://ipho-unofficial.org/search/estudiantes.csv,age_missing;project_na
IPhO,2024,Luka Tvalavadze,,,GEO,,Silver,33,true,https://ipho-unofficial.org/search/estudiantes.csv,age_missing;project_na
IPhO,2024,Sarah Musaei,,,IRN,,Silver,34,true,https://ipho-unofficial.org/search/estudiantes.csv,age_missing;project_na
IPhO,2024,Nursagatov Margulan,,,KAZ,,Silver,35,true,https://ipho-unofficial.org/search/estudiantes.csv,age_missing;project_na
IPhO,2024,Pshenvayev Amir,,,KAZ,,Silver,36,true,https://ipho-unofficial.org/search/estudiantes.csv,age_missing;project_na
IPhO,2024,Azjargal Ganbold,,,MNG,,Silver,37,true,https://ipho-unofficial.org/search/estudiantes.csv,age_missing;project_na
IPhO,2024,Mohamad Eid Al Aktaa,,,SYR,,Silver,38,true,https://ipho-unofficial.org/search/estudiantes.csv,age_missing;project_na
IPhO,2024,Kutay Kulbak,,,TUR,,Silver,39,true,https://ipho-unofficial.org/search/estudiantes.csv,age_missing;project_na
IPhO,2024,Mihail Khyrsin,,,BLR,,Silver,40,true,https://ipho-unofficial.org/search/estudiantes.csv,age_missing;project_na
IPhO,2024,Bahaa Aldeen Melhem,,,SYR,,Silver,41,true,https://ipho-unofficial.org/search/estudiantes.csv,age_missing;project_na
IPhO,2024,Drobnjaković Andrej,,,SRB,,Silver,42,true,https://ipho-unofficial.org/search/estudiantes.csv,age_missing;project_na
IPhO,2024,Ara Mahdessian,,,CYP,,Silver,43,true,https://ipho-unofficial.org/search/estudiantes.csv,age_missing;project_na
IPhO,2024,Bayan Momchilov Gechev,,,BGR,,Silver,44,true,https://ipho-unofficial.org/search/estudiantes.csv,age_missing;project_na
IPhO,2024,Jaiveer Singh,,,IND,,Silver,45,true,https://ipho-unofficial.org/search/estudiantes.csv,age_missing;project_na
IPhO,2024,Ha Duyen Phuc,,,VNM,,Silver,46,true,https://ipho-unofficial.org/search/estudiantes.csv,age_missing;project_na
IPhO,2024,Alshakhs Mazen Zaid A,,,SAU,,Silver,47,true,https://ipho-unofficial.org/search/estudiantes.csv,age_missing;project_na
IPhO,2024,S M Abdul Fattah,,,BGD,,Silver,48,true,https://ipho-unofficial.org/search/estudiantes.csv,age_missing;project_na
IPhO,2024,Nguyen Thanh Duy,,,VNM,,Silver,49,true,https://ipho-unofficial.org/search/estudiantes.csv,age_missing;project_na
IPhO,2024,Ibrahim Valehli,,,AZE,,Silver,50,true,https://ipho-unofficial.org/search/estudiantes.csv,age_missing;project_na
IPhO,2024,Tornike Tsadzikidze,,,GEO,,Silver,51,true,https://ipho-unofficial.org/search/estudiantes.csv,age_missing;project_na
IPhO,2024,Zahran Nizar Fadhlan,,,IDN,,Silver,52,true,https://ipho-unofficial.org/search/estudiantes.csv,age_missing;project_na
IPhO,2024,Jan Stojanovski,,,MKD,,Silver,53,true,https://ipho-unofficial.org/search/estudiantes.csv,age_missing;project_na
IPhO,2024,Abdul Hadi Chmachan,,,SYR,,Bronze,54,true,https://ipho-unofficial.org/search/estudiantes.csv,age_missing;project_na
IPhO,2024,Andrei Yersh,,,BLR,,Bronze,55,true,https://ipho-unofficial.org/search/estudiantes.csv,age_missing;project_na
IPhO,2024,Vukašin Babić,,,SRB,,Bronze,56,true,https://ipho-unofficial.org/search/estudiantes.csv,age_missing;project_na
IPhO,2024,Tirumalanaga Saivijayaanjaneya Tejas Penugonda,,,UAE,,Bronze,57,true,https://ipho-unofficial.org/search/estudiantes.csv,age_missing;project_na
IPhO,2024,Phattharaphon Thanaphithak,,,THA,,Bronze,57,true,https://ipho-unofficial.org/search/estudiantes.csv,age_missing;project_na
IPhO,2024,Artem Levko,,,BLR,,Bronze,59,true,https://ipho-unofficial.org/search/estudiantes.csv,age_missing;project_na
IPhO,2024,Alp Terliksiz,,,TUR,,Bronze,60,true,https://ipho-unofficial.org/search/estudiantes.csv,age_missing;project_na
IPhO,2024,Luka Duplancic,,,HRV,,Bronze,61,true,https://ipho-unofficial.org/search/estudiantes.csv,age_missing;project_na
IPhO,2024,Al Qanbar Wesam Abduljalil A,,,SAU,,Bronze,62,true,https://ipho-unofficial.org/search/estudiantes.csv,age_missing;project_na
IPhO,2024,Ziad Badleh,,,SYR,,Bronze,63,true,https://ipho-unofficial.org/search/estudiantes.csv,age_missing;project_na
IPhO,2024,Thudpu Udomkiat,,,THA,,Bronze,64,true,https://ipho-unofficial.org/search/estudiantes.csv,age_missing;project_na
IPhO,2024,Javohir Sadullaev,,,UZB,,Bronze,65,true,https://ipho-unofficial.org/search/estudiantes.csv,age_missing;project_na
IPhO,2024,Ilya Ivanov,,,BLR,,Bronze,66,true,https://ipho-unofficial.org/search/estudiantes.csv,age_missing;project_na
IPhO,2024,Talha Ashraf,,,PAK,,Bronze,67,true,https://ipho-unofficial.org/search/estudiantes.csv,age_missing;project_na
IPhO,2024,Anas Mayya,,,SYR,,Bronze,68,true,https://ipho-unofficial.org/search/estudiantes.csv,age_missing;project_na
IPhO,2024,Georgi Kostadinov Kostadinov,,,BGR,,Bronze,69,true,https://ipho-unofficial.org/search/estudiantes.csv,age_missing;project_na
IPhO,2024,Atarkhuu Soyolkhuu,,,MNG,,Bronze,70,true,https://ipho-unofficial.org/search/estudiantes.csv,age_missing;project_na
IPhO,2024,Arsen Aghayan,,,ARM,,Bronze,71,true,https://ipho-unofficial.org/search/estudiantes.csv,age_missing;project_na
IPhO,2024,Huzaifa Altamash,,,PAK,,Bronze,72,true,https://ipho-unofficial.org/search/estudiantes.csv,age_missing;project_na
IPhO,2024,Batbayar Gurbazar,,,MNG,,Bronze,73,true,https://ipho-unofficial.org/search/estudiantes.csv,age_missing;project_na
IPhO,2024,Ilia Genchev Nikov,,,BGR,,Bronze,74,true,https://ipho-unofficial.org/search/estudiantes.csv,age_missing;project_na
IPhO,2024,Munkh-Orgil Munkhtulga,,,MNG,,Bronze,75,true,https://ipho-unofficial.org/search/estudiantes.csv,age_missing;project_na
IPhO,2024,Emilija Nikolovska,,,MKD,,Bronze,76,true,https://ipho-unofficial.org/search/estudiantes.csv,age_missing;project_na
IPhO,2024,Golubović Filip,,,SRB,,Bronze,77,true,https://ipho-unofficial.org/search/estudiantes.csv,age_missing;project_na
IPhO,2024,Tanusson Wunnasom,,,THA,,Bronze,78,true,https://ipho-unofficial.org/search/estudiantes.csv,age_missing;project_na
IPhO,2024,Kalfov Geo Geov,,,BGR,,Bronze,79,true,https://ipho-unofficial.org/search/estudiantes.csv,age_missing;project_na
IPhO,2024,Miodrag Ostojić,,,BIH,,Bronze,80,true,https://ipho-unofficial.org/search/estudiantes.csv,age_missing;project_na
IPhO,2024,Agraj Chapagain,,,NPL,,Bronze,81,true,https://ipho-unofficial.org/search/estudiantes.csv,age_missing;project_na
IPhO,2024,Davit Kldiashvili,,,GEO,,Bronze,82,true,https://ipho-unofficial.org/search/estudiantes.csv,age_missing;project_na
IPhO,2024,Radovanović Mihailo,,,SRB,,Bronze,83,true,https://ipho-unofficial.org/search/estudiantes.csv,age_missing;project_na
IPhO,2024,Jelesijević Tadija,,,SRB,,Bronze,84,true,https://ipho-unofficial.org/search/estudiantes.csv,age_missing;project_na
IPhO,2024,Fadhlallah Ahmed Sameer S,,,SAU,,Bronze,85,true,https://ipho-unofficial.org/search/estudiantes.csv,age_missing;project_na
IPhO,2024,Galstyan Narek,,,ARM,,Bronze,86,true,https://ipho-unofficial.org/search/estudiantes.csv,age_missing;project_na
IPhO,2024,Franjo Kresimir Jalsovec,,,HRV,,Bronze,87,true,https://ipho-unofficial.org/search/estudiantes.csv,age_missing;project_na
IPhO,2024,Muhammad Salman Tarar,,,PAK,,Bronze,88,true,https://ipho-unofficial.org/search/estudiantes.csv,age_missing;project_na
IPhO,2024,Gasparyan Artyom,,,ARM,,Bronze,89,true,https://ipho-unofficial.org/search/estudiantes.csv,age_missing;project_na
IPhO,2024,Tsotne Giorgadze,,,GEO,,Bronze,90,true,https://ipho-unofficial.org/search/estudiantes.csv,age_missing;project_na
IPhO,2024,Serazus Salekin Samin,,,BGD,,Bronze,90,true,https://ipho-unofficial.org/search/estudiantes.csv,age_missing;project_na
IPhO,2024,Javier Gil García,,,MEX,,Bronze,92,true,https://ipho-unofficial.org/search/estudiantes.csv,age_missing;project_na
IPhO,2024,Kazymbek Iliyas,,,KAZ,,Bronze,93,true,https://ipho-unofficial.org/search/estudiantes.csv,age_missing;project_na
IPhO,2024,Hu Yunxin,,,BGR,,Bronze,94,true,https://ipho-unofficial.org/search/estudiantes.csv,age_missing;project_na
IPhO,2024,Murad Ismayilov,,,AZE,,Bronze,94,true,https://ipho-unofficial.org/search/estudiantes.csv,age_missing;project_na
IPhO,2024,Carson Τai Kar Shing,,,MAS,,Bronze,96,true,https://ipho-unofficial.org/search/estudiantes.csv,age_missing;project_na
IPhO,2024,Popsuk Sumetchoengprachya,,,THA,,Bronze,97,true,https://ipho-unofficial.org/search/estudiantes.csv,age_missing;project_na
IPhO,2024,Muhamed Numanović,,,BIH,,Bronze,97,true,https://ipho-unofficial.org/search/estudiantes.csv,age_missing;project_na
IPhO,2024,Ichinbat Erkhembayar,,,MNG,,Bronze,99,true,https://ipho-unofficial.org/search/estudiantes.csv,age_missing;project_na
IPhO,2024,Andrej Stojanovski,,,MKD,,Bronze,100,true,https://ipho-unofficial.org/search/estudiantes.csv,age_missing;project_na
IPhO,2024,Kaitlyn Iliana Toniman,,,IDN,,Bronze,101,true,https://ipho-unofficial.org/search/estudiantes.csv,age_missing;project_na
IPhO,2024,Halil Ibrahim Yenitürk,,,TUR,,Bronze,102,true,https://ipho-unofficial.org/search/estudiantes.csv,age_missing;project_na
IPhO,2024,Secrieru Alex,,,MDA,,Bronze,103,true,https://ipho-unofficial.org/search/estudiantes.csv,age_missing;project_na
IPhO,2024,Alghamdi Faris Abdulrahman G,,,SAU,,Bronze,104,true,https://ipho-unofficial.org/search/estudiantes.csv,age_missing;project_na
IPhO,2024,Salimov Husanjon,,,TJK,,Bronze,105,true,https://ipho-unofficial.org/search/estudiantes.csv,age_missing;project_na
IPhO,2024,Baratali Bektur,,,KGZ,,Bronze,106,true,https://ipho-unofficial.org/search/estudiantes.csv,age_missing;project_na
IPhO,2025,Hyeokjoon Lee,,,KOR,,Gold,1,true,https://ipho-unofficial.org/search/estudiantes.csv,age_missing;project_na
IPhO,2025,Pengyu Tong,,,CHN,,Gold,2,true,https://ipho-unofficial.org/search/estudiantes.csv,age_missing;project_na
IPhO,2025,Kento Kakutani,,,JPN,,Gold,3,true,https://ipho-unofficial.org/search/estudiantes.csv,age_missing;project_na
IPhO,2025,Lincoln Liu,,,HKG,,Gold,4,true,https://ipho-unofficial.org/search/estudiantes.csv,age_missing;project_na
IPhO,2025,Jinshu Dong,,,CHN,,Gold,5,true,https://ipho-unofficial.org/search/estudiantes.csv,age_missing;project_na
IPhO,2025,Zijian Guo,,,CHN,,Gold,6,true,https://ipho-unofficial.org/search/estudiantes.csv,age_missing;project_na
IPhO,2025,Allen Li,,,USA,,Gold,6,true,https://ipho-unofficial.org/search/estudiantes.csv,age_missing;project_na
IPhO,2025,Ionut-Gabriel Stan,,,ROU,,Gold,8,true,https://ipho-unofficial.org/search/estudiantes.csv,age_missing;project_na
IPhO,2025,Joshua Thomas Wang,,,USA,,Gold,9,true,https://ipho-unofficial.org/search/estudiantes.csv,age_missing;project_na
IPhO,2025,Mikhail Aronov,,,RUS,,Gold,10,true,https://ipho-unofficial.org/search/estudiantes.csv,age_missing;project_na
IPhO,2025,Xiao Ling,,,CHN,,Gold,11,true,https://ipho-unofficial.org/search/estudiantes.csv,age_missing;project_na
IPhO,2025,Agastya Goel,,,USA,,Gold,12,true,https://ipho-unofficial.org/search/estudiantes.csv,age_missing;project_na
IPhO,2025,Chung-Ta Tsai,,,TWN,,Gold,13,true,https://ipho-unofficial.org/search/estudiantes.csv,age_missing;project_na
IPhO,2025,Houlai Zhou,,,AUS,,Gold,14,true,https://ipho-unofficial.org/search/estudiantes.csv,age_missing;project_na
IPhO,2025,Chung-Chin Ho,,,TWN,,Gold,15,true,https://ipho-unofficial.org/search/estudiantes.csv,age_missing;project_na
IPhO,2025,The Quan Nguyen,,,VNM,,Gold,16,true,https://ipho-unofficial.org/search/estudiantes.csv,age_missing;project_na
IPhO,2025,Jungmin Choi,,,KOR,,Gold,17,true,https://ipho-unofficial.org/search/estudiantes.csv,age_missing;project_na
IPhO,2025,Ivan Lukin,,,RUS,,Gold,18,true,https://ipho-unofficial.org/search/estudiantes.csv,age_missing;project_na
IPhO,2025,Kanishk Jain,,,IND,,Gold,19,true,https://ipho-unofficial.org/search/estudiantes.csv,age_missing;project_na
IPhO,2025,Taisei Hamada,,,JPN,,Gold,20,true,https://ipho-unofficial.org/search/estudiantes.csv,age_missing;project_na
IPhO,2025,Bill Fu,,,HKG,,Gold,21,true,https://ipho-unofficial.org/search/estudiantes.csv,age_missing;project_na
IPhO,2025,Grigorii Grechkin,,,RUS,,Gold,21,true,https://ipho-unofficial.org/search/estudiantes.csv,age_missing;project_na
IPhO,2025,Yota Sato,,,JPN,,Gold,23,true,https://ipho-unofficial.org/search/estudiantes.csv,age_missing;project_na
IPhO,2025,Yeonho Lee,,,KOR,,Gold,23,true,https://ipho-unofficial.org/search/estudiantes.csv,age_missing;project_na
IPhO,2025,Kai Wen Teo,,,SGP,,Gold,25,true,https://ipho-unofficial.org/search/estudiantes.csv,age_missing;project_na
IPhO,2025,Brian Zhang,,,USA,,Gold,26,true,https://ipho-unofficial.org/search/estudiantes.csv,age_missing;project_na
IPhO,2025,Sze Ho Edison Fu,,,HKG,,Gold,27,true,https://ipho-unofficial.org/search/estudiantes.csv,age_missing;project_na
IPhO,2025,Sirawish Musikasopon,,,THA,,Gold,27,true,https://ipho-unofficial.org/search/estudiantes.csv,age_missing;project_na
IPhO,2025,Feodor Yevtushenko,,,USA,,Gold,29,true,https://ipho-unofficial.org/search/estudiantes.csv,age_missing;project_na
IPhO,2025,Aljaz Erman,,,SVN,,Gold,30,true,https://ipho-unofficial.org/search/estudiantes.csv,age_missing;project_na
IPhO,2025,Yichen Yang,,,AUS,,Gold,31,true,https://ipho-unofficial.org/search/estudiantes.csv,age_missing;project_na
IPhO,2025,Snehil Jha,,,IND,,Gold,32,true,https://ipho-unofficial.org/search/estudiantes.csv,age_missing;project_na
IPhO,2025,Jihyeong Han,,,KOR,,Gold,33,true,https://ipho-unofficial.org/search/estudiantes.csv,age_missing;project_na
IPhO,2025,Riddhesh Anant Bendale,,,IND,,Gold,34,true,https://ipho-unofficial.org/search/estudiantes.csv,age_missing;project_na
IPhO,2025,Lok Hei Qiao,,,HKG,,Gold,35,true,https://ipho-unofficial.org/search/estudiantes.csv,age_missing;project_na
IPhO,2025,Yun-Chieh Su,,,TWN,,Gold,35,true,https://ipho-unofficial.org/search/estudiantes.csv,age_missing;project_na
IPhO,2025,Alon Hart,,,ISR,,Gold,37,true,https://ipho-unofficial.org/search/estudiantes.csv,age_missing;project_na
IPhO,2025,Aagam Jignesh Shah,,,IND,,Silver,38,true,https://ipho-unofficial.org/search/estudiantes.csv,age_missing;project_na
IPhO,2025,Egor Krivoshchekov,,,RUS,,Silver,38,true,https://ipho-unofficial.org/search/estudiantes.csv,age_missing;project_na
IPhO,2025,Zander Li,,,CAN,,Silver,40,true,https://ipho-unofficial.org/search/estudiantes.csv,age_missing;project_na
IPhO,2025,Geunyeong Jang,,,KOR,,Silver,41,true,https://ipho-unofficial.org/search/estudiantes.csv,age_missing;project_na
IPhO,2025,Raphael Zhi Xiang Teng,,,SGP,,Silver,42,true,https://ipho-unofficial.org/search/estudiantes.csv,age_missing;project_na
IPhO,2025,Aysenem Kakamyradova,,,TKM,,Silver,43,true,https://ipho-unofficial.org/search/estudiantes.csv,age_missing;project_na
IPhO,2025,Yuval Moses Zvi,,,ISR,,Silver,44,true,https://ipho-unofficial.org/search/estudiantes.csv,age_missing;project_na
IPhO,2025,Pavel Rukovchuk,,,RUS,,Silver,44,true,https://ipho-unofficial.org/search/estudiantes.csv,age_missing;project_na
IPhO,2025,Cheng-You Ho,,,TWN,,Silver,44,true,https://ipho-unofficial.org/search/estudiantes.csv,age_missing;project_na
IPhO,2025,Rajit Gupta,,,IND,,Silver,47,true,https://ipho-unofficial.org/search/estudiantes.csv,age_missing;project_na
IPhO,2025,Saskia Põldmaa,,,EST,,Silver,48,true,https://ipho-unofficial.org/search/estudiantes.csv,age_missing;project_na
IPhO,2025,Harik Sodhi,,,UNK,,Silver,49,true,https://ipho-unofficial.org/search/estudiantes.csv,age_missing;project_na
IPhO,2025,Yusei Idonuma,,,JPN,,Silver,50,true,https://ipho-unofficial.org/search/estudiantes.csv,age_missing;project_na
IPhO,2025,Chi Fung Leung,,,HKG,,Silver,51,true,https://ipho-unofficial.org/search/estudiantes.csv,age_missing;project_na
IPhO,2025,Robertas Juknevičius,,,LTU,,Silver,52,true,https://ipho-unofficial.org/search/estudiantes.csv,age_missing;project_na
IPhO,2025,Ba Khoi Ly,,,VNM,,Silver,52,true,https://ipho-unofficial.org/search/estudiantes.csv,age_missing;project_na
IPhO,2025,Matthew Junhao Yan,,,AUS,,Silver,54,true,https://ipho-unofficial.org/search/estudiantes.csv,age_missing;project_na
IPhO,2025,Amirbek Azatbekov,,,KAZ,,Silver,54,true,https://ipho-unofficial.org/search/estudiantes.csv,age_missing;project_na
IPhO,2025,Nazarii Vrashchuk,,,UKR,,Silver,56,true,https://ipho-unofficial.org/search/estudiantes.csv,age_missing;project_na
IPhO,2025,Adrian Grzegorz Rewkowskij,,,BLR,,Silver,57,true,https://ipho-unofficial.org/search/estudiantes.csv,age_missing;project_na
IPhO,2025,Matteo Jude Sze Yu Wee,,,SGP,,Silver,57,true,https://ipho-unofficial.org/search/estudiantes.csv,age_missing;project_na
IPhO,2025,Duc Dung Truong,,,VNM,,Silver,57,true,https://ipho-unofficial.org/search/estudiantes.csv,age_missing;project_na
IPhO,2025,Mahriban Kakamyradova,,,TKM,,Silver,60,true,https://ipho-unofficial.org/search/estudiantes.csv,age_missing;project_na
IPhO,2025,Bruno Machado Feltran,,,BRA,,Silver,61,true,https://ipho-unofficial.org/search/estudiantes.csv,age_missing;project_na
IPhO,2025,Mihai-Bogdan Cirocârlan,,,ROU,,Silver,61,true,https://ipho-unofficial.org/search/estudiantes.csv,age_missing;project_na
IPhO,2025,Sviatoslav Lavrenyuk,,,UKR,,Silver,63,true,https://ipho-unofficial.org/search/estudiantes.csv,age_missing;project_na
IPhO,2025,Bekassyl Yelubay,,,KAZ,,Silver,64,true,https://ipho-unofficial.org/search/estudiantes.csv,age_missing;project_na
IPhO,2025,Kuan-Yu Wang,,,TWN,,Silver,65,true,https://ipho-unofficial.org/search/estudiantes.csv,age_missing;project_na
IPhO,2025,Andrej Drobnjaković,,,SRB,,Silver,66,true,https://ipho-unofficial.org/search/estudiantes.csv,age_missing;project_na
IPhO,2025,Alexandru Condrea,,,ROU,,Silver,67,true,https://ipho-unofficial.org/search/estudiantes.csv,age_missing;project_na
IPhO,2025,Milad Mohammadi,,,IRN,,Silver,68,true,https://ipho-unofficial.org/search/estudiantes.csv,age_missing;project_na
IPhO,2025,Phattharaphon Thanaphithak,,,THA,,Silver,69,true,https://ipho-unofficial.org/search/estudiantes.csv,age_missing;project_na
IPhO,2025,Mohammadhasan Sadeghinejad Simaki,,,IRN,,Silver,70,true,https://ipho-unofficial.org/search/estudiantes.csv,age_missing;project_na
IPhO,2025,Noa Ben Israel,,,ISR,,Silver,70,true,https://ipho-unofficial.org/search/estudiantes.csv,age_missing;project_na
IPhO,2025,Oliver Eckstadt,,,GER,,Silver,72,true,https://ipho-unofficial.org/search/estudiantes.csv,age_missing;project_na
IPhO,2025,Cong Vinh Nguyen,,,VNM,,Silver,72,true,https://ipho-unofficial.org/search/estudiantes.csv,age_missing;project_na
IPhO,2025,Martin Kudrna,,,CZE,,Silver,74,true,https://ipho-unofficial.org/search/estudiantes.csv,age_missing;project_na
IPhO,2025,Amit Lanis,,,ISR,,Silver,75,true,https://ipho-unofficial.org/search/estudiantes.csv,age_missing;project_na
IPhO,2025,Haoyu Tian,,,CHN,,Silver,76,true,https://ipho-unofficial.org/search/estudiantes.csv,age_missing;project_na
IPhO,2025,Viachaslau Kleukin,,,BLR,,Silver,77,true,https://ipho-unofficial.org/search/estudiantes.csv,age_missing;project_na
IPhO,2025,Hugo Chartoire,,,FRA,,Silver,78,true,https://ipho-unofficial.org/search/estudiantes.csv,age_missing;project_na
IPhO,2025,Oles Fedirko,,,UKR,,Silver,78,true,https://ipho-unofficial.org/search/estudiantes.csv,age_missing;project_na
IPhO,2025,João Victor Evers Cordeiro,,,BRA,,Silver,80,true,https://ipho-unofficial.org/search/estudiantes.csv,age_missing;project_na
IPhO,2025,Batbayar Gurbazar,,,MNG,,Silver,80,true,https://ipho-unofficial.org/search/estudiantes.csv,age_missing;project_na
IPhO,2025,Ibrahim Valehli,,,AZE,,Silver,82,true,https://ipho-unofficial.org/search/estudiantes.csv,age_missing;project_na
IPhO,2025,Tomas Razbadauskas,,,LTU,,Silver,82,true,https://ipho-unofficial.org/search/estudiantes.csv,age_missing;project_na
IPhO,2025,Ilya Plastsinin,,,BLR,,Silver,84,true,https://ipho-unofficial.org/search/estudiantes.csv,age_missing;project_na
IPhO,2025,Arseny Kuzniatsou,,,BLR,,Silver,84,true,https://ipho-unofficial.org/search/estudiantes.csv,age_missing;project_na
IPhO,2025,Rares-Felix Tudose,,,ROU,,Silver,84,true,https://ipho-unofficial.org/search/estudiantes.csv,age_missing;project_na
IPhO,2025,Le Thien Nhan Tran,,,VNM,,Silver,87,true,https://ipho-unofficial.org/search/estudiantes.csv,age_missing;project_na
IPhO,2025,Paulo Vinicius Rodrigues De Azevedo,,,BRA,,Silver,88,true,https://ipho-unofficial.org/search/estudiantes.csv,age_missing;project_na
IPhO,2025,Robert Yang,,,CAN,,Silver,89,true,https://ipho-unofficial.org/search/estudiantes.csv,age_missing;project_na
IPhO,2025,Mohammadhassan Golabdar,,,IRN,,Silver,89,true,https://ipho-unofficial.org/search/estudiantes.csv,age_missing;project_na
IPhO,2025,Ojas Tiwari,,,UNK,,Silver,91,true,https://ipho-unofficial.org/search/estudiantes.csv,age_missing;project_na
IPhO,2025,Cheng Le Eng,,,SGP,,Silver,91,true,https://ipho-unofficial.org/search/estudiantes.csv,age_missing;project_na
IPhO,2025,Ichinbat Erkhembayar,,,MNG,,Silver,93,true,https://ipho-unofficial.org/search/estudiantes.csv,age_missing;project_na
IPhO,2025,Enej Jauk,,,SVN,,Silver,93,true,https://ipho-unofficial.org/search/estudiantes.csv,age_missing;project_na
IPhO,2025,Owen Wang Zhai,,,AUS,,Silver,95,true,https://ipho-unofficial.org/search/estudiantes.csv,age_missing;project_na
IPhO,2025,Shoji Itami,,,JPN,,Silver,95,true,https://ipho-unofficial.org/search/estudiantes.csv,age_missing;project_na
IPhO,2025,Hongyi Huang,,,CAN,,Silver,97,true,https://ipho-unofficial.org/search/estudiantes.csv,age_missing;project_na
IPhO,2025,Jakub Kubica,,,CZE,,Silver,97,true,https://ipho-unofficial.org/search/estudiantes.csv,age_missing;project_na
IPhO,2025,Alex Secrieru,,,MDA,,Silver,97,true,https://ipho-unofficial.org/search/estudiantes.csv,age_missing;project_na
IPhO,2025,Ralf Robert Paabo,,,EST,,Silver,100,true,https://ipho-unofficial.org/search/estudiantes.csv,age_missing;project_na
IPhO,2025,Darius Graur,,,MDA,,Silver,101,true,https://ipho-unofficial.org/search/estudiantes.csv,age_missing;project_na
IPhO,2025,Mihkel Rannut,,,EST,,Silver,102,true,https://ipho-unofficial.org/search/estudiantes.csv,age_missing;project_na
IPhO,2025,Prach Amphon,,,THA,,Silver,102,true,https://ipho-unofficial.org/search/estudiantes.csv,age_missing;project_na
IPhO,2025,Alessandro D'orazio,,,ITA,,Silver,104,true,https://ipho-unofficial.org/search/estudiantes.csv,age_missing;project_na
IPhO,2025,Moritz Nils Rohner,,,LUX,,Silver,104,true,https://ipho-unofficial.org/search/estudiantes.csv,age_missing;project_na
IPhO,2025,Mendel-Emanuel Mendelsohn,,,ROU,,Silver,104,true,https://ipho-unofficial.org/search/estudiantes.csv,age_missing;project_na
IPhO,2025,Janko Popović,,,SRB,,Silver,104,true,https://ipho-unofficial.org/search/estudiantes.csv,age_missing;project_na
IPhO,2025,Kolos Barnabás Tóth,,,HUN,,Silver,108,true,https://ipho-unofficial.org/search/estudiantes.csv,age_missing;project_na
IPhO,2025,Eitan Rutman,,,ISR,,Silver,108,true,https://ipho-unofficial.org/search/estudiantes.csv,age_missing;project_na
IPhO,2025,Miklós Téti,,,HUN,,Silver,110,true,https://ipho-unofficial.org/search/estudiantes.csv,age_missing;project_na
IPhO,2025,Ilya Ghashaee,,,IRN,,Silver,111,true,https://ipho-unofficial.org/search/estudiantes.csv,age_missing;project_na
IPhO,2025,E-Jie Tan,,,SGP,,Silver,111,true,https://ipho-unofficial.org/search/estudiantes.csv,age_missing;project_na
IPhO,2025,Felipe Brandao Souto,,,BRA,,Silver,113,true,https://ipho-unofficial.org/search/estudiantes.csv,age_missing;project_na
IPhO,2025,Marie Gaillard,,,FRA,,Silver,113,true,https://ipho-unofficial.org/search/estudiantes.csv,age_missing;project_na
IPhO,2025,Mazen Zaid A Alshakhs,,,SAU,,Silver,113,true,https://ipho-unofficial.org/search/estudiantes.csv,age_missing;project_na
IPhO,2025,Primož Markovič,,,SVN,,Silver,113,true,https://ipho-unofficial.org/search/estudiantes.csv,age_missing;project_na
IPhO,2025,Arya Zarabi,,,IRN,,Silver,117,true,https://ipho-unofficial.org/search/estudiantes.csv,age_missing;project_na
IPhO,2025,Volodymyr Ostrovskyi,,,UKR,,Silver,117,true,https://ipho-unofficial.org/search/estudiantes.csv,age_missing;project_na
IPhO,2025,Supamongkol Premanunt,,,THA,,Bronze,119,true,https://ipho-unofficial.org/search/estudiantes.csv,age_missing;project_na
IPhO,2025,Richard Dudek,,,SVK,,Bronze,120,true,https://ipho-unofficial.org/search/estudiantes.csv,age_missing;project_na
IPhO,2025,Kārlis Ģirts Karnītis,,,LVA,,Bronze,121,true,https://ipho-unofficial.org/search/estudiantes.csv,age_missing;project_na
IPhO,2025,Nurgul Yegenbergenova,,,KAZ,,Bronze,122,true,https://ipho-unofficial.org/search/estudiantes.csv,age_missing;project_na
IPhO,2025,Lasse Jungermann,,,GER,,Bronze,123,true,https://ipho-unofficial.org/search/estudiantes.csv,age_missing;project_na
IPhO,2025,Adam Kubica--Djabri,,,FRA,,Bronze,123,true,https://ipho-unofficial.org/search/estudiantes.csv,age_missing;project_na
IPhO,2025,Peter Heeney,,,UNK,,Bronze,125,true,https://ipho-unofficial.org/search/estudiantes.csv,age_missing;project_na
IPhO,2025,Amir Pshenbayev,,,KAZ,,Bronze,126,true,https://ipho-unofficial.org/search/estudiantes.csv,age_missing;project_na
IPhO,2025,Andrii Zahika,,,UKR,,Bronze,126,true,https://ipho-unofficial.org/search/estudiantes.csv,age_missing;project_na
IPhO,2025,Şenol Tarhan,,,TUR,,Bronze,128,true,https://ipho-unofficial.org/search/estudiantes.csv,age_missing;project_na
IPhO,2025,Frane Anđelić,,,HRV,,Bronze,129,true,https://ipho-unofficial.org/search/estudiantes.csv,age_missing;project_na
IPhO,2025,Artur Kim,,,KAZ,,Bronze,130,true,https://ipho-unofficial.org/search/estudiantes.csv,age_missing;project_na
IPhO,2025,Mathias Lau Bohn-Hansen,,,DEN,,Bronze,131,true,https://ipho-unofficial.org/search/estudiantes.csv,age_missing;project_na
IPhO,2025,Val Karan,,,HRV,,Bronze,131,true,https://ipho-unofficial.org/search/estudiantes.csv,age_missing;project_na
IPhO,2025,Benedek Bencz,,,HUN,,Bronze,131,true,https://ipho-unofficial.org/search/estudiantes.csv,age_missing;project_na
IPhO,2025,FRAsco Gariglio,,,ITA,,Bronze,134,true,https://ipho-unofficial.org/search/estudiantes.csv,age_missing;project_na
IPhO,2025,Matouš Mišta,,,CZE,,Bronze,135,true,https://ipho-unofficial.org/search/estudiantes.csv,age_missing;project_na
IPhO,2025,Carlos Calderon Alba,,,ESP,,Bronze,136,true,https://ipho-unofficial.org/search/estudiantes.csv,age_missing;project_na
IPhO,2025,Alp Terliksiz,,,TUR,,Bronze,137,true,https://ipho-unofficial.org/search/estudiantes.csv,age_missing;project_na
IPhO,2025,He Gong,,,CAN,,Bronze,138,true,https://ipho-unofficial.org/search/estudiantes.csv,age_missing;project_na
IPhO,2025,Florian Fieker,,,GER,,Bronze,138,true,https://ipho-unofficial.org/search/estudiantes.csv,age_missing;project_na
IPhO,2025,Marián Koval,,,SVK,,Bronze,140,true,https://ipho-unofficial.org/search/estudiantes.csv,age_missing;project_na
IPhO,2025,Giulio Vertucci,,,ITA,,Bronze,141,true,https://ipho-unofficial.org/search/estudiantes.csv,age_missing;project_na
IPhO,2025,Leander Gabriël,,,BEL,,Bronze,142,true,https://ipho-unofficial.org/search/estudiantes.csv,age_missing;project_na
IPhO,2025,Henry George Kemp,,,UNK,,Bronze,142,true,https://ipho-unofficial.org/search/estudiantes.csv,age_missing;project_na
IPhO,2025,Tsotne Giorgadze,,,GEO,,Bronze,142,true,https://ipho-unofficial.org/search/estudiantes.csv,age_missing;project_na
IPhO,2025,Daffa Virwandy,,,IDN,,Bronze,145,true,https://ipho-unofficial.org/search/estudiantes.csv,age_missing;project_na
IPhO,2025,Isaac Chan,,,AUS,,Bronze,146,true,https://ipho-unofficial.org/search/estudiantes.csv,age_missing;project_na
IPhO,2025,Veikka Ilmari Karonen,,,FIN,,Bronze,146,true,https://ipho-unofficial.org/search/estudiantes.csv,age_missing;project_na
IPhO,2025,Federico Roccaforte,,,ITA,,Bronze,146,true,https://ipho-unofficial.org/search/estudiantes.csv,age_missing;project_na
IPhO,2025,Natchavadee Iamsiribul,,,THA,,Bronze,146,true,https://ipho-unofficial.org/search/estudiantes.csv,age_missing;project_na
IPhO,2025,Dorottya Elekes,,,HUN,,Bronze,150,true,https://ipho-unofficial.org/search/estudiantes.csv,age_missing;project_na
IPhO,2025,Egor Podolskiy,,,NLD,,Bronze,151,true,https://ipho-unofficial.org/search/estudiantes.csv,age_missing;project_na
IPhO,2025,Mikołaj Litwin,,,POL,,Bronze,151,true,https://ipho-unofficial.org/search/estudiantes.csv,age_missing;project_na
IPhO,2025,Dovlet Annamyradov,,,TKM,,Bronze,151,true,https://ipho-unofficial.org/search/estudiantes.csv,age_missing;project_na
IPhO,2025,Matías Fermín Páez,,,ARG,,Bronze,154,true,https://ipho-unofficial.org/search/estudiantes.csv,age_missing;project_na
IPhO,2025,Hang Chi Ng,,,MAC,,Bronze,155,true,https://ipho-unofficial.org/search/estudiantes.csv,age_missing;project_na
IPhO,2025,Ker Wei Han,,,MAS,,Bronze,155,true,https://ipho-unofficial.org/search/estudiantes.csv,age_missing;project_na
IPhO,2025,Marco Mottese,,,ITA,,Bronze,157,true,https://ipho-unofficial.org/search/estudiantes.csv,age_missing;project_na
IPhO,2025,Munkh-Orgil Munkhtulga,,,MNG,,Bronze,157,true,https://ipho-unofficial.org/search/estudiantes.csv,age_missing;project_na
IPhO,2025,Daniils Koselevs,,,LVA,,Bronze,159,true,https://ipho-unofficial.org/search/estudiantes.csv,age_missing;project_na
IPhO,2025,Svetoslav Arabov,,,BGR,,Bronze,160,true,https://ipho-unofficial.org/search/estudiantes.csv,age_missing;project_na
IPhO,2025,Kipras Deksnys,,,LTU,,Bronze,160,true,https://ipho-unofficial.org/search/estudiantes.csv,age_missing;project_na
IPhO,2025,Muhammad Rakha Naufal Maulana,,,IDN,,Bronze,162,true,https://ipho-unofficial.org/search/estudiantes.csv,age_missing;project_na
IPhO,2025,Iskra Nechakovska,,,MKD,,Bronze,162,true,https://ipho-unofficial.org/search/estudiantes.csv,age_missing;project_na
IPhO,2025,Azjargal Ganbold,,,MNG,,Bronze,162,true,https://ipho-unofficial.org/search/estudiantes.csv,age_missing;project_na
IPhO,2025,Robert Stepanyan,,,NLD,,Bronze,165,true,https://ipho-unofficial.org/search/estudiantes.csv,age_missing;project_na
IPhO,2025,Carson Tai Kar Shing,,,MAS,,Bronze,166,true,https://ipho-unofficial.org/search/estudiantes.csv,age_missing;project_na
IPhO,2025,Oytun Er,,,TUR,,Bronze,166,true,https://ipho-unofficial.org/search/estudiantes.csv,age_missing;project_na
IPhO,2025,Elbek Muhiddinovich Urokov,,,UZB,,Bronze,168,true,https://ipho-unofficial.org/search/estudiantes.csv,age_missing;project_na
IPhO,2025,Askar Abdiev,,,KGZ,,Bronze,169,true,https://ipho-unofficial.org/search/estudiantes.csv,age_missing;project_na
IPhO,2025,Enkhtugs Delgersaikhan,,,MNG,,Bronze,169,true,https://ipho-unofficial.org/search/estudiantes.csv,age_missing;project_na
IPhO,2025,Asger Krag Morild,,,DEN,,Bronze,171,true,https://ipho-unofficial.org/search/estudiantes.csv,age_missing;project_na
IPhO,2025,Alexander Nikolov,,,BGR,,Bronze,172,true,https://ipho-unofficial.org/search/estudiantes.csv,age_missing;project_na
IPhO,2025,Eduardo Barbosa De Santana Neto,,,BRA,,Bronze,172,true,https://ipho-unofficial.org/search/estudiantes.csv,age_missing;project_na
IPhO,2025,Dmytro Mintenko,,,GER,,Bronze,172,true,https://ipho-unofficial.org/search/estudiantes.csv,age_missing;project_na
IPhO,2025,Vahe Melkonyan,,,ARM,,Bronze,175,true,https://ipho-unofficial.org/search/estudiantes.csv,age_missing;project_na
IPhO,2025,Aurélie Flieller,,,FRA,,Bronze,175,true,https://ipho-unofficial.org/search/estudiantes.csv,age_missing;project_na
IPhO,2025,William Harwood,,,UNK,,Bronze,175,true,https://ipho-unofficial.org/search/estudiantes.csv,age_missing;project_na
IPhO,2025,Jussi Vilho Kalervo Pyysalo,,,FIN,,Bronze,178,true,https://ipho-unofficial.org/search/estudiantes.csv,age_missing;project_na
IPhO,2025,Georgios Kagiampakis,,,HEL,,Bronze,178,true,https://ipho-unofficial.org/search/estudiantes.csv,age_missing;project_na
IPhO,2025,Tomáš Kubrický,,,SVK,,Bronze,178,true,https://ipho-unofficial.org/search/estudiantes.csv,age_missing;project_na
IPhO,2025,Andrej Stojanovski,,,MKD,,Bronze,181,true,https://ipho-unofficial.org/search/estudiantes.csv,age_missing;project_na
IPhO,2025,Hristo Hristov,,,BGR,,Bronze,182,true,https://ipho-unofficial.org/search/estudiantes.csv,age_missing;project_na
IPhO,2025,Adam Albert Gocel,,,POL,,Bronze,183,true,https://ipho-unofficial.org/search/estudiantes.csv,age_missing;project_na
IPhO,2025,Narek Galstyan,,,ARM,,Bronze,184,true,https://ipho-unofficial.org/search/estudiantes.csv,age_missing;project_na
IPhO,2025,Daniyal Shahzad Hamid,,,PAK,,Bronze,184,true,https://ipho-unofficial.org/search/estudiantes.csv,age_missing;project_na
IPhO,2025,Cheng Tong Lei,,,MAC,,Bronze,186,true,https://ipho-unofficial.org/search/estudiantes.csv,age_missing;project_na
IPhO,2025,Jumadurdy Nuryyev,,,TKM,,Bronze,186,true,https://ipho-unofficial.org/search/estudiantes.csv,age_missing;project_na
IPhO,2025,Uku Nael,,,EST,,Bronze,188,true,https://ipho-unofficial.org/search/estudiantes.csv,age_missing;project_na
IPhO,2025,Muhammad Dakita Arfa Alfaritsi,,,IDN,,Bronze,189,true,https://ipho-unofficial.org/search/estudiantes.csv,age_missing;project_na
IPhO,2025,Hussain Habib A Alsaleh,,,SAU,,Bronze,189,true,https://ipho-unofficial.org/search/estudiantes.csv,age_missing;project_na
IPhO,2025,Maksims Hodosevičs,,,LVA,,Bronze,191,true,https://ipho-unofficial.org/search/estudiantes.csv,age_missing;project_na
IPhO,2025,Vladimir Slanina,,,SVK,,Bronze,191,true,https://ipho-unofficial.org/search/estudiantes.csv,age_missing;project_na
IPhO,2025,Nozimjon Tursunali Ugli Shavkatjonov,,,UZB,,Bronze,193,true,https://ipho-unofficial.org/search/estudiantes.csv,age_missing;project_na
IPhO,2025,Muhamed Numanovic,,,BIH,,Bronze,194,true,https://ipho-unofficial.org/search/estudiantes.csv,age_missing;project_na
IPhO,2025,Anujraghava Thirukonda Sivakumar,,,QAT,,Bronze,194,true,https://ipho-unofficial.org/search/estudiantes.csv,age_missing;project_na
IPhO,2025,Gabriel Prado Izquierdo,,,ESP,,Bronze,196,true,https://ipho-unofficial.org/search/estudiantes.csv,age_missing;project_na
IPhO,2025,Mahammad Jafarli,,,AZE,,Bronze,197,true,https://ipho-unofficial.org/search/estudiantes.csv,age_missing;project_na
IPhO,2025,Ilia Nikov,,,BGR,,Bronze,197,true,https://ipho-unofficial.org/search/estudiantes.csv,age_missing;project_na
IPhO,2025,Wuhua Zhu,,,CAN,,Bronze,199,true,https://ipho-unofficial.org/search/estudiantes.csv,age_missing;project_na
IPhO,2025,Constantin Alexandru Corduban,,,GER,,Bronze,199,true,https://ipho-unofficial.org/search/estudiantes.csv,age_missing;project_na
IPhO,2025,Emir Anaraly Uulu,,,KGZ,,Bronze,199,true,https://ipho-unofficial.org/search/estudiantes.csv,age_missing;project_na
IPhO,2025,David Reichmuth,,,SUI,,Bronze,202,true,https://ipho-unofficial.org/search/estudiantes.csv,age_missing;project_na
IPhO,2025,David Košata,,,CZE,,Bronze,202,true,https://ipho-unofficial.org/search/estudiantes.csv,age_missing;project_na
IPhO,2025,Archil Zabakhidze,,,GEO,,Bronze,202,true,https://ipho-unofficial.org/search/estudiantes.csv,age_missing;project_na
IPhO,2025,Adrian Ligorred Obedé,,,ESP,,Bronze,205,true,https://ipho-unofficial.org/search/estudiantes.csv,age_missing;project_na
IPhO,2025,Miłosz Jurczak,,,POL,,Bronze,205,true,https://ipho-unofficial.org/search/estudiantes.csv,age_missing;project_na
IPhO,2025,Mohammed Abdulrahman M Al Arfaj,,,SAU,,Bronze,205,true,https://ipho-unofficial.org/search/estudiantes.csv,age_missing;project_na
IPhO,2025,Benedek Uerge,,,AUT,,Bronze,208,true,https://ipho-unofficial.org/search/estudiantes.csv,age_missing;project_na
IPhO,2025,Seljan Suleymanli,,,AZE,,Bronze,208,true,https://ipho-unofficial.org/search/estudiantes.csv,age_missing;project_na
IPhO,2025,Daniel Viktor Theiss,,,CZE,,Bronze,208,true,https://ipho-unofficial.org/search/estudiantes.csv,age_missing;project_na
IPhO,2025,Ali Mohammed A Alhassan,,,SAU,,Bronze,208,true,https://ipho-unofficial.org/search/estudiantes.csv,age_missing;project_na
IPhO,2025,Svit Miklavcic,,,SVN,,Bronze,208,true,https://ipho-unofficial.org/search/estudiantes.csv,age_missing;project_na
IPhO,2025,Leshi Zhang,,,SWE,,Bronze,208,true,https://ipho-unofficial.org/search/estudiantes.csv,age_missing;project_na
IPhO,2025,Muhammed Doğan Önal,,,TUR,,Bronze,208,true,https://ipho-unofficial.org/search/estudiantes.csv,age_missing;project_na
IChO,2022,Zhou Fu,,,"China, People's Republic of",,Gold,1,true,https://www.icho-official.org/results/results.php?id=54&year=2022,age_missing;project_na
IChO,2022,Xurui Zhang,,,"China, People's Republic of",,Gold,2,true,https://www.icho-official.org/results/results.php?id=54&year=2022,age_missing;project_na
IChO,2022,Wen He,,,"China, People's Republic of",,Gold,3,true,https://www.icho-official.org/results/results.php?id=54&year=2022,age_missing;project_na
IChO,2022,Viktor V. Koshlan,,,Individual 2,,Gold,4,true,https://www.icho-official.org/results/results.php?id=54&year=2022,age_missing;project_na
IChO,2022,Wenze Li,,,"China, People's Republic of",,Gold,5,true,https://www.icho-official.org/results/results.php?id=54&year=2022,age_missing;project_na
IChO,2022,Nathan Yihe Ouyang,,,USA,,Gold,6,true,https://www.icho-official.org/results/results.php?id=54&year=2022,age_missing;project_na
IChO,2022,Myeongjin Shin,,,"Korea, Republic of",,Gold,7,true,https://www.icho-official.org/results/results.php?id=54&year=2022,age_missing;project_na
IChO,2022,Davut Muhammetgulyyev,,,Turkmenistan,,Gold,8,true,https://www.icho-official.org/results/results.php?id=54&year=2022,age_missing;project_na
IChO,2022,Seyedmohammadhossein Barakati,,,"Iran, Islamic Republic of",,Gold,9,true,https://www.icho-official.org/results/results.php?id=54&year=2022,age_missing;project_na
IChO,2022,Kyucheol Min,,,"Korea, Republic of",,Gold,10,true,https://www.icho-official.org/results/results.php?id=54&year=2022,age_missing;project_na
IChO,2022,Phong Viet Nguyen,,,Vietnam,,Gold,11,true,https://www.icho-official.org/results/results.php?id=54&year=2022,age_missing;project_na
IChO,2022,Berkan Tarak,,,Türkiye,,Gold,12,true,https://www.icho-official.org/results/results.php?id=54&year=2022,age_missing;project_na
IChO,2022,Masaki Naoi,,,Japan,,Gold,13,true,https://www.icho-official.org/results/results.php?id=54&year=2022,age_missing;project_na
IChO,2022,Hanh Xuan Phan,,,Vietnam,,Gold,14,true,https://www.icho-official.org/results/results.php?id=54&year=2022,age_missing;project_na
IChO,2022,Vladimir S. Mikhailenko,,,Individual 2,,Gold,15,true,https://www.icho-official.org/results/results.php?id=54&year=2022,age_missing;project_na
IChO,2022,Nikita V. Perov,,,Individual 2,,Gold,16,true,https://www.icho-official.org/results/results.php?id=54&year=2022,age_missing;project_na
IChO,2022,Minh Duc Tran,,,Vietnam,,Gold,17,true,https://www.icho-official.org/results/results.php?id=54&year=2022,age_missing;project_na
IChO,2022,Stanley Pin-Si Chen,,,Chinese Taipei,,Gold,18,true,https://www.icho-official.org/results/results.php?id=54&year=2022,age_missing;project_na
IChO,2022,Artem D. Gulyaev,,,Individual 2,,Gold,19,true,https://www.icho-official.org/results/results.php?id=54&year=2022,age_missing;project_na
IChO,2022,Pavel Atanasov Nikolov,,,Bulgaria,,Gold,20,true,https://www.icho-official.org/results/results.php?id=54&year=2022,age_missing;project_na
IChO,2022,Fumiya Kashiwai,,,Japan,,Gold,21,true,https://www.icho-official.org/results/results.php?id=54&year=2022,age_missing;project_na
IChO,2022,Tuan Nguyen Minh Pham,,,Vietnam,,Gold,22,true,https://www.icho-official.org/results/results.php?id=54&year=2022,age_missing;project_na
IChO,2022,Takashi Ishikawa,,,Japan,,Gold,23,true,https://www.icho-official.org/results/results.php?id=54&year=2022,age_missing;project_na
IChO,2022,Alexandru Catalin Dianu,,,Romania,,Gold,24,true,https://www.icho-official.org/results/results.php?id=54&year=2022,age_missing;project_na
IChO,2022,Madiyar Kassymaly,,,Kazakhstan,,Gold,25,true,https://www.icho-official.org/results/results.php?id=54&year=2022,age_missing;project_na
IChO,2022,Wee Wen Adrian Ong,,,Singapore,,Gold,26,true,https://www.icho-official.org/results/results.php?id=54&year=2022,age_missing;project_na
IChO,2022,Akira Nakachi,,,Japan,,Gold,27,true,https://www.icho-official.org/results/results.php?id=54&year=2022,age_missing;project_na
IChO,2022,Michał Piotr Lipiec,,,Poland,,Gold,28,true,https://www.icho-official.org/results/results.php?id=54&year=2022,age_missing;project_na
IChO,2022,Kai-Chun Chen,,,Chinese Taipei,,Gold,29,true,https://www.icho-official.org/results/results.php?id=54&year=2022,age_missing;project_na
IChO,2022,Hsin-Hung Chao,,,Chinese Taipei,,Gold,30,true,https://www.icho-official.org/results/results.php?id=54&year=2022,age_missing;project_na
IChO,2022,Vincent Yi Fei Yap,,,Singapore,,Gold,31,true,https://www.icho-official.org/results/results.php?id=54&year=2022,age_missing;project_na
IChO,2022,Václav Verner,,,Czech Republic,,Gold,32,true,https://www.icho-official.org/results/results.php?id=54&year=2022,age_missing;project_na
IChO,2022,Vlad Iova,,,Romania,,Gold,33,true,https://www.icho-official.org/results/results.php?id=54&year=2022,age_missing;project_na
IChO,2022,Nir Cohen,,,Israel,,Gold,34,true,https://www.icho-official.org/results/results.php?id=54&year=2022,age_missing;project_na
IChO,2022,Ilia Kahvand,,,"Iran, Islamic Republic of",,Gold,35,true,https://www.icho-official.org/results/results.php?id=54&year=2022,age_missing;project_na
IChO,2022,Yao-Lin Liu,,,Chinese Taipei,,Gold,36,true,https://www.icho-official.org/results/results.php?id=54&year=2022,age_missing;project_na
IChO,2022,Jack Howard Liu,,,USA,,Silver,37,true,https://www.icho-official.org/results/results.php?id=54&year=2022,age_missing;project_na
IChO,2022,Suhyun Lee,,,"Korea, Republic of",,Silver,38,true,https://www.icho-official.org/results/results.php?id=54&year=2022,age_missing;project_na
IChO,2022,Chern Howe Ryan Lim,,,Singapore,,Silver,39,true,https://www.icho-official.org/results/results.php?id=54&year=2022,age_missing;project_na
IChO,2022,Sathira Jantarakulchai,,,United Kingdom,,Silver,40,true,https://www.icho-official.org/results/results.php?id=54&year=2022,age_missing;project_na
IChO,2022,Amir Mohammad Mohammad Hosseini,,,"Iran, Islamic Republic of",,Silver,41,true,https://www.icho-official.org/results/results.php?id=54&year=2022,age_missing;project_na
IChO,2022,Kijjakarn Namsawangrungrueng,,,Thailand,,Silver,42,true,https://www.icho-official.org/results/results.php?id=54&year=2022,age_missing;project_na
IChO,2022,Nivesh Aggarwal,,,India,,Silver,43,true,https://www.icho-official.org/results/results.php?id=54&year=2022,age_missing;project_na
IChO,2022,Maftuna Lutfullo qizi Badalova,,,Uzbekistan,,Silver,44,true,https://www.icho-official.org/results/results.php?id=54&year=2022,age_missing;project_na
IChO,2022,Mohammad Solaiman AlHadlaq,,,Saudi Arabia,,Silver,45,true,https://www.icho-official.org/results/results.php?id=54&year=2022,age_missing;project_na
IChO,2022,Jiraroj Chawanasuntornpoj,,,Thailand,,Silver,46,true,https://www.icho-official.org/results/results.php?id=54&year=2022,age_missing;project_na
IChO,2022,Seyedamirhossein Razavi,,,"Iran, Islamic Republic of",,Silver,47,true,https://www.icho-official.org/results/results.php?id=54&year=2022,age_missing;project_na
IChO,2022,Ketevan Peranidze,,,Georgia,,Silver,48,true,https://www.icho-official.org/results/results.php?id=54&year=2022,age_missing;project_na
IChO,2022,Mats Henrik Budäus,,,Germany,,Silver,49,true,https://www.icho-official.org/results/results.php?id=54&year=2022,age_missing;project_na
IChO,2022,Kar Ern Samuel Lim,,,Singapore,,Silver,50,true,https://www.icho-official.org/results/results.php?id=54&year=2022,age_missing;project_na
IChO,2022,Weerapat Li,,,Thailand,,Silver,51,true,https://www.icho-official.org/results/results.php?id=54&year=2022,age_missing;project_na
IChO,2022,Temujin Orkhon,,,Mongolia,,Silver,52,true,https://www.icho-official.org/results/results.php?id=54&year=2022,age_missing;project_na
IChO,2022,Ben Gilpin,,,United Kingdom,,Silver,53,true,https://www.icho-official.org/results/results.php?id=54&year=2022,age_missing;project_na
IChO,2022,Márton Szabó,,,Hungary,,Silver,54,true,https://www.icho-official.org/results/results.php?id=54&year=2022,age_missing;project_na
IChO,2022,Adam Szymon Sukiennik,,,Poland,,Silver,55,true,https://www.icho-official.org/results/results.php?id=54&year=2022,age_missing;project_na
IChO,2022,Azimjon Ravshan o'g'li Jamolov,,,Uzbekistan,,Silver,56,true,https://www.icho-official.org/results/results.php?id=54&year=2022,age_missing;project_na
IChO,2022,Sanzhar Bissenali,,,Kazakhstan,,Silver,57,true,https://www.icho-official.org/results/results.php?id=54&year=2022,age_missing;project_na
IChO,2022,Liam Gary Hall,,,New Zealand,,Silver,58,true,https://www.icho-official.org/results/results.php?id=54&year=2022,age_missing;project_na
IChO,2022,Mahit Rajesh Gadhiwala,,,India,,Silver,59,true,https://www.icho-official.org/results/results.php?id=54&year=2022,age_missing;project_na
IChO,2022,Phoenix Wu,,,USA,,Silver,60,true,https://www.icho-official.org/results/results.php?id=54&year=2022,age_missing;project_na
IChO,2022,Ikromiddin Axmadjon o'g'li Boymahammadov,,,Uzbekistan,,Silver,61,true,https://www.icho-official.org/results/results.php?id=54&year=2022,age_missing;project_na
IChO,2022,Chinmay Khokar,,,India,,Silver,62,true,https://www.icho-official.org/results/results.php?id=54&year=2022,age_missing;project_na
IChO,2022,Tim Bastian Enders,,,Germany,,Silver,63,true,https://www.icho-official.org/results/results.php?id=54&year=2022,age_missing;project_na
IChO,2022,Neta David Eiger,,,Israel,,Silver,64,true,https://www.icho-official.org/results/results.php?id=54&year=2022,age_missing;project_na
IChO,2022,Máximo Mele,,,Argentina,,Silver,65,true,https://www.icho-official.org/results/results.php?id=54&year=2022,age_missing;project_na
IChO,2022,Roman Buksak,,,Poland,,Silver,66,true,https://www.icho-official.org/results/results.php?id=54&year=2022,age_missing;project_na
IChO,2022,Nikita Nechayev-Slipchenko,,,Ukraine,,Silver,67,true,https://www.icho-official.org/results/results.php?id=54&year=2022,age_missing;project_na
IChO,2022,Nyyazmuhammet Begenchmuhammedov,,,Turkmenistan,,Silver,68,true,https://www.icho-official.org/results/results.php?id=54&year=2022,age_missing;project_na
IChO,2022,Daria Klymenko,,,Ukraine,,Silver,69,true,https://www.icho-official.org/results/results.php?id=54&year=2022,age_missing;project_na
IChO,2022,Yaroslav Sekun,,,Ukraine,,Silver,70,true,https://www.icho-official.org/results/results.php?id=54&year=2022,age_missing;project_na
IChO,2022,Sherzod Shaxobiddin o'g'li Shaymatov,,,Uzbekistan,,Silver,71,true,https://www.icho-official.org/results/results.php?id=54&year=2022,age_missing;project_na
IChO,2022,Dilara Altundağ,,,Türkiye,,Silver,72,true,https://www.icho-official.org/results/results.php?id=54&year=2022,age_missing;project_na
IChO,2022,Yakup Annaorazov,,,Turkmenistan,,Silver,73,true,https://www.icho-official.org/results/results.php?id=54&year=2022,age_missing;project_na
IChO,2022,Jihwan Lee,,,"Korea, Republic of",,Silver,74,true,https://www.icho-official.org/results/results.php?id=54&year=2022,age_missing;project_na
IChO,2022,Michael Schembera,,,Austria,,Silver,75,true,https://www.icho-official.org/results/results.php?id=54&year=2022,age_missing;project_na
IChO,2022,Nathani Therdpraisan,,,Thailand,,Silver,76,true,https://www.icho-official.org/results/results.php?id=54&year=2022,age_missing;project_na
IChO,2022,Fatma İlay Tosun,,,Türkiye,,Silver,77,true,https://www.icho-official.org/results/results.php?id=54&year=2022,age_missing;project_na
IChO,2022,Krum Naydenov Aleksandrov,,,Bulgaria,,Silver,78,true,https://www.icho-official.org/results/results.php?id=54&year=2022,age_missing;project_na
IChO,2022,Teodor Padureanu,,,Romania,,Silver,79,true,https://www.icho-official.org/results/results.php?id=54&year=2022,age_missing;project_na
IChO,2022,Barbaros Bolat,,,Türkiye,,Silver,80,true,https://www.icho-official.org/results/results.php?id=54&year=2022,age_missing;project_na
IChO,2022,Nathanael Reza Putra Widjaja,,,Indonesia,,Silver,81,true,https://www.icho-official.org/results/results.php?id=54&year=2022,age_missing;project_na
IChO,2022,Muhammad Dihya Aby Abdi Manaf,,,Indonesia,,Silver,82,true,https://www.icho-official.org/results/results.php?id=54&year=2022,age_missing;project_na
IChO,2022,Zhen Xuen Brandon Low,,,Malaysia,,Silver,83,true,https://www.icho-official.org/results/results.php?id=54&year=2022,age_missing;project_na
IChO,2022,Tomáš Heger,,,Czech Republic,,Silver,84,true,https://www.icho-official.org/results/results.php?id=54&year=2022,age_missing;project_na
IChO,2022,Nariman Shirinli,,,Azerbaijan,,Silver,85,true,https://www.icho-official.org/results/results.php?id=54&year=2022,age_missing;project_na
IChO,2022,Kevin Wang,,,Australia,,Silver,86,true,https://www.icho-official.org/results/results.php?id=54&year=2022,age_missing;project_na
IChO,2022,Tanishka Rameshchandra Kabra,,,India,,Silver,87,true,https://www.icho-official.org/results/results.php?id=54&year=2022,age_missing;project_na
IChO,2022,Nelushi Vithanachchi,,,Sri Lanka,,Silver,88,true,https://www.icho-official.org/results/results.php?id=54&year=2022,age_missing;project_na
IChO,2022,Yangyi Qi,,,Sweden,,Silver,89,true,https://www.icho-official.org/results/results.php?id=54&year=2022,age_missing;project_na
IChO,2022,Samuil Vladimirov Petkov,,,Bulgaria,,Silver,90,true,https://www.icho-official.org/results/results.php?id=54&year=2022,age_missing;project_na
IChO,2022,Supatpong Juntarawatt,,,United Kingdom,,Silver,91,true,https://www.icho-official.org/results/results.php?id=54&year=2022,age_missing;project_na
IChO,2022,Guillaume Guiard,,,France,,Silver,92,true,https://www.icho-official.org/results/results.php?id=54&year=2022,age_missing;project_na
IChO,2022,Kevin Lius Bong,,,Indonesia,,Silver,93,true,https://www.icho-official.org/results/results.php?id=54&year=2022,age_missing;project_na
IChO,2022,Gideon Alain Tzafriri,,,USA,,Silver,94,true,https://www.icho-official.org/results/results.php?id=54&year=2022,age_missing;project_na
IChO,2022,Lucio Saracco,,,Hungary,,Silver,95,true,https://www.icho-official.org/results/results.php?id=54&year=2022,age_missing;project_na
IChO,2022,Yavor Ivaylov Hristov,,,Bulgaria,,Silver,96,true,https://www.icho-official.org/results/results.php?id=54&year=2022,age_missing;project_na
IChO,2022,Daniel Hongru Wang,,,Australia,,Silver,97,true,https://www.icho-official.org/results/results.php?id=54&year=2022,age_missing;project_na
IChO,2022,Paul Johann Dorfer,,,Austria,,Silver,98,true,https://www.icho-official.org/results/results.php?id=54&year=2022,age_missing;project_na
IChO,2022,Almira Nurlanova,,,Kazakhstan,,Silver,99,true,https://www.icho-official.org/results/results.php?id=54&year=2022,age_missing;project_na
IChO,2022,Leo Reddy,,,United Kingdom,,Silver,100,true,https://www.icho-official.org/results/results.php?id=54&year=2022,age_missing;project_na
IChO,2022,Irmuun Altankhuyag,,,Mongolia,,Silver,101,true,https://www.icho-official.org/results/results.php?id=54&year=2022,age_missing;project_na
IChO,2022,Emilda Puteri Aulia,,,Indonesia,,Silver,102,true,https://www.icho-official.org/results/results.php?id=54&year=2022,age_missing;project_na
IChO,2022,Dániel Nemeskéri,,,Hungary,,Silver,103,true,https://www.icho-official.org/results/results.php?id=54&year=2022,age_missing;project_na
IChO,2022,Leonid Asatryan,,,Armenia,,Silver,104,true,https://www.icho-official.org/results/results.php?id=54&year=2022,age_missing;project_na
IChO,2022,Patrik Fábrik,,,Slovakia,,Silver,105,true,https://www.icho-official.org/results/results.php?id=54&year=2022,age_missing;project_na
IChO,2022,Samuel Kolesár,,,Slovakia,,Silver,106,true,https://www.icho-official.org/results/results.php?id=54&year=2022,age_missing;project_na
IChO,2022,Sanzhar Nurgaliyev,,,Kazakhstan,,Silver,107,true,https://www.icho-official.org/results/results.php?id=54&year=2022,age_missing;project_na
IChO,2022,Salman Huseynov,,,Azerbaijan,,Bronze,108,true,https://www.icho-official.org/results/results.php?id=54&year=2022,age_missing;project_na
IChO,2022,Owen Yi,,,Australia,,Bronze,109,true,https://www.icho-official.org/results/results.php?id=54&year=2022,age_missing;project_na
IChO,2022,Daniils Kargins,,,Latvia,,Bronze,110,true,https://www.icho-official.org/results/results.php?id=54&year=2022,age_missing;project_na
IChO,2022,Gerel Bayarmagnai,,,Mongolia,,Bronze,111,true,https://www.icho-official.org/results/results.php?id=54&year=2022,age_missing;project_na
IChO,2022,Ahmed Ghassan Ezzeddin,,,Syria,,Bronze,112,true,https://www.icho-official.org/results/results.php?id=54&year=2022,age_missing;project_na
IChO,2022,Salama Abdulnaser Omran,,,Syria,,Bronze,113,true,https://www.icho-official.org/results/results.php?id=54&year=2022,age_missing;project_na
IChO,2022,Vlad Gabriel Ristache,,,Romania,,Bronze,114,true,https://www.icho-official.org/results/results.php?id=54&year=2022,age_missing;project_na
IChO,2022,Ron Angelo Atienza Gelacio,,,Philippines,,Bronze,115,true,https://www.icho-official.org/results/results.php?id=54&year=2022,age_missing;project_na
IChO,2022,Artemi Smõšljajev,,,Estonia,,Bronze,116,true,https://www.icho-official.org/results/results.php?id=54&year=2022,age_missing;project_na
IChO,2022,Rostislavs Rostovskis,,,Latvia,,Bronze,117,true,https://www.icho-official.org/results/results.php?id=54&year=2022,age_missing;project_na
IChO,2022,Mahsati Piriyeva,,,Azerbaijan,,Bronze,118,true,https://www.icho-official.org/results/results.php?id=54&year=2022,age_missing;project_na
IChO,2022,Valentín Nico,,,Argentina,,Bronze,119,true,https://www.icho-official.org/results/results.php?id=54&year=2022,age_missing;project_na
IChO,2022,Begzada Annayev,,,Turkmenistan,,Bronze,120,true,https://www.icho-official.org/results/results.php?id=54&year=2022,age_missing;project_na
IChO,2022,Yifei Song,,,New Zealand,,Bronze,121,true,https://www.icho-official.org/results/results.php?id=54&year=2022,age_missing;project_na
IChO,2022,Daniz Sattarli,,,Azerbaijan,,Bronze,122,true,https://www.icho-official.org/results/results.php?id=54&year=2022,age_missing;project_na
IChO,2022,Valerian Mocreac,,,Moldova,,Bronze,123,true,https://www.icho-official.org/results/results.php?id=54&year=2022,age_missing;project_na
IChO,2022,Muhammad Ghazal Anas Hamida,,,Syria,,Bronze,124,true,https://www.icho-official.org/results/results.php?id=54&year=2022,age_missing;project_na
IChO,2022,Dominik Stanislaw Duch,,,Poland,,Bronze,125,true,https://www.icho-official.org/results/results.php?id=54&year=2022,age_missing;project_na
IChO,2022,Bashayer Ahmed Obaid Mohamed Alyammahi,,,United Arab Emirates,,Bronze,126,true,https://www.icho-official.org/results/results.php?id=54&year=2022,age_missing;project_na
IChO,2022,Darko Stojchev,,,"Macedonia, North",,Bronze,127,true,https://www.icho-official.org/results/results.php?id=54&year=2022,age_missing;project_na
IChO,2022,Hayk Aghekyan,,,Armenia,,Bronze,128,true,https://www.icho-official.org/results/results.php?id=54&year=2022,age_missing;project_na
IChO,2022,Juline Bernard,,,France,,Bronze,129,true,https://www.icho-official.org/results/results.php?id=54&year=2022,age_missing;project_na
IChO,2022,Uroš Poleksić,,,Serbia,,Bronze,130,true,https://www.icho-official.org/results/results.php?id=54&year=2022,age_missing;project_na
IChO,2022,Kerui Yang,,,Australia,,Bronze,131,true,https://www.icho-official.org/results/results.php?id=54&year=2022,age_missing;project_na
IChO,2022,Aames Juriel Beladas Morales,,,Philippines,,Bronze,132,true,https://www.icho-official.org/results/results.php?id=54&year=2022,age_missing;project_na
IChO,2022,Daniils Soško,,,Latvia,,Bronze,133,true,https://www.icho-official.org/results/results.php?id=54&year=2022,age_missing;project_na
IChO,2022,Felix Schubert,,,Germany,,Bronze,134,true,https://www.icho-official.org/results/results.php?id=54&year=2022,age_missing;project_na
IChO,2022,Bumchin Dolgormaa,,,Mongolia,,Bronze,135,true,https://www.icho-official.org/results/results.php?id=54&year=2022,age_missing;project_na
IChO,2022,Eve Coscoy,,,France,,Bronze,136,true,https://www.icho-official.org/results/results.php?id=54&year=2022,age_missing;project_na
IChO,2022,Aku Hertell,,,Finland,,Bronze,137,true,https://www.icho-official.org/results/results.php?id=54&year=2022,age_missing;project_na
IChO,2022,Zdeněk Hartman,,,Czech Republic,,Bronze,138,true,https://www.icho-official.org/results/results.php?id=54&year=2022,age_missing;project_na
IChO,2022,Dhanvi Nautiyal,,,United Arab Emirates,,Bronze,139,true,https://www.icho-official.org/results/results.php?id=54&year=2022,age_missing;project_na
IChO,2022,Dimitrije Gligorovski,,,Serbia,,Bronze,140,true,https://www.icho-official.org/results/results.php?id=54&year=2022,age_missing;project_na
IChO,2022,E Rick Pua,,,Malaysia,,Bronze,141,true,https://www.icho-official.org/results/results.php?id=54&year=2022,age_missing;project_na
IChO,2022,Liis Siigur,,,Estonia,,Bronze,142,true,https://www.icho-official.org/results/results.php?id=54&year=2022,age_missing;project_na
IChO,2022,Shon Hentz,,,Israel,,Bronze,143,true,https://www.icho-official.org/results/results.php?id=54&year=2022,age_missing;project_na
IChO,2022,Tiberiu Sprincean,,,Moldova,,Bronze,144,true,https://www.icho-official.org/results/results.php?id=54&year=2022,age_missing;project_na
IChO,2022,Anton Barbuța,,,Moldova,,Bronze,145,true,https://www.icho-official.org/results/results.php?id=54&year=2022,age_missing;project_na
IChO,2022,Archil Benashvili,,,Georgia,,Bronze,146,true,https://www.icho-official.org/results/results.php?id=54&year=2022,age_missing;project_na
IChO,2022,Marcell Imre Papp,,,Hungary,,Bronze,147,true,https://www.icho-official.org/results/results.php?id=54&year=2022,age_missing;project_na
IChO,2022,Adrien Casteloa,,,France,,Bronze,148,true,https://www.icho-official.org/results/results.php?id=54&year=2022,age_missing;project_na
IChO,2022,Chuhan Joyce Qi,,,Canada,,Bronze,149,true,https://www.icho-official.org/results/results.php?id=54&year=2022,age_missing;project_na
IChO,2022,Lizi Darchia,,,Georgia,,Bronze,150,true,https://www.icho-official.org/results/results.php?id=54&year=2022,age_missing;project_na
IChO,2022,Frederike Saal,,,Germany,,Bronze,151,true,https://www.icho-official.org/results/results.php?id=54&year=2022,age_missing;project_na
IChO,2022,Shyaamal Dwivedi,,,United Arab Emirates,,Bronze,152,true,https://www.icho-official.org/results/results.php?id=54&year=2022,age_missing;project_na
IChO,2022,Rafael Moreno Ribeiro,,,Brazil,,Bronze,153,true,https://www.icho-official.org/results/results.php?id=54&year=2022,age_missing;project_na
IChO,2022,Tigran Harutyunyan,,,Armenia,,Bronze,154,true,https://www.icho-official.org/results/results.php?id=54&year=2022,age_missing;project_na
IChO,2022,Fredi Manuel Barraza Hernández,,,El Salvador,,Bronze,155,true,https://www.icho-official.org/results/results.php?id=54&year=2022,age_missing;project_na
IChO,2022,Tal Sason,,,Israel,,Bronze,156,true,https://www.icho-official.org/results/results.php?id=54&year=2022,age_missing;project_na
IChO,2022,Salman Eyad Aldarweish,,,Syria,,Bronze,157,true,https://www.icho-official.org/results/results.php?id=54&year=2022,age_missing;project_na
IChO,2022,Rūdolfs Brahmanis,,,Latvia,,Bronze,158,true,https://www.icho-official.org/results/results.php?id=54&year=2022,age_missing;project_na
IChO,2022,Florian Wuerfel,,,Austria,,Bronze,159,true,https://www.icho-official.org/results/results.php?id=54&year=2022,age_missing;project_na
IChO,2022,Hung Li Joyton Fu,,,Malaysia,,Bronze,160,true,https://www.icho-official.org/results/results.php?id=54&year=2022,age_missing;project_na
IChO,2022,Ryaan Sidhu,,,New Zealand,,Bronze,161,true,https://www.icho-official.org/results/results.php?id=54&year=2022,age_missing;project_na
IChO,2022,Adam Kleman,,,Slovakia,,Bronze,162,true,https://www.icho-official.org/results/results.php?id=54&year=2022,age_missing;project_na
IChO,2022,Azamat Salamatov,,,Kyrgyzstan,,Bronze,163,true,https://www.icho-official.org/results/results.php?id=54&year=2022,age_missing;project_na
IChO,2022,Felipe Vergara,,,Argentina,,Bronze,164,true,https://www.icho-official.org/results/results.php?id=54&year=2022,age_missing;project_na
IChO,2022,Sihan Yu,,,Finland,,Bronze,165,true,https://www.icho-official.org/results/results.php?id=54&year=2022,age_missing;project_na
IChO,2022,Vasanthamohan Sasangan,,,Sri Lanka,,Bronze,166,true,https://www.icho-official.org/results/results.php?id=54&year=2022,age_missing;project_na
IChO,2022,Sara Winther,,,Denmark,,Bronze,167,true,https://www.icho-official.org/results/results.php?id=54&year=2022,age_missing;project_na
IChO,2022,Dane Jemc,,,Slovenia,,Bronze,168,true,https://www.icho-official.org/results/results.php?id=54&year=2022,age_missing;project_na
IChO,2022,Ruiyi Li,,,Norway,,Bronze,169,true,https://www.icho-official.org/results/results.php?id=54&year=2022,age_missing;project_na
IChO,2022,Henry Dean Lalman,,,Canada,,Bronze,170,true,https://www.icho-official.org/results/results.php?id=54&year=2022,age_missing;project_na
IChO,2022,Benuljith Mindula Karunarathne,,,Sri Lanka,,Bronze,171,true,https://www.icho-official.org/results/results.php?id=54&year=2022,age_missing;project_na
IChO,2022,Felix Koller,,,Austria,,Bronze,172,true,https://www.icho-official.org/results/results.php?id=54&year=2022,age_missing;project_na
IChO,2022,Hussain Shaker AlSaffar,,,Saudi Arabia,,Bronze,173,true,https://www.icho-official.org/results/results.php?id=54&year=2022,age_missing;project_na
IChO,2022,Allan Han,,,New Zealand,,Bronze,174,true,https://www.icho-official.org/results/results.php?id=54&year=2022,age_missing;project_na
IChO,2022,Avishek Mazumder Santu,,,Bangladesh,,Bronze,175,true,https://www.icho-official.org/results/results.php?id=54&year=2022,age_missing;project_na
IChO,2022,Laimis Jurkenas,,,Lithuania,,Bronze,176,true,https://www.icho-official.org/results/results.php?id=54&year=2022,age_missing;project_na
IChO,2022,Niels Manning,,,Netherlands,,Bronze,177,true,https://www.icho-official.org/results/results.php?id=54&year=2022,age_missing;project_na
IChO,2022,Dunja Vuković,,,Serbia,,Bronze,178,true,https://www.icho-official.org/results/results.php?id=54&year=2022,age_missing;project_na
IChO,2022,Vaios Konstantinos Kakaes,,,Greece,,Bronze,179,true,https://www.icho-official.org/results/results.php?id=54&year=2022,age_missing;project_na
IChO,2022,Ivan Reshetnikov,,,Kyrgyzstan,,Bronze,180,true,https://www.icho-official.org/results/results.php?id=54&year=2022,age_missing;project_na
IChO,2022,Anja Spasovska,,,"Macedonia, North",,Bronze,181,true,https://www.icho-official.org/results/results.php?id=54&year=2022,age_missing;project_na
IChO,2022,Yasmin Mahmood Abdulla Mohammad Ali,,,United Arab Emirates,,Bronze,182,true,https://www.icho-official.org/results/results.php?id=54&year=2022,age_missing;project_na
IChO,2022,Dimitrios Kasimatis,,,Greece,,Bronze,183,true,https://www.icho-official.org/results/results.php?id=54&year=2022,age_missing;project_na
IChO,2022,Elvis Alejandro Tovar-Facundo,,,Mexico,,Bronze,184,true,https://www.icho-official.org/results/results.php?id=54&year=2022,age_missing;project_na
IChO,2022,Sarwesh Parajuli,,,Nepal,,Bronze,185,true,https://www.icho-official.org/results/results.php?id=54&year=2022,age_missing;project_na
IChO,2022,Adam Benjamin Plšek,,,Slovakia,,Bronze,186,true,https://www.icho-official.org/results/results.php?id=54&year=2022,age_missing;project_na
IChO,2022,Pau Moliner Senar,,,Spain,,Bronze,187,true,https://www.icho-official.org/results/results.php?id=54&year=2022,age_missing;project_na
IChO,2022,Thor Marner,,,Denmark,,Bronze,188,true,https://www.icho-official.org/results/results.php?id=54&year=2022,age_missing;project_na
IChO,2022,Athanasios Feidakis,,,Greece,,Bronze,189,true,https://www.icho-official.org/results/results.php?id=54&year=2022,age_missing;project_na
IChO,2022,Simen Jægtvik Aas,,,Norway,,Bronze,190,true,https://www.icho-official.org/results/results.php?id=54&year=2022,age_missing;project_na
IChO,2022,Matej Nastran,,,Slovenia,,Bronze,191,true,https://www.icho-official.org/results/results.php?id=54&year=2022,age_missing;project_na
IChO,2022,Orestis Loukas Anemoulis,,,Greece,,Bronze,192,true,https://www.icho-official.org/results/results.php?id=54&year=2022,age_missing;project_na
IChO,2022,Silas Waldvogel,,,Switzerland,,Bronze,193,true,https://www.icho-official.org/results/results.php?id=54&year=2022,age_missing;project_na
IChO,2022,Santiago Sirena,,,Argentina,,Bronze,194,true,https://www.icho-official.org/results/results.php?id=54&year=2022,age_missing;project_na
IChO,2022,Muhammad Barotov,,,Tajikistan,,Bronze,195,true,https://www.icho-official.org/results/results.php?id=54&year=2022,age_missing;project_na
IChO,2022,Alexander Svenstrup Poulsen,,,Denmark,,Bronze,196,true,https://www.icho-official.org/results/results.php?id=54&year=2022,age_missing;project_na
IChO,2022,Mihkel Tali,,,Estonia,,Bronze,197,true,https://www.icho-official.org/results/results.php?id=54&year=2022,age_missing;project_na
IChO,2022,Iulia Teleucă,,,Moldova,,Bronze,198,true,https://www.icho-official.org/results/results.php?id=54&year=2022,age_missing;project_na
IChO,2022,Ray Zhao Zhou,,,Canada,,Bronze,199,true,https://www.icho-official.org/results/results.php?id=54&year=2022,age_missing;project_na
IChO,2022,Moises Holanda de Souza,,,Brazil,,Bronze,200,true,https://www.icho-official.org/results/results.php?id=54&year=2022,age_missing;project_na
IChO,2022,Diego do Nascimento Gomes,,,Brazil,,Bronze,201,true,https://www.icho-official.org/results/results.php?id=54&year=2022,age_missing;project_na
IChO,2022,Sona Sagheyan,,,Armenia,,Bronze,202,true,https://www.icho-official.org/results/results.php?id=54&year=2022,age_missing;project_na
IChO,2022,Tomas Babelis,,,Lithuania,,Bronze,203,true,https://www.icho-official.org/results/results.php?id=54&year=2022,age_missing;project_na
IChO,2022,Ranasinghege Kavinda Chathuranga,,,Sri Lanka,,Bronze,204,true,https://www.icho-official.org/results/results.php?id=54&year=2022,age_missing;project_na
IChO,2022,Patrik Potočnik,,,Slovenia,,Bronze,205,true,https://www.icho-official.org/results/results.php?id=54&year=2022,age_missing;project_na
IChO,2022,Fearghal Desmond,,,Ireland,,Bronze,206,true,https://www.icho-official.org/results/results.php?id=54&year=2022,age_missing;project_na
IChO,2022,Đorđe Parojčić,,,Serbia,,Bronze,207,true,https://www.icho-official.org/results/results.php?id=54&year=2022,age_missing;project_na
IChO,2022,Oleh Komarnytskyi,,,Ukraine,,Bronze,208,true,https://www.icho-official.org/results/results.php?id=54&year=2022,age_missing;project_na
IChO,2022,Alberto Alava Cedeño,,,Venezuela,,Bronze,209,true,https://www.icho-official.org/results/results.php?id=54&year=2022,age_missing;project_na
IChO,2022,Ali Abdulwahed AlYousef,,,Saudi Arabia,,Bronze,210,true,https://www.icho-official.org/results/results.php?id=54&year=2022,age_missing;project_na
IChO,2023,Weijie Mao,,,"China, People's Republic of",,Gold,1,true,https://www.icho-official.org/results/results.php?id=55&year=2023,age_missing;project_na
IChO,2023,Haozhe Sun,,,"China, People's Republic of",,Gold,2,true,https://www.icho-official.org/results/results.php?id=55&year=2023,age_missing;project_na
IChO,2023,Nikita Perov,,,Individual 2,,Gold,3,true,https://www.icho-official.org/results/results.php?id=55&year=2023,age_missing;project_na
IChO,2023,Berkan Tarak,,,Türkiye,,Gold,4,true,https://www.icho-official.org/results/results.php?id=55&year=2023,age_missing;project_na
IChO,2023,Leemen Chan,,,Singapore,,Gold,5,true,https://www.icho-official.org/results/results.php?id=55&year=2023,age_missing;project_na
IChO,2023,Michal Lipiec,,,Poland,,Gold,6,true,https://www.icho-official.org/results/results.php?id=55&year=2023,age_missing;project_na
IChO,2023,Dinh Cao Son,,,Vietnam,,Gold,7,true,https://www.icho-official.org/results/results.php?id=55&year=2023,age_missing;project_na
IChO,2023,Chuyue Zhuang,,,"China, People's Republic of",,Gold,8,true,https://www.icho-official.org/results/results.php?id=55&year=2023,age_missing;project_na
IChO,2023,Marton Szabo,,,Hungary,,Gold,9,true,https://www.icho-official.org/results/results.php?id=55&year=2023,age_missing;project_na
IChO,2023,Nguyen Kim Giang,,,Vietnam,,Gold,10,true,https://www.icho-official.org/results/results.php?id=55&year=2023,age_missing;project_na
IChO,2023,Marcus Jian-Hao Chu,,,Singapore,,Gold,11,true,https://www.icho-official.org/results/results.php?id=55&year=2023,age_missing;project_na
IChO,2023,Yu-Fan Chou,,,Chinese Taipei,,Gold,12,true,https://www.icho-official.org/results/results.php?id=55&year=2023,age_missing;project_na
IChO,2023,Kiran Diamond,,,United Kingdom,,Gold,13,true,https://www.icho-official.org/results/results.php?id=55&year=2023,age_missing;project_na
IChO,2023,Mats Budäus,,,Germany,,Gold,14,true,https://www.icho-official.org/results/results.php?id=55&year=2023,age_missing;project_na
IChO,2023,Leonid Asatryan,,,Armenia,,Gold,15,true,https://www.icho-official.org/results/results.php?id=55&year=2023,age_missing;project_na
IChO,2023,Nguyen Manh Khoi,,,Vietnam,,Gold,16,true,https://www.icho-official.org/results/results.php?id=55&year=2023,age_missing;project_na
IChO,2023,Mika Yamanouchi,,,Japan,,Gold,17,true,https://www.icho-official.org/results/results.php?id=55&year=2023,age_missing;project_na
IChO,2023,Anurag Sodhi,,,USA,,Gold,18,true,https://www.icho-official.org/results/results.php?id=55&year=2023,age_missing;project_na
IChO,2023,Phoenix Wu,,,USA,,Gold,19,true,https://www.icho-official.org/results/results.php?id=55&year=2023,age_missing;project_na
IChO,2023,Panshul Sharma,,,Singapore,,Gold,20,true,https://www.icho-official.org/results/results.php?id=55&year=2023,age_missing;project_na
IChO,2023,Victor Lilov,,,Bulgaria,,Gold,21,true,https://www.icho-official.org/results/results.php?id=55&year=2023,age_missing;project_na
IChO,2023,Azizbek Nazarov,,,Uzbekistan,,Gold,22,true,https://www.icho-official.org/results/results.php?id=55&year=2023,age_missing;project_na
IChO,2023,Mohammad Halaji,,,"Iran, Islamic Republic of",,Gold,23,true,https://www.icho-official.org/results/results.php?id=55&year=2023,age_missing;project_na
IChO,2023,Zahra Tahamtani Torkamani,,,"Iran, Islamic Republic of",,Gold,24,true,https://www.icho-official.org/results/results.php?id=55&year=2023,age_missing;project_na
IChO,2023,Jiraroj Chawanasuntornpoj,,,Thailand,,Gold,25,true,https://www.icho-official.org/results/results.php?id=55&year=2023,age_missing;project_na
IChO,2023,Zhiar Moslemi,,,"Iran, Islamic Republic of",,Gold,26,true,https://www.icho-official.org/results/results.php?id=55&year=2023,age_missing;project_na
IChO,2023,I-Shiang Lee,,,Singapore,,Gold,27,true,https://www.icho-official.org/results/results.php?id=55&year=2023,age_missing;project_na
IChO,2023,Changjiang Wan,,,"China, People's Republic of",,Gold,28,true,https://www.icho-official.org/results/results.php?id=55&year=2023,age_missing;project_na
IChO,2023,Sergei Rosliakov,,,Individual 2,,Gold,29,true,https://www.icho-official.org/results/results.php?id=55&year=2023,age_missing;project_na
IChO,2023,Junsung Jang,,,"Korea, Republic of",,Gold,30,true,https://www.icho-official.org/results/results.php?id=55&year=2023,age_missing;project_na
IChO,2023,Ching-Chao Ma,,,Chinese Taipei,,Gold,31,true,https://www.icho-official.org/results/results.php?id=55&year=2023,age_missing;project_na
IChO,2023,Krum Aleksandrov,,,Bulgaria,,Gold,32,true,https://www.icho-official.org/results/results.php?id=55&year=2023,age_missing;project_na
IChO,2023,Vadim Kharisov,,,Individual 2,,Gold,33,true,https://www.icho-official.org/results/results.php?id=55&year=2023,age_missing;project_na
IChO,2023,Kohei Matsusaka,,,Japan,,Gold,34,true,https://www.icho-official.org/results/results.php?id=55&year=2023,age_missing;project_na
IChO,2023,Krish Srivastava,,,India,,Gold,35,true,https://www.icho-official.org/results/results.php?id=55&year=2023,age_missing;project_na
IChO,2023,Vlad Gabriel Ristache,,,Romania,,Gold,36,true,https://www.icho-official.org/results/results.php?id=55&year=2023,age_missing;project_na
IChO,2023,Abdullokh Makhmudov,,,Uzbekistan,,Gold,37,true,https://www.icho-official.org/results/results.php?id=55&year=2023,age_missing;project_na
IChO,2023,Sanzhar Bissenali,,,Kazakhstan,,Gold,38,true,https://www.icho-official.org/results/results.php?id=55&year=2023,age_missing;project_na
IChO,2023,Pei-Yuan Li,,,Chinese Taipei,,Gold,39,true,https://www.icho-official.org/results/results.php?id=55&year=2023,age_missing;project_na
IChO,2023,Shahzoda Hakimova,,,Uzbekistan,,Silver,40,true,https://www.icho-official.org/results/results.php?id=55&year=2023,age_missing;project_na
IChO,2023,Haruto Suzuki,,,Japan,,Silver,41,true,https://www.icho-official.org/results/results.php?id=55&year=2023,age_missing;project_na
IChO,2023,Yonatan Gontmakher,,,Israel,,Silver,42,true,https://www.icho-official.org/results/results.php?id=55&year=2023,age_missing;project_na
IChO,2023,Pak Chuen Fung,,,United Kingdom,,Silver,43,true,https://www.icho-official.org/results/results.php?id=55&year=2023,age_missing;project_na
IChO,2023,Preslav Georgiev,,,Bulgaria,,Silver,44,true,https://www.icho-official.org/results/results.php?id=55&year=2023,age_missing;project_na
IChO,2023,Mai Van Duc,,,Vietnam,,Silver,45,true,https://www.icho-official.org/results/results.php?id=55&year=2023,age_missing;project_na
IChO,2023,HeeJoon Kim,,,"Korea, Republic of",,Silver,46,true,https://www.icho-official.org/results/results.php?id=55&year=2023,age_missing;project_na
IChO,2023,Avaneesh Bansal,,,India,,Silver,47,true,https://www.icho-official.org/results/results.php?id=55&year=2023,age_missing;project_na
IChO,2023,Marcell Imre Papp,,,Hungary,,Silver,48,true,https://www.icho-official.org/results/results.php?id=55&year=2023,age_missing;project_na
IChO,2023,Jiří Vestfál,,,Czech Republic,,Silver,49,true,https://www.icho-official.org/results/results.php?id=55&year=2023,age_missing;project_na
IChO,2023,Kevin Lius Bong,,,Indonesia,,Silver,50,true,https://www.icho-official.org/results/results.php?id=55&year=2023,age_missing;project_na
IChO,2023,Daniils Kargins,,,Latvia,,Silver,51,true,https://www.icho-official.org/results/results.php?id=55&year=2023,age_missing;project_na
IChO,2023,Shun TanakaTanaka,,,Japan,,Silver,52,true,https://www.icho-official.org/results/results.php?id=55&year=2023,age_missing;project_na
IChO,2023,Aditi Singh,,,India,,Silver,53,true,https://www.icho-official.org/results/results.php?id=55&year=2023,age_missing;project_na
IChO,2023,Jimin Jun,,,"Korea, Republic of",,Silver,54,true,https://www.icho-official.org/results/results.php?id=55&year=2023,age_missing;project_na
IChO,2023,Neta Eiger,,,Israel,,Silver,55,true,https://www.icho-official.org/results/results.php?id=55&year=2023,age_missing;project_na
IChO,2023,Gabriel Aguiar,,,Brazil,,Silver,56,true,https://www.icho-official.org/results/results.php?id=55&year=2023,age_missing;project_na
IChO,2023,George Zhibo Chen,,,Australia,,Silver,57,true,https://www.icho-official.org/results/results.php?id=55&year=2023,age_missing;project_na
IChO,2023,Dániel Viczián,,,Hungary,,Silver,58,true,https://www.icho-official.org/results/results.php?id=55&year=2023,age_missing;project_na
IChO,2023,Mohammad AlHadlaq,,,Saudi Arabia,,Silver,59,true,https://www.icho-official.org/results/results.php?id=55&year=2023,age_missing;project_na
IChO,2023,Rinat Ilyussizov,,,Kazakhstan,,Silver,60,true,https://www.icho-official.org/results/results.php?id=55&year=2023,age_missing;project_na
IChO,2023,Alice Liu,,,USA,,Silver,61,true,https://www.icho-official.org/results/results.php?id=55&year=2023,age_missing;project_na
IChO,2023,Zdeněk Hartman,,,Czech Republic,,Silver,62,true,https://www.icho-official.org/results/results.php?id=55&year=2023,age_missing;project_na
IChO,2023,Frederike Saal,,,Germany,,Silver,63,true,https://www.icho-official.org/results/results.php?id=55&year=2023,age_missing;project_na
IChO,2023,Dilara Altundag,,,Türkiye,,Silver,64,true,https://www.icho-official.org/results/results.php?id=55&year=2023,age_missing;project_na
IChO,2023,Piotr Olbrys,,,Poland,,Silver,65,true,https://www.icho-official.org/results/results.php?id=55&year=2023,age_missing;project_na
IChO,2023,Yavor Hristov,,,Bulgaria,,Silver,66,true,https://www.icho-official.org/results/results.php?id=55&year=2023,age_missing;project_na
IChO,2023,Kanissorn Kiratipongvoot,,,Thailand,,Silver,67,true,https://www.icho-official.org/results/results.php?id=55&year=2023,age_missing;project_na
IChO,2023,Luca Mihai RASCARACHI,,,Romania,,Silver,68,true,https://www.icho-official.org/results/results.php?id=55&year=2023,age_missing;project_na
IChO,2023,Mingwen Duan,,,USA,,Silver,69,true,https://www.icho-official.org/results/results.php?id=55&year=2023,age_missing;project_na
IChO,2023,Ali AlSaleh,,,Saudi Arabia,,Silver,70,true,https://www.icho-official.org/results/results.php?id=55&year=2023,age_missing;project_na
IChO,2023,Richard Grešák,,,Slovakia,,Silver,71,true,https://www.icho-official.org/results/results.php?id=55&year=2023,age_missing;project_na
IChO,2023,Abraham Abednego Lincoln,,,Indonesia,,Silver,72,true,https://www.icho-official.org/results/results.php?id=55&year=2023,age_missing;project_na
IChO,2023,Markus Farnebäck,,,Sweden,,Silver,73,true,https://www.icho-official.org/results/results.php?id=55&year=2023,age_missing;project_na
IChO,2023,Kiran Desai-Kinvig,,,United Kingdom,,Silver,74,true,https://www.icho-official.org/results/results.php?id=55&year=2023,age_missing;project_na
IChO,2023,Diako Seyedi,,,"Iran, Islamic Republic of",,Silver,75,true,https://www.icho-official.org/results/results.php?id=55&year=2023,age_missing;project_na
IChO,2023,Szymon Rozanski,,,Poland,,Silver,76,true,https://www.icho-official.org/results/results.php?id=55&year=2023,age_missing;project_na
IChO,2023,Antanina Shtytsko,,,Individual 1,,Silver,77,true,https://www.icho-official.org/results/results.php?id=55&year=2023,age_missing;project_na
IChO,2023,Azra Şekercioğlu,,,Türkiye,,Silver,78,true,https://www.icho-official.org/results/results.php?id=55&year=2023,age_missing;project_na
IChO,2023,Harry Gong,,,Canada,,Silver,79,true,https://www.icho-official.org/results/results.php?id=55&year=2023,age_missing;project_na
IChO,2023,Mustafa Keskes,,,Türkiye,,Silver,80,true,https://www.icho-official.org/results/results.php?id=55&year=2023,age_missing;project_na
IChO,2023,Dániel Nemeskéri,,,Hungary,,Silver,81,true,https://www.icho-official.org/results/results.php?id=55&year=2023,age_missing;project_na
IChO,2023,Zhong-Wei Wu,,,Chinese Taipei,,Silver,82,true,https://www.icho-official.org/results/results.php?id=55&year=2023,age_missing;project_na
IChO,2023,Ali Al Mousa,,,Saudi Arabia,,Silver,83,true,https://www.icho-official.org/results/results.php?id=55&year=2023,age_missing;project_na
IChO,2023,Malay Kedia,,,India,,Silver,84,true,https://www.icho-official.org/results/results.php?id=55&year=2023,age_missing;project_na
IChO,2023,Kotchapun Saritsiri,,,United Kingdom,,Silver,85,true,https://www.icho-official.org/results/results.php?id=55&year=2023,age_missing;project_na
IChO,2023,Muhammad Ghazal Hamida,,,Syria,,Silver,86,true,https://www.icho-official.org/results/results.php?id=55&year=2023,age_missing;project_na
IChO,2023,Artur Magalhaes,,,Brazil,,Silver,87,true,https://www.icho-official.org/results/results.php?id=55&year=2023,age_missing;project_na
IChO,2023,Leonard Çalışkan,,,Austria,,Silver,88,true,https://www.icho-official.org/results/results.php?id=55&year=2023,age_missing;project_na
IChO,2023,Hassan Alkhalifa,,,Saudi Arabia,,Silver,89,true,https://www.icho-official.org/results/results.php?id=55&year=2023,age_missing;project_na
IChO,2023,Peradol Sae-chueng,,,Thailand,,Silver,90,true,https://www.icho-official.org/results/results.php?id=55&year=2023,age_missing;project_na
IChO,2023,Aleksei Mikheev,,,Individual 2,,Silver,91,true,https://www.icho-official.org/results/results.php?id=55&year=2023,age_missing;project_na
IChO,2023,Justas Miliauskas,,,Lithuania,,Silver,92,true,https://www.icho-official.org/results/results.php?id=55&year=2023,age_missing;project_na
IChO,2023,Pablo Rossetti,,,Argentina,,Silver,93,true,https://www.icho-official.org/results/results.php?id=55&year=2023,age_missing;project_na
IChO,2023,Matej Nastran,,,Slovenia,,Silver,94,true,https://www.icho-official.org/results/results.php?id=55&year=2023,age_missing;project_na
IChO,2023,Tomáš Iliaš,,,Slovakia,,Silver,95,true,https://www.icho-official.org/results/results.php?id=55&year=2023,age_missing;project_na
IChO,2023,Vlad DIACONESCU,,,Romania,,Silver,96,true,https://www.icho-official.org/results/results.php?id=55&year=2023,age_missing;project_na
IChO,2023,Salama Omran,,,Syria,,Silver,97,true,https://www.icho-official.org/results/results.php?id=55&year=2023,age_missing;project_na
IChO,2023,Matthieu Hazebrouck,,,France,,Silver,98,true,https://www.icho-official.org/results/results.php?id=55&year=2023,age_missing;project_na
IChO,2023,Joyton Fu,,,Malaysia,,Silver,99,true,https://www.icho-official.org/results/results.php?id=55&year=2023,age_missing;project_na
IChO,2023,Oliver Gunson,,,New Zealand,,Silver,100,true,https://www.icho-official.org/results/results.php?id=55&year=2023,age_missing;project_na
IChO,2023,Maryia Staubunik,,,Individual 1,,Silver,101,true,https://www.icho-official.org/results/results.php?id=55&year=2023,age_missing;project_na
IChO,2023,Matej Škubla,,,Slovakia,,Silver,102,true,https://www.icho-official.org/results/results.php?id=55&year=2023,age_missing;project_na
IChO,2023,Yhlas Jumayev,,,Turkmenistan,,Silver,103,true,https://www.icho-official.org/results/results.php?id=55&year=2023,age_missing;project_na
IChO,2023,Zhenhuan Lin,,,Australia,,Silver,104,true,https://www.icho-official.org/results/results.php?id=55&year=2023,age_missing;project_na
IChO,2023,Shoham Assis,,,Israel,,Silver,105,true,https://www.icho-official.org/results/results.php?id=55&year=2023,age_missing;project_na
IChO,2023,Ketevan Peranidze,,,Georgia,,Silver,106,true,https://www.icho-official.org/results/results.php?id=55&year=2023,age_missing;project_na
IChO,2023,Almira Nurlanova,,,Kazakhstan,,Silver,107,true,https://www.icho-official.org/results/results.php?id=55&year=2023,age_missing;project_na
IChO,2023,Joao Vitor Fonseca,,,Brazil,,Silver,108,true,https://www.icho-official.org/results/results.php?id=55&year=2023,age_missing;project_na
IChO,2023,Uroš Poleksić,,,Serbia,,Silver,109,true,https://www.icho-official.org/results/results.php?id=55&year=2023,age_missing;project_na
IChO,2023,Aliaksandr Sharaichuk,,,Individual 1,,Silver,110,true,https://www.icho-official.org/results/results.php?id=55&year=2023,age_missing;project_na
IChO,2023,Tom Kovačić,,,Croatia,,Bronze,111,true,https://www.icho-official.org/results/results.php?id=55&year=2023,age_missing;project_na
IChO,2023,Daniils Soško,,,Latvia,,Bronze,112,true,https://www.icho-official.org/results/results.php?id=55&year=2023,age_missing;project_na
IChO,2023,Chaeone Seo,,,"Korea, Republic of",,Bronze,113,true,https://www.icho-official.org/results/results.php?id=55&year=2023,age_missing;project_na
IChO,2023,Antoine Mignon,,,France,,Bronze,114,true,https://www.icho-official.org/results/results.php?id=55&year=2023,age_missing;project_na
IChO,2023,Oleh Komarnytskyi,,,Ukraine,,Bronze,115,true,https://www.icho-official.org/results/results.php?id=55&year=2023,age_missing;project_na
IChO,2023,Philippe Dupont de Dinechin,,,France,,Bronze,116,true,https://www.icho-official.org/results/results.php?id=55&year=2023,age_missing;project_na
IChO,2023,Thisarindu Kuragodage,,,Sri Lanka,,Bronze,117,true,https://www.icho-official.org/results/results.php?id=55&year=2023,age_missing;project_na
IChO,2023,Mikolaj Warda,,,Poland,,Bronze,118,true,https://www.icho-official.org/results/results.php?id=55&year=2023,age_missing;project_na
IChO,2023,Rahel Vecsernyés-Handl,,,Austria,,Bronze,119,true,https://www.icho-official.org/results/results.php?id=55&year=2023,age_missing;project_na
IChO,2023,Brandon Ling,,,Canada,,Bronze,120,true,https://www.icho-official.org/results/results.php?id=55&year=2023,age_missing;project_na
IChO,2023,Erik Rozkovec,,,Czech Republic,,Bronze,121,true,https://www.icho-official.org/results/results.php?id=55&year=2023,age_missing;project_na
IChO,2023,Maren May,,,Germany,,Bronze,122,true,https://www.icho-official.org/results/results.php?id=55&year=2023,age_missing;project_na
IChO,2023,Aygul Atajanova,,,Turkmenistan,,Bronze,123,true,https://www.icho-official.org/results/results.php?id=55&year=2023,age_missing;project_na
IChO,2023,Nailton Castro,,,Brazil,,Bronze,124,true,https://www.icho-official.org/results/results.php?id=55&year=2023,age_missing;project_na
IChO,2023,Hamid Khalilov,,,Azerbaijan,,Bronze,125,true,https://www.icho-official.org/results/results.php?id=55&year=2023,age_missing;project_na
IChO,2023,Sarah Svaneberg,,,Denmark,,Bronze,126,true,https://www.icho-official.org/results/results.php?id=55&year=2023,age_missing;project_na
IChO,2023,Hleb Baravoi,,,Individual 1,,Bronze,127,true,https://www.icho-official.org/results/results.php?id=55&year=2023,age_missing;project_na
IChO,2023,Oleksandr Sokolov,,,Ukraine,,Bronze,128,true,https://www.icho-official.org/results/results.php?id=55&year=2023,age_missing;project_na
IChO,2023,Sohibjob Dilmurodov,,,Uzbekistan,,Bronze,129,true,https://www.icho-official.org/results/results.php?id=55&year=2023,age_missing;project_na
IChO,2023,Artemi Smõšljajev,,,Estonia,,Bronze,130,true,https://www.icho-official.org/results/results.php?id=55&year=2023,age_missing;project_na
IChO,2023,Tomás Santillán,,,Argentina,,Bronze,131,true,https://www.icho-official.org/results/results.php?id=55&year=2023,age_missing;project_na
IChO,2023,Joey Liu,,,Canada,,Bronze,132,true,https://www.icho-official.org/results/results.php?id=55&year=2023,age_missing;project_na
IChO,2023,Niklas Küstner,,,Germany,,Bronze,133,true,https://www.icho-official.org/results/results.php?id=55&year=2023,age_missing;project_na
IChO,2023,Bekbolat Mamyrbekov,,,Kazakhstan,,Bronze,134,true,https://www.icho-official.org/results/results.php?id=55&year=2023,age_missing;project_na
IChO,2023,Jayden Kumar,,,New Zealand,,Bronze,135,true,https://www.icho-official.org/results/results.php?id=55&year=2023,age_missing;project_na
IChO,2023,Amartuvshin Anar,,,Mongolia,,Bronze,136,true,https://www.icho-official.org/results/results.php?id=55&year=2023,age_missing;project_na
IChO,2023,Shon Hentz,,,Israel,,Bronze,137,true,https://www.icho-official.org/results/results.php?id=55&year=2023,age_missing;project_na
IChO,2023,Leo Sprincean,,,Moldova,,Bronze,138,true,https://www.icho-official.org/results/results.php?id=55&year=2023,age_missing;project_na
IChO,2023,Robolge Lenora,,,Sri Lanka,,Bronze,139,true,https://www.icho-official.org/results/results.php?id=55&year=2023,age_missing;project_na
IChO,2023,Pijus Tamošiūnas,,,Lithuania,,Bronze,140,true,https://www.icho-official.org/results/results.php?id=55&year=2023,age_missing;project_na
IChO,2023,Yakup Annaorazov,,,Turkmenistan,,Bronze,141,true,https://www.icho-official.org/results/results.php?id=55&year=2023,age_missing;project_na
IChO,2023,Gelraycs Jules Fornan,,,Philippines,,Bronze,142,true,https://www.icho-official.org/results/results.php?id=55&year=2023,age_missing;project_na
IChO,2023,Vladyslav Omelianchuk,,,Ukraine,,Bronze,143,true,https://www.icho-official.org/results/results.php?id=55&year=2023,age_missing;project_na
IChO,2023,Mihkel Tali,,,Estonia,,Bronze,144,true,https://www.icho-official.org/results/results.php?id=55&year=2023,age_missing;project_na
IChO,2023,Janko Popović,,,Serbia,,Bronze,145,true,https://www.icho-official.org/results/results.php?id=55&year=2023,age_missing;project_na
IChO,2023,Christopher Taschler,,,Austria,,Bronze,146,true,https://www.icho-official.org/results/results.php?id=55&year=2023,age_missing;project_na
IChO,2023,Kim Radešić,,,Croatia,,Bronze,147,true,https://www.icho-official.org/results/results.php?id=55&year=2023,age_missing;project_na
IChO,2023,Tomas Babelis,,,Lithuania,,Bronze,148,true,https://www.icho-official.org/results/results.php?id=55&year=2023,age_missing;project_na
IChO,2023,Begzada Annayev,,,Turkmenistan,,Bronze,149,true,https://www.icho-official.org/results/results.php?id=55&year=2023,age_missing;project_na
IChO,2023,Ema Novak,,,Croatia,,Bronze,150,true,https://www.icho-official.org/results/results.php?id=55&year=2023,age_missing;project_na
IChO,2023,Adam Plšek,,,Slovakia,,Bronze,151,true,https://www.icho-official.org/results/results.php?id=55&year=2023,age_missing;project_na
IChO,2023,Nihad Hajizada,,,Azerbaijan,,Bronze,152,true,https://www.icho-official.org/results/results.php?id=55&year=2023,age_missing;project_na
IChO,2023,Valentin Mitterlehner,,,Austria,,Bronze,153,true,https://www.icho-official.org/results/results.php?id=55&year=2023,age_missing;project_na
IChO,2023,Muhammad Adyan Dafi,,,Indonesia,,Bronze,154,true,https://www.icho-official.org/results/results.php?id=55&year=2023,age_missing;project_na
IChO,2023,Tigran Mkhitaryan,,,Armenia,,Bronze,155,true,https://www.icho-official.org/results/results.php?id=55&year=2023,age_missing;project_na
IChO,2023,Filip Bojadjievski,,,"Macedonia, North",,Bronze,156,true,https://www.icho-official.org/results/results.php?id=55&year=2023,age_missing;project_na
IChO,2023,Henry Lalman,,,Canada,,Bronze,157,true,https://www.icho-official.org/results/results.php?id=55&year=2023,age_missing;project_na
IChO,2023,Seljan Shafizada,,,Azerbaijan,,Bronze,158,true,https://www.icho-official.org/results/results.php?id=55&year=2023,age_missing;project_na
IChO,2023,Zefiro Ferraro Fano,,,Italy,,Bronze,159,true,https://www.icho-official.org/results/results.php?id=55&year=2023,age_missing;project_na
IChO,2023,Elina Kamalova,,,Ukraine,,Bronze,160,true,https://www.icho-official.org/results/results.php?id=55&year=2023,age_missing;project_na
IChO,2023,Andrea Grossi,,,Italy,,Bronze,161,true,https://www.icho-official.org/results/results.php?id=55&year=2023,age_missing;project_na
IChO,2023,DIMITRIOS GEORGELES,,,Greece,,Bronze,162,true,https://www.icho-official.org/results/results.php?id=55&year=2023,age_missing;project_na
IChO,2023,Muhammad Ezra Sarliviano,,,Indonesia,,Bronze,163,true,https://www.icho-official.org/results/results.php?id=55&year=2023,age_missing;project_na
IChO,2023,Hanlin Liu,,,Australia,,Bronze,164,true,https://www.icho-official.org/results/results.php?id=55&year=2023,age_missing;project_na
IChO,2023,Dunja Vuković,,,Serbia,,Bronze,165,true,https://www.icho-official.org/results/results.php?id=55&year=2023,age_missing;project_na
IChO,2023,Viktor Delač,,,Croatia,,Bronze,166,true,https://www.icho-official.org/results/results.php?id=55&year=2023,age_missing;project_na
IChO,2023,Shao Yu Bobby Wu,,,Australia,,Bronze,167,true,https://www.icho-official.org/results/results.php?id=55&year=2023,age_missing;project_na
IChO,2023,Karl Johann Külv,,,Estonia,,Bronze,168,true,https://www.icho-official.org/results/results.php?id=55&year=2023,age_missing;project_na
IChO,2023,Rodrigo Moreno Plascencia,,,Mexico,,Bronze,169,true,https://www.icho-official.org/results/results.php?id=55&year=2023,age_missing;project_na
IChO,2023,KONSTANTINOS KOUNDOURAKIS,,,Greece,,Bronze,170,true,https://www.icho-official.org/results/results.php?id=55&year=2023,age_missing;project_na
IChO,2023,César Endris Acosta Martínez,,,Cuba,,Bronze,171,true,https://www.icho-official.org/results/results.php?id=55&year=2023,age_missing;project_na
IChO,2023,Jakub Kocháň,,,Czech Republic,,Bronze,172,true,https://www.icho-official.org/results/results.php?id=55&year=2023,age_missing;project_na
IChO,2023,Daniel Rodriguez Cochachin,,,Peru,,Bronze,173,true,https://www.icho-official.org/results/results.php?id=55&year=2023,age_missing;project_na
IChO,2023,Arachchige Don Arachchi,,,Sri Lanka,,Bronze,174,true,https://www.icho-official.org/results/results.php?id=55&year=2023,age_missing;project_na
IChO,2023,Thuvarahan Chandrakumar,,,Sri Lanka,,Bronze,175,true,https://www.icho-official.org/results/results.php?id=55&year=2023,age_missing;project_na
IChO,2023,Jia Chin,,,Malaysia,,Bronze,176,true,https://www.icho-official.org/results/results.php?id=55&year=2023,age_missing;project_na
IChO,2023,Arman Kharatyan,,,Armenia,,Bronze,177,true,https://www.icho-official.org/results/results.php?id=55&year=2023,age_missing;project_na
IChO,2023,Luca De Masi,,,Italy,,Bronze,178,true,https://www.icho-official.org/results/results.php?id=55&year=2023,age_missing;project_na
IChO,2023,Augustas Rinkevičius,,,Lithuania,,Bronze,179,true,https://www.icho-official.org/results/results.php?id=55&year=2023,age_missing;project_na
IChO,2023,Nomin-Undrakh Batsuuri,,,Mongolia,,Bronze,180,true,https://www.icho-official.org/results/results.php?id=55&year=2023,age_missing;project_na
IChO,2023,Melany Algarbe,,,Argentina,,Bronze,181,true,https://www.icho-official.org/results/results.php?id=55&year=2023,age_missing;project_na
IChO,2023,Petr Mikhaylov,,,Cyprus,,Bronze,182,true,https://www.icho-official.org/results/results.php?id=55&year=2023,age_missing;project_na
IChO,2023,Mario Vanchoski,,,"Macedonia, North",,Bronze,183,true,https://www.icho-official.org/results/results.php?id=55&year=2023,age_missing;project_na
IChO,2023,Santiago Sirena,,,Argentina,,Bronze,184,true,https://www.icho-official.org/results/results.php?id=55&year=2023,age_missing;project_na
IChO,2023,ODYSSEAS KOMINIS - ALTANIS,,,Greece,,Bronze,185,true,https://www.icho-official.org/results/results.php?id=55&year=2023,age_missing;project_na
IChO,2023,Erlend Skretteberg,,,Norway,,Bronze,186,true,https://www.icho-official.org/results/results.php?id=55&year=2023,age_missing;project_na
IChO,2023,Isla Swanney,,,New Zealand,,Bronze,187,true,https://www.icho-official.org/results/results.php?id=55&year=2023,age_missing;project_na
IChO,2023,Amasaya Liangbumrung,,,Thailand,,Bronze,188,true,https://www.icho-official.org/results/results.php?id=55&year=2023,age_missing;project_na
IChO,2023,Linards Lūsis,,,Latvia,,Bronze,189,true,https://www.icho-official.org/results/results.php?id=55&year=2023,age_missing;project_na
IChO,2023,Mikkel Loesch,,,Denmark,,Bronze,190,true,https://www.icho-official.org/results/results.php?id=55&year=2023,age_missing;project_na
IChO,2023,Avishek Mazumder Santu,,,Bangladesh,,Bronze,191,true,https://www.icho-official.org/results/results.php?id=55&year=2023,age_missing;project_na
IChO,2023,Mohammad Nur Casib,,,Philippines,,Bronze,192,true,https://www.icho-official.org/results/results.php?id=55&year=2023,age_missing;project_na
IChO,2023,Jakob Starec Oman,,,Slovenia,,Bronze,193,true,https://www.icho-official.org/results/results.php?id=55&year=2023,age_missing;project_na
IChO,2023,Nikolas Juhava,,,Finland,,Bronze,194,true,https://www.icho-official.org/results/results.php?id=55&year=2023,age_missing;project_na
IChO,2023,Richard Sheahan,,,Ireland,,Bronze,195,true,https://www.icho-official.org/results/results.php?id=55&year=2023,age_missing;project_na
IChO,2023,Siena Ootes,,,Luxembourg,,Bronze,196,true,https://www.icho-official.org/results/results.php?id=55&year=2023,age_missing;project_na
IChO,2023,Cedric Siriwardana,,,New Zealand,,Bronze,197,true,https://www.icho-official.org/results/results.php?id=55&year=2023,age_missing;project_na
IChO,2023,Salman Aldarweish,,,Syria,,Bronze,198,true,https://www.icho-official.org/results/results.php?id=55&year=2023,age_missing;project_na
IChO,2023,Darius Alexandru SINDRESTEAN,,,Romania,,Bronze,199,true,https://www.icho-official.org/results/results.php?id=55&year=2023,age_missing;project_na
IChO,2023,Petar Mirchevski,,,"Macedonia, North",,Bronze,200,true,https://www.icho-official.org/results/results.php?id=55&year=2023,age_missing;project_na
IChO,2023,Bianca-Sofia Leahu,,,Moldova,,Bronze,201,true,https://www.icho-official.org/results/results.php?id=55&year=2023,age_missing;project_na
IChO,2023,Simen Eilevstjønn,,,Norway,,Bronze,202,true,https://www.icho-official.org/results/results.php?id=55&year=2023,age_missing;project_na
IChO,2023,Alexander Poulsen,,,Denmark,,Bronze,203,true,https://www.icho-official.org/results/results.php?id=55&year=2023,age_missing;project_na
IChO,2023,Lemuel Acosta,,,Philippines,,Bronze,204,true,https://www.icho-official.org/results/results.php?id=55&year=2023,age_missing;project_na
IChO,2023,Guus Bukkems,,,Netherlands,,Bronze,205,true,https://www.icho-official.org/results/results.php?id=55&year=2023,age_missing;project_na
IChO,2023,Juan García Bouzá,,,Uruguay,,Bronze,206,true,https://www.icho-official.org/results/results.php?id=55&year=2023,age_missing;project_na
IChO,2023,Simone Pinto,,,Portugal,,Bronze,207,true,https://www.icho-official.org/results/results.php?id=55&year=2023,age_missing;project_na
IChO,2023,Rökkvi Birgisson,,,Iceland,,Bronze,208,true,https://www.icho-official.org/results/results.php?id=55&year=2023,age_missing;project_na
IChO,2023,Lowie Goossens,,,Belgium,,Bronze,209,true,https://www.icho-official.org/results/results.php?id=55&year=2023,age_missing;project_na
IChO,2023,Anders Moll-Elsborg,,,Denmark,,Bronze,210,true,https://www.icho-official.org/results/results.php?id=55&year=2023,age_missing;project_na
IChO,2023,Daniz Sattarli,,,Azerbaijan,,Bronze,211,true,https://www.icho-official.org/results/results.php?id=55&year=2023,age_missing;project_na
IChO,2023,Enzo Sberna,,,Italy,,Bronze,212,true,https://www.icho-official.org/results/results.php?id=55&year=2023,age_missing;project_na
IChO,2023,Oskar Brännholm,,,Sweden,,Bronze,213,true,https://www.icho-official.org/results/results.php?id=55&year=2023,age_missing;project_na
IChO,2023,Abdulkader Alhussein,,,Syria,,Bronze,214,true,https://www.icho-official.org/results/results.php?id=55&year=2023,age_missing;project_na
IChO,2023,Ivan Reshetnikov,,,Kyrgyzstan,,Bronze,215,true,https://www.icho-official.org/results/results.php?id=55&year=2023,age_missing;project_na
IChO,2023,Viesturs Streļčs,,,Latvia,,Bronze,216,true,https://www.icho-official.org/results/results.php?id=55&year=2023,age_missing;project_na
IChO,2023,Erik Jordan Valdés Abreu,,,Cuba,,Bronze,217,true,https://www.icho-official.org/results/results.php?id=55&year=2023,age_missing;project_na
IChO,2024,Zhong Zheng,,,"China, People's Republic of",,Gold,1,true,https://www.icho-official.org/results/results.php?id=56&year=2024,age_missing;project_na
IChO,2024,Victor Lilov,,,Bulgaria,,Gold,2,true,https://www.icho-official.org/results/results.php?id=56&year=2024,age_missing;project_na
IChO,2024,Yufei Chen,,,USA,,Gold,3,true,https://www.icho-official.org/results/results.php?id=56&year=2024,age_missing;project_na
IChO,2024,Kharisov Vadim,,,Individual 2,,Gold,4,true,https://www.icho-official.org/results/results.php?id=56&year=2024,age_missing;project_na
IChO,2024,Wang Junjie,,,"China, People's Republic of",,Gold,5,true,https://www.icho-official.org/results/results.php?id=56&year=2024,age_missing;project_na
IChO,2024,Lucas Nogueira Gilioti Loes,,,Brazil,,Gold,6,true,https://www.icho-official.org/results/results.php?id=56&year=2024,age_missing;project_na
IChO,2024,Yen-Hung Ko,,,Chinese Taipei,,Gold,7,true,https://www.icho-official.org/results/results.php?id=56&year=2024,age_missing;project_na
IChO,2024,Ren Zhengqian,,,"China, People's Republic of",,Gold,8,true,https://www.icho-official.org/results/results.php?id=56&year=2024,age_missing;project_na
IChO,2024,Rahimov Daler,,,Uzbekistan,,Gold,9,true,https://www.icho-official.org/results/results.php?id=56&year=2024,age_missing;project_na
IChO,2024,Vasiyarov Matvey,,,Individual 2,,Gold,10,true,https://www.icho-official.org/results/results.php?id=56&year=2024,age_missing;project_na
IChO,2024,Akhmedov Timur,,,Individual 2,,Gold,11,true,https://www.icho-official.org/results/results.php?id=56&year=2024,age_missing;project_na
IChO,2024,Ma Linrui,,,"China, People's Republic of",,Gold,12,true,https://www.icho-official.org/results/results.php?id=56&year=2024,age_missing;project_na
IChO,2024,Sharpilo Aleksei,,,Individual 2,,Gold,13,true,https://www.icho-official.org/results/results.php?id=56&year=2024,age_missing;project_na
IChO,2024,Michał Piotr Lipiec,,,Poland,,Gold,14,true,https://www.icho-official.org/results/results.php?id=56&year=2024,age_missing;project_na
IChO,2024,He Gong,,,Canada,,Gold,15,true,https://www.icho-official.org/results/results.php?id=56&year=2024,age_missing;project_na
IChO,2024,Chia-Wei Li,,,Chinese Taipei,,Gold,16,true,https://www.icho-official.org/results/results.php?id=56&year=2024,age_missing;project_na
IChO,2024,Nguyen Huu Tien Hung,,,Vietnam,,Gold,17,true,https://www.icho-official.org/results/results.php?id=56&year=2024,age_missing;project_na
IChO,2024,Giap Vu Son Ha,,,Vietnam,,Gold,18,true,https://www.icho-official.org/results/results.php?id=56&year=2024,age_missing;project_na
IChO,2024,Vaclav Verner,,,Czech Republic,,Gold,19,true,https://www.icho-official.org/results/results.php?id=56&year=2024,age_missing;project_na
IChO,2024,Alice Wang Liu,,,USA,,Gold,20,true,https://www.icho-official.org/results/results.php?id=56&year=2024,age_missing;project_na
IChO,2024,Jeong Yeop Lee,,,"Korea, Republic of",,Gold,21,true,https://www.icho-official.org/results/results.php?id=56&year=2024,age_missing;project_na
IChO,2024,Ramtin Moradi Mazhari,,,"Iran, Islamic Republic of",,Gold,22,true,https://www.icho-official.org/results/results.php?id=56&year=2024,age_missing;project_na
IChO,2024,Tran Dang Khoi,,,Vietnam,,Gold,23,true,https://www.icho-official.org/results/results.php?id=56&year=2024,age_missing;project_na
IChO,2024,Takumi Onuma,,,Japan,,Gold,24,true,https://www.icho-official.org/results/results.php?id=56&year=2024,age_missing;project_na
IChO,2024,Leonard Arkan Caliskan,,,Austria,,Gold,25,true,https://www.icho-official.org/results/results.php?id=56&year=2024,age_missing;project_na
IChO,2024,Justas Miliauskas,,,Lithuania,,Gold,26,true,https://www.icho-official.org/results/results.php?id=56&year=2024,age_missing;project_na
IChO,2024,Devesh Pankaj Bhaiya,,,India,,Gold,27,true,https://www.icho-official.org/results/results.php?id=56&year=2024,age_missing;project_na
IChO,2024,Piotr Michał Olbryś,,,Poland,,Gold,28,true,https://www.icho-official.org/results/results.php?id=56&year=2024,age_missing;project_na
IChO,2024,Ilyussizov Rinat,,,Kazakhstan,,Gold,29,true,https://www.icho-official.org/results/results.php?id=56&year=2024,age_missing;project_na
IChO,2024,Yunyi Ling,,,USA,,Gold,30,true,https://www.icho-official.org/results/results.php?id=56&year=2024,age_missing;project_na
IChO,2024,Kenta Saito,,,Japan,,Gold,31,true,https://www.icho-official.org/results/results.php?id=56&year=2024,age_missing;project_na
IChO,2024,Kim Kirill,,,Kazakhstan,,Gold,32,true,https://www.icho-official.org/results/results.php?id=56&year=2024,age_missing;project_na
IChO,2024,Mazereeuw Luc Martin Linus,,,Singapore,,Gold,33,true,https://www.icho-official.org/results/results.php?id=56&year=2024,age_missing;project_na
IChO,2024,Martin Pistovčák,,,Slovakia,,Gold,34,true,https://www.icho-official.org/results/results.php?id=56&year=2024,age_missing;project_na
IChO,2024,Pavel Batura,,,Individual 1,,Gold,35,true,https://www.icho-official.org/results/results.php?id=56&year=2024,age_missing;project_na
IChO,2024,Janko Popović,,,Serbia,,Gold,36,true,https://www.icho-official.org/results/results.php?id=56&year=2024,age_missing;project_na
IChO,2024,Jiun-Ze Chen,,,Chinese Taipei,,Silver,37,true,https://www.icho-official.org/results/results.php?id=56&year=2024,age_missing;project_na
IChO,2024,Salama Omran,,,Syria,,Silver,38,true,https://www.icho-official.org/results/results.php?id=56&year=2024,age_missing;project_na
IChO,2024,Preslav Georgiev,,,Bulgaria,,Silver,39,true,https://www.icho-official.org/results/results.php?id=56&year=2024,age_missing;project_na
IChO,2024,Bohdan Fochuk,,,Ukraine,,Silver,40,true,https://www.icho-official.org/results/results.php?id=56&year=2024,age_missing;project_na
IChO,2024,Jun-Yu Lin,,,Chinese Taipei,,Silver,41,true,https://www.icho-official.org/results/results.php?id=56&year=2024,age_missing;project_na
IChO,2024,Matej Škubla,,,Slovakia,,Silver,42,true,https://www.icho-official.org/results/results.php?id=56&year=2024,age_missing;project_na
IChO,2024,Daniel Xian,,,New Zealand,,Silver,43,true,https://www.icho-official.org/results/results.php?id=56&year=2024,age_missing;project_na
IChO,2024,Peradol Saechueng,,,Thailand,,Silver,44,true,https://www.icho-official.org/results/results.php?id=56&year=2024,age_missing;project_na
IChO,2024,Kantanate Nateprapis,,,Thailand,,Silver,45,true,https://www.icho-official.org/results/results.php?id=56&year=2024,age_missing;project_na
IChO,2024,Josher Lo Sze Ee,,,Singapore,,Silver,46,true,https://www.icho-official.org/results/results.php?id=56&year=2024,age_missing;project_na
IChO,2024,Luca Mihai Rascarachi,,,Romania,,Silver,47,true,https://www.icho-official.org/results/results.php?id=56&year=2024,age_missing;project_na
IChO,2024,Do Phu Quoc,,,Vietnam,,Silver,48,true,https://www.icho-official.org/results/results.php?id=56&year=2024,age_missing;project_na
IChO,2024,Kiran Desai-Kinvig,,,United Kingdom,,Silver,49,true,https://www.icho-official.org/results/results.php?id=56&year=2024,age_missing;project_na
IChO,2024,Csaba Péter Viczkó,,,Hungary,,Silver,50,true,https://www.icho-official.org/results/results.php?id=56&year=2024,age_missing;project_na
IChO,2024,Hasan Abduljaleel Alkhalifa,,,Saudi Arabia,,Silver,51,true,https://www.icho-official.org/results/results.php?id=56&year=2024,age_missing;project_na
IChO,2024,Bahodirov Ahrorbek,,,Uzbekistan,,Silver,52,true,https://www.icho-official.org/results/results.php?id=56&year=2024,age_missing;project_na
IChO,2024,Bohdan Fastnakht,,,Ukraine,,Silver,53,true,https://www.icho-official.org/results/results.php?id=56&year=2024,age_missing;project_na
IChO,2024,Yavor Hristov,,,Bulgaria,,Silver,54,true,https://www.icho-official.org/results/results.php?id=56&year=2024,age_missing;project_na
IChO,2024,Markiian Slotskyi,,,Ukraine,,Silver,55,true,https://www.icho-official.org/results/results.php?id=56&year=2024,age_missing;project_na
IChO,2024,Luca De Masi,,,Italy,,Silver,56,true,https://www.icho-official.org/results/results.php?id=56&year=2024,age_missing;project_na
IChO,2024,Konrad Jannes Köhler,,,Germany,,Silver,57,true,https://www.icho-official.org/results/results.php?id=56&year=2024,age_missing;project_na
IChO,2024,Daniel Sexton,,,United Kingdom,,Silver,58,true,https://www.icho-official.org/results/results.php?id=56&year=2024,age_missing;project_na
IChO,2024,Anant Asthana,,,USA,,Silver,59,true,https://www.icho-official.org/results/results.php?id=56&year=2024,age_missing;project_na
IChO,2024,Mikołaj Warda,,,Poland,,Silver,60,true,https://www.icho-official.org/results/results.php?id=56&year=2024,age_missing;project_na
IChO,2024,Kaarel Toomet,,,Estonia,,Silver,61,true,https://www.icho-official.org/results/results.php?id=56&year=2024,age_missing;project_na
IChO,2024,Gabriel Paz Sampaio Aguiar,,,Brazil,,Silver,62,true,https://www.icho-official.org/results/results.php?id=56&year=2024,age_missing;project_na
IChO,2024,Vanisha Agrawal,,,Singapore,,Silver,63,true,https://www.icho-official.org/results/results.php?id=56&year=2024,age_missing;project_na
IChO,2024,Takuto Iino,,,Japan,,Silver,64,true,https://www.icho-official.org/results/results.php?id=56&year=2024,age_missing;project_na
IChO,2024,Thanchon Boonkrong,,,Thailand,,Silver,65,true,https://www.icho-official.org/results/results.php?id=56&year=2024,age_missing;project_na
IChO,2024,Sattar Sharifzada,,,Azerbaijan,,Silver,66,true,https://www.icho-official.org/results/results.php?id=56&year=2024,age_missing;project_na
IChO,2024,Aygul Atajanova,,,Turkmenistan,,Silver,67,true,https://www.icho-official.org/results/results.php?id=56&year=2024,age_missing;project_na
IChO,2024,Mohammad Yasin Salehi Marzijarani,,,"Iran, Islamic Republic of",,Silver,68,true,https://www.icho-official.org/results/results.php?id=56&year=2024,age_missing;project_na
IChO,2024,Patrick Fung,,,United Kingdom,,Silver,69,true,https://www.icho-official.org/results/results.php?id=56&year=2024,age_missing;project_na
IChO,2024,Radu Nicolae Taerel,,,Romania,,Silver,70,true,https://www.icho-official.org/results/results.php?id=56&year=2024,age_missing;project_na
IChO,2024,Paulina Sievert,,,Germany,,Silver,71,true,https://www.icho-official.org/results/results.php?id=56&year=2024,age_missing;project_na
IChO,2024,Avaneesh Bansal,,,India,,Silver,72,true,https://www.icho-official.org/results/results.php?id=56&year=2024,age_missing;project_na
IChO,2024,Alborz Rezaei,,,"Iran, Islamic Republic of",,Silver,73,true,https://www.icho-official.org/results/results.php?id=56&year=2024,age_missing;project_na
IChO,2024,Kabdulkhadyr Abylay,,,Kazakhstan,,Silver,74,true,https://www.icho-official.org/results/results.php?id=56&year=2024,age_missing;project_na
IChO,2024,Abdullaeva Saida,,,Uzbekistan,,Silver,75,true,https://www.icho-official.org/results/results.php?id=56&year=2024,age_missing;project_na
IChO,2024,Nomin-Undrakh Batsuuri,,,Mongolia,,Silver,76,true,https://www.icho-official.org/results/results.php?id=56&year=2024,age_missing;project_na
IChO,2024,Gyu Seung Na,,,"Korea, Republic of",,Silver,77,true,https://www.icho-official.org/results/results.php?id=56&year=2024,age_missing;project_na
IChO,2024,Viktória Bernadett Éger,,,Hungary,,Silver,78,true,https://www.icho-official.org/results/results.php?id=56&year=2024,age_missing;project_na
IChO,2024,Kotchapun Saritsiri,,,United Kingdom,,Silver,79,true,https://www.icho-official.org/results/results.php?id=56&year=2024,age_missing;project_na
IChO,2024,David Gavrus,,,Canada,,Silver,80,true,https://www.icho-official.org/results/results.php?id=56&year=2024,age_missing;project_na
IChO,2024,Matej Penicka,,,Czech Republic,,Silver,81,true,https://www.icho-official.org/results/results.php?id=56&year=2024,age_missing;project_na
IChO,2024,Timur Malikov,,,Germany,,Silver,82,true,https://www.icho-official.org/results/results.php?id=56&year=2024,age_missing;project_na
IChO,2024,Rustem Jumayev,,,Turkmenistan,,Silver,83,true,https://www.icho-official.org/results/results.php?id=56&year=2024,age_missing;project_na
IChO,2024,Harshin Posina,,,India,,Silver,84,true,https://www.icho-official.org/results/results.php?id=56&year=2024,age_missing;project_na
IChO,2024,Ema Novak,,,Croatia,,Silver,85,true,https://www.icho-official.org/results/results.php?id=56&year=2024,age_missing;project_na
IChO,2024,Lazar Lazarević,,,Serbia,,Silver,86,true,https://www.icho-official.org/results/results.php?id=56&year=2024,age_missing;project_na
IChO,2024,Macit Arda Aydin,,,Türkiye,,Silver,87,true,https://www.icho-official.org/results/results.php?id=56&year=2024,age_missing;project_na
IChO,2024,Pijus Tamošiūnas,,,Lithuania,,Silver,88,true,https://www.icho-official.org/results/results.php?id=56&year=2024,age_missing;project_na
IChO,2024,Amirkia Salimi,,,"Iran, Islamic Republic of",,Silver,89,true,https://www.icho-official.org/results/results.php?id=56&year=2024,age_missing;project_na
IChO,2024,Wiktor Gabriel Kępiński,,,Poland,,Silver,90,true,https://www.icho-official.org/results/results.php?id=56&year=2024,age_missing;project_na
IChO,2024,Li Lingbo,,,Singapore,,Silver,91,true,https://www.icho-official.org/results/results.php?id=56&year=2024,age_missing;project_na
IChO,2024,Amane Suzuki,,,Japan,,Silver,92,true,https://www.icho-official.org/results/results.php?id=56&year=2024,age_missing;project_na
IChO,2024,Leahu Bianca-Sofia,,,Moldova,,Silver,93,true,https://www.icho-official.org/results/results.php?id=56&year=2024,age_missing;project_na
IChO,2024,Petar Mirchevski,,,"Macedonia, North",,Silver,94,true,https://www.icho-official.org/results/results.php?id=56&year=2024,age_missing;project_na
IChO,2024,Kadir Kaan Erbaş,,,Türkiye,,Silver,95,true,https://www.icho-official.org/results/results.php?id=56&year=2024,age_missing;project_na
IChO,2024,Bohdan Shemetov,,,Ukraine,,Silver,96,true,https://www.icho-official.org/results/results.php?id=56&year=2024,age_missing;project_na
IChO,2024,Christian Hojas,,,Austria,,Silver,97,true,https://www.icho-official.org/results/results.php?id=56&year=2024,age_missing;project_na
IChO,2024,Artur Galiza Magalhães,,,Brazil,,Silver,98,true,https://www.icho-official.org/results/results.php?id=56&year=2024,age_missing;project_na
IChO,2024,Andrei Ioan Ciobanu,,,Romania,,Silver,99,true,https://www.icho-official.org/results/results.php?id=56&year=2024,age_missing;project_na
IChO,2024,Penny Tassicker,,,Australia,,Silver,100,true,https://www.icho-official.org/results/results.php?id=56&year=2024,age_missing;project_na
IChO,2024,Kevin Zhenhuan Lin,,,Australia,,Silver,101,true,https://www.icho-official.org/results/results.php?id=56&year=2024,age_missing;project_na
IChO,2024,Alaa Azan,,,Syria,,Silver,102,true,https://www.icho-official.org/results/results.php?id=56&year=2024,age_missing;project_na
IChO,2024,Bogdan Eger,,,Serbia,,Silver,103,true,https://www.icho-official.org/results/results.php?id=56&year=2024,age_missing;project_na
IChO,2024,Mukhammadov Mirjakhon,,,Uzbekistan,,Bronze,104,true,https://www.icho-official.org/results/results.php?id=56&year=2024,age_missing;project_na
IChO,2024,Kemal Ozkirsehirli,,,Türkiye,,Bronze,105,true,https://www.icho-official.org/results/results.php?id=56&year=2024,age_missing;project_na
IChO,2024,Theodor Petersen,,,Denmark,,Bronze,106,true,https://www.icho-official.org/results/results.php?id=56&year=2024,age_missing;project_na
IChO,2024,Ivan Hurinovich,,,Individual 1,,Bronze,107,true,https://www.icho-official.org/results/results.php?id=56&year=2024,age_missing;project_na
IChO,2024,Magnus Lennart Güldenpfennig,,,Germany,,Bronze,108,true,https://www.icho-official.org/results/results.php?id=56&year=2024,age_missing;project_na
IChO,2024,Rex Alphonse Reventar,,,Philippines,,Bronze,109,true,https://www.icho-official.org/results/results.php?id=56&year=2024,age_missing;project_na
IChO,2024,Hugo Letavay,,,Slovakia,,Bronze,110,true,https://www.icho-official.org/results/results.php?id=56&year=2024,age_missing;project_na
IChO,2024,Ali Salah Almosa,,,Saudi Arabia,,Bronze,111,true,https://www.icho-official.org/results/results.php?id=56&year=2024,age_missing;project_na
IChO,2024,Jeren Akmyradova,,,Turkmenistan,,Bronze,112,true,https://www.icho-official.org/results/results.php?id=56&year=2024,age_missing;project_na
IChO,2024,Matei Gabriel Ursachescu,,,Romania,,Bronze,113,true,https://www.icho-official.org/results/results.php?id=56&year=2024,age_missing;project_na
IChO,2024,Uladzislau Karatkou,,,Individual 1,,Bronze,114,true,https://www.icho-official.org/results/results.php?id=56&year=2024,age_missing;project_na
IChO,2024,Nihad Hajizada,,,Azerbaijan,,Bronze,115,true,https://www.icho-official.org/results/results.php?id=56&year=2024,age_missing;project_na
IChO,2024,Nikola Götz,,,Austria,,Bronze,116,true,https://www.icho-official.org/results/results.php?id=56&year=2024,age_missing;project_na
IChO,2024,Sultan El Shirazy,,,Indonesia,,Bronze,117,true,https://www.icho-official.org/results/results.php?id=56&year=2024,age_missing;project_na
IChO,2024,Diyar Dovletov,,,Turkmenistan,,Bronze,118,true,https://www.icho-official.org/results/results.php?id=56&year=2024,age_missing;project_na
IChO,2024,Bertil Friis Jensen,,,Denmark,,Bronze,119,true,https://www.icho-official.org/results/results.php?id=56&year=2024,age_missing;project_na
IChO,2024,Seivin Kim,,,New Zealand,,Bronze,120,true,https://www.icho-official.org/results/results.php?id=56&year=2024,age_missing;project_na
IChO,2024,Attila Perényi,,,Hungary,,Bronze,121,true,https://www.icho-official.org/results/results.php?id=56&year=2024,age_missing;project_na
IChO,2024,Anders Moll-Elsborg,,,Denmark,,Bronze,122,true,https://www.icho-official.org/results/results.php?id=56&year=2024,age_missing;project_na
IChO,2024,Dušan Đurđević,,,Serbia,,Bronze,123,true,https://www.icho-official.org/results/results.php?id=56&year=2024,age_missing;project_na
IChO,2024,Hector Manuel Domínguez Pérez,,,Cuba,,Bronze,124,true,https://www.icho-official.org/results/results.php?id=56&year=2024,age_missing;project_na
IChO,2024,Moldagul Adilzhan,,,Kazakhstan,,Bronze,125,true,https://www.icho-official.org/results/results.php?id=56&year=2024,age_missing;project_na
IChO,2024,Matej Nastran,,,Slovenia,,Bronze,126,true,https://www.icho-official.org/results/results.php?id=56&year=2024,age_missing;project_na
IChO,2024,Etienne Perrin,,,France,,Bronze,127,true,https://www.icho-official.org/results/results.php?id=56&year=2024,age_missing;project_na
IChO,2024,Jakub Kochan,,,Czech Republic,,Bronze,128,true,https://www.icho-official.org/results/results.php?id=56&year=2024,age_missing;project_na
IChO,2024,Jerry Duo Jin,,,Australia,,Bronze,129,true,https://www.icho-official.org/results/results.php?id=56&year=2024,age_missing;project_na
IChO,2024,Henry Lalman,,,Canada,,Bronze,130,true,https://www.icho-official.org/results/results.php?id=56&year=2024,age_missing;project_na
IChO,2024,Filip Zver,,,Slovenia,,Bronze,131,true,https://www.icho-official.org/results/results.php?id=56&year=2024,age_missing;project_na
IChO,2024,James Adhimulia,,,Indonesia,,Bronze,132,true,https://www.icho-official.org/results/results.php?id=56&year=2024,age_missing;project_na
IChO,2024,Valentin Mitterlehner,,,Austria,,Bronze,133,true,https://www.icho-official.org/results/results.php?id=56&year=2024,age_missing;project_na
IChO,2024,Peerakorn Trechakachorn,,,Thailand,,Bronze,134,true,https://www.icho-official.org/results/results.php?id=56&year=2024,age_missing;project_na
IChO,2024,Kashyap Khandelwal,,,India,,Bronze,135,true,https://www.icho-official.org/results/results.php?id=56&year=2024,age_missing;project_na
IChO,2024,Anar Amartuvshin,,,Mongolia,,Bronze,136,true,https://www.icho-official.org/results/results.php?id=56&year=2024,age_missing;project_na
IChO,2024,Kata Erdélyi,,,Hungary,,Bronze,137,true,https://www.icho-official.org/results/results.php?id=56&year=2024,age_missing;project_na
IChO,2024,Verjux Léo,,,France,,Bronze,138,true,https://www.icho-official.org/results/results.php?id=56&year=2024,age_missing;project_na
IChO,2024,Brandon Ling,,,Canada,,Bronze,139,true,https://www.icho-official.org/results/results.php?id=56&year=2024,age_missing;project_na
IChO,2024,Dohyeong Kim,,,"Korea, Republic of",,Bronze,140,true,https://www.icho-official.org/results/results.php?id=56&year=2024,age_missing;project_na
IChO,2024,Murad Khalilzade,,,Azerbaijan,,Bronze,141,true,https://www.icho-official.org/results/results.php?id=56&year=2024,age_missing;project_na
IChO,2024,Achilleas Thomas,,,Cyprus,,Bronze,142,true,https://www.icho-official.org/results/results.php?id=56&year=2024,age_missing;project_na
IChO,2024,Jesse Van Der Waal,,,Netherlands,,Bronze,143,true,https://www.icho-official.org/results/results.php?id=56&year=2024,age_missing;project_na
IChO,2024,Kim Radešić,,,Croatia,,Bronze,144,true,https://www.icho-official.org/results/results.php?id=56&year=2024,age_missing;project_na
IChO,2024,Ermuunbold Bold,,,Mongolia,,Bronze,145,true,https://www.icho-official.org/results/results.php?id=56&year=2024,age_missing;project_na
IChO,2024,Karl Johann Külv,,,Estonia,,Bronze,146,true,https://www.icho-official.org/results/results.php?id=56&year=2024,age_missing;project_na
IChO,2024,Arman Kharatyan,,,Armenia,,Bronze,147,true,https://www.icho-official.org/results/results.php?id=56&year=2024,age_missing;project_na
IChO,2024,Tomas Razbadauskas,,,Lithuania,,Bronze,148,true,https://www.icho-official.org/results/results.php?id=56&year=2024,age_missing;project_na
IChO,2024,Gabriel Žnidaršič,,,Slovenia,,Bronze,149,true,https://www.icho-official.org/results/results.php?id=56&year=2024,age_missing;project_na
IChO,2024,Līva Eglīte,,,Latvia,,Bronze,150,true,https://www.icho-official.org/results/results.php?id=56&year=2024,age_missing;project_na
IChO,2024,Teleucă Iulia,,,Moldova,,Bronze,151,true,https://www.icho-official.org/results/results.php?id=56&year=2024,age_missing;project_na
IChO,2024,Fiorino Maria Sole,,,Italy,,Bronze,152,true,https://www.icho-official.org/results/results.php?id=56&year=2024,age_missing;project_na
IChO,2024,Ahmed Hani Azhari,,,Saudi Arabia,,Bronze,153,true,https://www.icho-official.org/results/results.php?id=56&year=2024,age_missing;project_na
IChO,2024,Fernando Henrique Melo Garcia,,,Brazil,,Bronze,154,true,https://www.icho-official.org/results/results.php?id=56&year=2024,age_missing;project_na
IChO,2024,Andrea Slivova,,,Czech Republic,,Bronze,155,true,https://www.icho-official.org/results/results.php?id=56&year=2024,age_missing;project_na
IChO,2024,Linards Lūsis,,,Latvia,,Bronze,156,true,https://www.icho-official.org/results/results.php?id=56&year=2024,age_missing;project_na
IChO,2024,Aryo Razak,,,Indonesia,,Bronze,157,true,https://www.icho-official.org/results/results.php?id=56&year=2024,age_missing;project_na
IChO,2024,Stefanos Rafail Mylonopoulos,,,Greece,,Bronze,158,true,https://www.icho-official.org/results/results.php?id=56&year=2024,age_missing;project_na
IChO,2024,Klaudia Sýkorová,,,Slovakia,,Bronze,159,true,https://www.icho-official.org/results/results.php?id=56&year=2024,age_missing;project_na
IChO,2024,Ng Ze Xian,,,Malaysia,,Bronze,160,true,https://www.icho-official.org/results/results.php?id=56&year=2024,age_missing;project_na
IChO,2024,Mehmet Can Sankir,,,Türkiye,,Bronze,161,true,https://www.icho-official.org/results/results.php?id=56&year=2024,age_missing;project_na
IChO,2024,Valto Daavittila,,,Finland,,Bronze,162,true,https://www.icho-official.org/results/results.php?id=56&year=2024,age_missing;project_na
IChO,2024,Haidar Yasser Aldubaisy,,,Saudi Arabia,,Bronze,163,true,https://www.icho-official.org/results/results.php?id=56&year=2024,age_missing;project_na
IChO,2024,Umid Mustafazada,,,Azerbaijan,,Bronze,164,true,https://www.icho-official.org/results/results.php?id=56&year=2024,age_missing;project_na
IChO,2024,Poulakis Michail,,,Greece,,Bronze,165,true,https://www.icho-official.org/results/results.php?id=56&year=2024,age_missing;project_na
IChO,2024,Augustas Rinkevičius,,,Lithuania,,Bronze,166,true,https://www.icho-official.org/results/results.php?id=56&year=2024,age_missing;project_na
IChO,2024,Ruben Aaron Locher,,,Switzerland,,Bronze,167,true,https://www.icho-official.org/results/results.php?id=56&year=2024,age_missing;project_na
IChO,2024,Ardi Raag,,,Estonia,,Bronze,168,true,https://www.icho-official.org/results/results.php?id=56&year=2024,age_missing;project_na
IChO,2024,Ilia Dokadze,,,Georgia,,Bronze,169,true,https://www.icho-official.org/results/results.php?id=56&year=2024,age_missing;project_na
IChO,2024,R. Pahanma U. Lenora,,,Sri Lanka,,Bronze,170,true,https://www.icho-official.org/results/results.php?id=56&year=2024,age_missing;project_na
IChO,2024,Vamvalis Vasileios,,,Greece,,Bronze,171,true,https://www.icho-official.org/results/results.php?id=56&year=2024,age_missing;project_na
IChO,2024,Mario Vanchoski,,,"Macedonia, North",,Bronze,172,true,https://www.icho-official.org/results/results.php?id=56&year=2024,age_missing;project_na
IChO,2024,Gelraycs Jules D. Fornan,,,Philippines,,Bronze,173,true,https://www.icho-official.org/results/results.php?id=56&year=2024,age_missing;project_na
IChO,2024,Delcoigne Elise,,,France,,Bronze,174,true,https://www.icho-official.org/results/results.php?id=56&year=2024,age_missing;project_na
IChO,2024,Severi Sulander,,,Finland,,Bronze,175,true,https://www.icho-official.org/results/results.php?id=56&year=2024,age_missing;project_na
IChO,2024,Agustín Boutet,,,Argentina,,Bronze,176,true,https://www.icho-official.org/results/results.php?id=56&year=2024,age_missing;project_na
IChO,2024,Joaquín Ulises Herrera Hinojosa,,,Argentina,,Bronze,177,true,https://www.icho-official.org/results/results.php?id=56&year=2024,age_missing;project_na
IChO,2024,Nikola Ninkov,,,Bulgaria,,Bronze,178,true,https://www.icho-official.org/results/results.php?id=56&year=2024,age_missing;project_na
IChO,2024,Abdul Rafay,,,Pakistan,,Bronze,179,true,https://www.icho-official.org/results/results.php?id=56&year=2024,age_missing;project_na
IChO,2024,Artavazd Arabachyan,,,Armenia,,Bronze,180,true,https://www.icho-official.org/results/results.php?id=56&year=2024,age_missing;project_na
IChO,2024,Ivan Vnukov,,,Estonia,,Bronze,181,true,https://www.icho-official.org/results/results.php?id=56&year=2024,age_missing;project_na
IChO,2024,P.R.S.D.N. Palihawadana,,,Sri Lanka,,Bronze,182,true,https://www.icho-official.org/results/results.php?id=56&year=2024,age_missing;project_na
IChO,2024,Odgerel Munkhbaatar,,,Mongolia,,Bronze,183,true,https://www.icho-official.org/results/results.php?id=56&year=2024,age_missing;project_na
IChO,2024,Ena (Yina) Yin,,,New Zealand,,Bronze,184,true,https://www.icho-official.org/results/results.php?id=56&year=2024,age_missing;project_na
IChO,2024,Simen Eilevstjønn,,,Norway,,Bronze,185,true,https://www.icho-official.org/results/results.php?id=56&year=2024,age_missing;project_na
IChO,2024,Alexandre Geron,,,New Zealand,,Bronze,186,true,https://www.icho-official.org/results/results.php?id=56&year=2024,age_missing;project_na
IChO,2024,Jasper Kantoluoto,,,Finland,,Bronze,187,true,https://www.icho-official.org/results/results.php?id=56&year=2024,age_missing;project_na
IChO,2024,Runlin Liang,,,Australia,,Bronze,188,true,https://www.icho-official.org/results/results.php?id=56&year=2024,age_missing;project_na
IChO,2024,Luka Gašperlin,,,Slovenia,,Bronze,189,true,https://www.icho-official.org/results/results.php?id=56&year=2024,age_missing;project_na
IChO,2024,Filip Čutura,,,Croatia,,Bronze,190,true,https://www.icho-official.org/results/results.php?id=56&year=2024,age_missing;project_na
IChO,2024,Petar Jukić,,,Croatia,,Bronze,191,true,https://www.icho-official.org/results/results.php?id=56&year=2024,age_missing;project_na
IChO,2024,Fatima Hasan,,,Syria,,Bronze,192,true,https://www.icho-official.org/results/results.php?id=56&year=2024,age_missing;project_na
IChO,2024,Beniamin Hayrapetyan,,,Armenia,,Bronze,193,true,https://www.icho-official.org/results/results.php?id=56&year=2024,age_missing;project_na
IChO,2024,Nironi Milo,,,France,,Bronze,194,true,https://www.icho-official.org/results/results.php?id=56&year=2024,age_missing;project_na
IChO,2024,Niels Van Den Bosch,,,Netherlands,,Bronze,195,true,https://www.icho-official.org/results/results.php?id=56&year=2024,age_missing;project_na
IChO,2024,Sergey Tadevosyan,,,Armenia,,Bronze,196,true,https://www.icho-official.org/results/results.php?id=56&year=2024,age_missing;project_na
IChO,2024,Ahmad Ayman Al Ghifary,,,Indonesia,,Bronze,197,true,https://www.icho-official.org/results/results.php?id=56&year=2024,age_missing;project_na
IChO,2024,Nina Bernier,,,Luxembourg,,Bronze,198,true,https://www.icho-official.org/results/results.php?id=56&year=2024,age_missing;project_na
IChO,2024,Reshetnikov Ivan,,,Kyrgyzstan,,Bronze,199,true,https://www.icho-official.org/results/results.php?id=56&year=2024,age_missing;project_na
IChO,2024,Sreemaathuri Sinthanaichselvan,,,Sri Lanka,,Bronze,200,true,https://www.icho-official.org/results/results.php?id=56&year=2024,age_missing;project_na
IChO,2024,Simone Barreira Morais Pinto,,,Portugal,,Bronze,201,true,https://www.icho-official.org/results/results.php?id=56&year=2024,age_missing;project_na
IChO,2024,Vajra Neth Wijesooriya,,,Sri Lanka,,Bronze,202,true,https://www.icho-official.org/results/results.php?id=56&year=2024,age_missing;project_na
IChO,2025,Zilu Song,,,"China, People's Republic of",,Gold,1,true,https://www.icho-official.org/results/results.php?id=57&year=2025,age_missing;project_na
IChO,2025,Vaclav Verner,,,Czech Republic,,Gold,2,true,https://www.icho-official.org/results/results.php?id=57&year=2025,age_missing;project_na
IChO,2025,Xian Du,,,"China, People's Republic of",,Gold,3,true,https://www.icho-official.org/results/results.php?id=57&year=2025,age_missing;project_na
IChO,2025,Fedor Kuznetsov,,,Individual 2,,Gold,4,true,https://www.icho-official.org/results/results.php?id=57&year=2025,age_missing;project_na
IChO,2025,Yaoxi Zhao,,,"China, People's Republic of",,Gold,5,true,https://www.icho-official.org/results/results.php?id=57&year=2025,age_missing;project_na
IChO,2025,Viktor Demidov,,,Individual 2,,Gold,6,true,https://www.icho-official.org/results/results.php?id=57&year=2025,age_missing;project_na
IChO,2025,Ngo Quang Minh,,,Vietnam,,Gold,7,true,https://www.icho-official.org/results/results.php?id=57&year=2025,age_missing;project_na
IChO,2025,Ying-Shih Yu,,,Chinese Taipei,,Gold,8,true,https://www.icho-official.org/results/results.php?id=57&year=2025,age_missing;project_na
IChO,2025,Cheng-Syuan Su,,,Chinese Taipei,,Gold,9,true,https://www.icho-official.org/results/results.php?id=57&year=2025,age_missing;project_na
IChO,2025,Nguyen Hoang Khoi,,,Vietnam,,Gold,10,true,https://www.icho-official.org/results/results.php?id=57&year=2025,age_missing;project_na
IChO,2025,Duan-Jie Hu,,,Chinese Taipei,,Gold,11,true,https://www.icho-official.org/results/results.php?id=57&year=2025,age_missing;project_na
IChO,2025,Mohan Liu,,,"China, People's Republic of",,Gold,12,true,https://www.icho-official.org/results/results.php?id=57&year=2025,age_missing;project_na
IChO,2025,Vladimir Elistratov,,,Individual 2,,Gold,13,true,https://www.icho-official.org/results/results.php?id=57&year=2025,age_missing;project_na
IChO,2025,Giang Duc Dung,,,Vietnam,,Gold,14,true,https://www.icho-official.org/results/results.php?id=57&year=2025,age_missing;project_na
IChO,2025,Bertil Jensen,,,Denmark,,Gold,15,true,https://www.icho-official.org/results/results.php?id=57&year=2025,age_missing;project_na
IChO,2025,William Wang,,,USA,,Gold,16,true,https://www.icho-official.org/results/results.php?id=57&year=2025,age_missing;project_na
IChO,2025,Yash Shah,,,USA,,Gold,17,true,https://www.icho-official.org/results/results.php?id=57&year=2025,age_missing;project_na
IChO,2025,Matei Gabriel Ursăchescu,,,Romania,,Gold,18,true,https://www.icho-official.org/results/results.php?id=57&year=2025,age_missing;project_na
IChO,2025,Ka Hing Leonard Toh,,,Singapore,,Gold,19,true,https://www.icho-official.org/results/results.php?id=57&year=2025,age_missing;project_na
IChO,2025,Max Zhou,,,USA,,Gold,20,true,https://www.icho-official.org/results/results.php?id=57&year=2025,age_missing;project_na
IChO,2025,Hyojong Kim,,,"Korea, Republic of",,Gold,21,true,https://www.icho-official.org/results/results.php?id=57&year=2025,age_missing;project_na
IChO,2025,Devesh Bhaiya,,,India,,Gold,22,true,https://www.icho-official.org/results/results.php?id=57&year=2025,age_missing;project_na
IChO,2025,Itamar  Ben Shmuel,,,Israel,,Gold,23,true,https://www.icho-official.org/results/results.php?id=57&year=2025,age_missing;project_na
IChO,2025,Konstantin Gunko,,,Individual 2,,Gold,24,true,https://www.icho-official.org/results/results.php?id=57&year=2025,age_missing;project_na
IChO,2025,Sandeep Kuchi,,,India,,Gold,25,true,https://www.icho-official.org/results/results.php?id=57&year=2025,age_missing;project_na
IChO,2025,Magnus Güldenpfennig,,,Germany,,Gold,26,true,https://www.icho-official.org/results/results.php?id=57&year=2025,age_missing;project_na
IChO,2025,Bohdan Fastnakht,,,Ukraine,,Gold,27,true,https://www.icho-official.org/results/results.php?id=57&year=2025,age_missing;project_na
IChO,2025,Yonathan Gontmakher,,,Israel,,Gold,28,true,https://www.icho-official.org/results/results.php?id=57&year=2025,age_missing;project_na
IChO,2025,Shuhei Watanabe,,,Japan,,Gold,29,true,https://www.icho-official.org/results/results.php?id=57&year=2025,age_missing;project_na
IChO,2025,Damyan Ivanov,,,Bulgaria,,Gold,30,true,https://www.icho-official.org/results/results.php?id=57&year=2025,age_missing;project_na
IChO,2025,Kirill Kim,,,Kazakhstan,,Gold,31,true,https://www.icho-official.org/results/results.php?id=57&year=2025,age_missing;project_na
IChO,2025,Rawisara Chokdeepanich,,,Thailand,,Gold,32,true,https://www.icho-official.org/results/results.php?id=57&year=2025,age_missing;project_na
IChO,2025,Rahimov Daler,,,Uzbekistan,,Gold,33,true,https://www.icho-official.org/results/results.php?id=57&year=2025,age_missing;project_na
IChO,2025,Yan Horianskyi,,,Ukraine,,Gold,34,true,https://www.icho-official.org/results/results.php?id=57&year=2025,age_missing;project_na
IChO,2025,Mukhammadov Mirjakhon,,,Uzbekistan,,Gold,35,true,https://www.icho-official.org/results/results.php?id=57&year=2025,age_missing;project_na
IChO,2025,Adam Madni,,,USA,,Gold,36,true,https://www.icho-official.org/results/results.php?id=57&year=2025,age_missing;project_na
IChO,2025,Nguyen Manh Tuan,,,Vietnam,,Gold,37,true,https://www.icho-official.org/results/results.php?id=57&year=2025,age_missing;project_na
IChO,2025,Marek Gajownik,,,Poland,,Gold,38,true,https://www.icho-official.org/results/results.php?id=57&year=2025,age_missing;project_na
IChO,2025,Abylay Kabdulkhadyr,,,Kazakhstan,,Gold,39,true,https://www.icho-official.org/results/results.php?id=57&year=2025,age_missing;project_na
IChO,2025,Ching Yin Joseph Wong,,,United Kingdom,,Gold,40,true,https://www.icho-official.org/results/results.php?id=57&year=2025,age_missing;project_na
IChO,2025,Yejun Choi,,,"Korea, Republic of",,Silver,41,true,https://www.icho-official.org/results/results.php?id=57&year=2025,age_missing;project_na
IChO,2025,Yuchan Shim,,,"Korea, Republic of",,Silver,42,true,https://www.icho-official.org/results/results.php?id=57&year=2025,age_missing;project_na
IChO,2025,Kata Erdélyi,,,Hungary,,Silver,43,true,https://www.icho-official.org/results/results.php?id=57&year=2025,age_missing;project_na
IChO,2025,Temurov Ibrokhim,,,Uzbekistan,,Silver,44,true,https://www.icho-official.org/results/results.php?id=57&year=2025,age_missing;project_na
IChO,2025,Matej Škubla,,,Slovakia,,Silver,45,true,https://www.icho-official.org/results/results.php?id=57&year=2025,age_missing;project_na
IChO,2025,Tun Seng Yeo,,,Singapore,,Silver,46,true,https://www.icho-official.org/results/results.php?id=57&year=2025,age_missing;project_na
IChO,2025,Aljaž Erman,,,Slovenia,,Silver,47,true,https://www.icho-official.org/results/results.php?id=57&year=2025,age_missing;project_na
IChO,2025,Jieoh Ahn,,,Germany,,Silver,48,true,https://www.icho-official.org/results/results.php?id=57&year=2025,age_missing;project_na
IChO,2025,Zukhriddinov Biloliddin,,,Uzbekistan,,Silver,49,true,https://www.icho-official.org/results/results.php?id=57&year=2025,age_missing;project_na
IChO,2025,Maryia Brutskaya,,,Individual 1,,Silver,50,true,https://www.icho-official.org/results/results.php?id=57&year=2025,age_missing;project_na
IChO,2025,Seyedtaha Hosseini,,,"Iran, Islamic Republic of",,Silver,51,true,https://www.icho-official.org/results/results.php?id=57&year=2025,age_missing;project_na
IChO,2025,Vinay Raghavan,,,Australia,,Silver,52,true,https://www.icho-official.org/results/results.php?id=57&year=2025,age_missing;project_na
IChO,2025,Matej Penicka,,,Czech Republic,,Silver,53,true,https://www.icho-official.org/results/results.php?id=57&year=2025,age_missing;project_na
IChO,2025,Janko Popović,,,Serbia,,Silver,54,true,https://www.icho-official.org/results/results.php?id=57&year=2025,age_missing;project_na
IChO,2025,Li Hang Damien Lai,,,Singapore,,Silver,55,true,https://www.icho-official.org/results/results.php?id=57&year=2025,age_missing;project_na
IChO,2025,Elizaveta Mikhaylova,,,Cyprus,,Silver,56,true,https://www.icho-official.org/results/results.php?id=57&year=2025,age_missing;project_na
IChO,2025,Mehmet Can Sankır,,,Türkiye,,Silver,57,true,https://www.icho-official.org/results/results.php?id=57&year=2025,age_missing;project_na
IChO,2025,Mohammad Keifarialamdari,,,"Iran, Islamic Republic of",,Silver,58,true,https://www.icho-official.org/results/results.php?id=57&year=2025,age_missing;project_na
IChO,2025,Csaba Péter Viczkó,,,Hungary,,Silver,59,true,https://www.icho-official.org/results/results.php?id=57&year=2025,age_missing;project_na
IChO,2025,Amartuvshin Anar,,,Mongolia,,Silver,60,true,https://www.icho-official.org/results/results.php?id=57&year=2025,age_missing;project_na
IChO,2025,Mohammad Nur Casib,,,Philippines,,Silver,61,true,https://www.icho-official.org/results/results.php?id=57&year=2025,age_missing;project_na
IChO,2025,Muhammad Clerisyad Atthahirzi,,,Indonesia,,Silver,62,true,https://www.icho-official.org/results/results.php?id=57&year=2025,age_missing;project_na
IChO,2025,Ujjwal Kesari,,,India,,Silver,63,true,https://www.icho-official.org/results/results.php?id=57&year=2025,age_missing;project_na
IChO,2025,Yejun Lee,,,"Korea, Republic of",,Silver,64,true,https://www.icho-official.org/results/results.php?id=57&year=2025,age_missing;project_na
IChO,2025,Andrey Efremov,,,Individual 1,,Silver,65,true,https://www.icho-official.org/results/results.php?id=57&year=2025,age_missing;project_na
IChO,2025,Yijiao Lu,,,Germany,,Silver,66,true,https://www.icho-official.org/results/results.php?id=57&year=2025,age_missing;project_na
IChO,2025,Bahri Eren Sarıkaya,,,Türkiye,,Silver,67,true,https://www.icho-official.org/results/results.php?id=57&year=2025,age_missing;project_na
IChO,2025,Bianca-Sofia Leahu,,,Moldova,,Silver,68,true,https://www.icho-official.org/results/results.php?id=57&year=2025,age_missing;project_na
IChO,2025,Mendbayar Byambadorj,,,Mongolia,,Silver,69,true,https://www.icho-official.org/results/results.php?id=57&year=2025,age_missing;project_na
IChO,2025,Sina Ahani,,,"Iran, Islamic Republic of",,Silver,70,true,https://www.icho-official.org/results/results.php?id=57&year=2025,age_missing;project_na
IChO,2025,Mihkel Tali,,,Estonia,,Silver,71,true,https://www.icho-official.org/results/results.php?id=57&year=2025,age_missing;project_na
IChO,2025,Josh Sng,,,Singapore,,Silver,72,true,https://www.icho-official.org/results/results.php?id=57&year=2025,age_missing;project_na
IChO,2025,Martin Pistovčák,,,Slovakia,,Silver,73,true,https://www.icho-official.org/results/results.php?id=57&year=2025,age_missing;project_na
IChO,2025,Jiabei Luo,,,Canada,,Silver,74,true,https://www.icho-official.org/results/results.php?id=57&year=2025,age_missing;project_na
IChO,2025,Debadatta Priyadarshi,,,India,,Silver,75,true,https://www.icho-official.org/results/results.php?id=57&year=2025,age_missing;project_na
IChO,2025,Sultan El Shirazy,,,Indonesia,,Silver,76,true,https://www.icho-official.org/results/results.php?id=57&year=2025,age_missing;project_na
IChO,2025,Juliusz Szczeszek-Bistuła,,,Poland,,Silver,77,true,https://www.icho-official.org/results/results.php?id=57&year=2025,age_missing;project_na
IChO,2025,Arman Kharatyan,,,Armenia,,Silver,78,true,https://www.icho-official.org/results/results.php?id=57&year=2025,age_missing;project_na
IChO,2025,Shigeru Soda,,,Japan,,Silver,79,true,https://www.icho-official.org/results/results.php?id=57&year=2025,age_missing;project_na
IChO,2025,Zesang Li,,,United Kingdom,,Silver,80,true,https://www.icho-official.org/results/results.php?id=57&year=2025,age_missing;project_na
IChO,2025,Yenlik Bakytbekova,,,Kazakhstan,,Silver,81,true,https://www.icho-official.org/results/results.php?id=57&year=2025,age_missing;project_na
IChO,2025,Nomin-Undrakh Batsuuri,,,Mongolia,,Silver,82,true,https://www.icho-official.org/results/results.php?id=57&year=2025,age_missing;project_na
IChO,2025,Yusei Idonuma,,,Japan,,Silver,83,true,https://www.icho-official.org/results/results.php?id=57&year=2025,age_missing;project_na
IChO,2025,Omer Ben-Ami,,,Israel,,Silver,84,true,https://www.icho-official.org/results/results.php?id=57&year=2025,age_missing;project_na
IChO,2025,Mihnea Gabriel Alexe,,,Romania,,Silver,85,true,https://www.icho-official.org/results/results.php?id=57&year=2025,age_missing;project_na
IChO,2025,Peerakorn  Trechakachorn,,,Thailand,,Silver,86,true,https://www.icho-official.org/results/results.php?id=57&year=2025,age_missing;project_na
IChO,2025,Sheng-Chun Chen,,,Chinese Taipei,,Silver,87,true,https://www.icho-official.org/results/results.php?id=57&year=2025,age_missing;project_na
IChO,2025,Diyar Dovletov,,,Turkmenistan,,Silver,88,true,https://www.icho-official.org/results/results.php?id=57&year=2025,age_missing;project_na
IChO,2025,Oscar Liu,,,Canada,,Silver,89,true,https://www.icho-official.org/results/results.php?id=57&year=2025,age_missing;project_na
IChO,2025,Rustem Jumayev,,,Turkmenistan,,Silver,90,true,https://www.icho-official.org/results/results.php?id=57&year=2025,age_missing;project_na
IChO,2025,Salama Omran,,,Syria,,Silver,91,true,https://www.icho-official.org/results/results.php?id=57&year=2025,age_missing;project_na
IChO,2025,Haruto Amano,,,Japan,,Silver,92,true,https://www.icho-official.org/results/results.php?id=57&year=2025,age_missing;project_na
IChO,2025,Stefan Ionel Dumitrescu,,,Romania,,Silver,93,true,https://www.icho-official.org/results/results.php?id=57&year=2025,age_missing;project_na
IChO,2025,Kjeld Zwitserloot,,,Netherlands,,Silver,94,true,https://www.icho-official.org/results/results.php?id=57&year=2025,age_missing;project_na
IChO,2025,Marilou Duchamp,,,France,,Silver,95,true,https://www.icho-official.org/results/results.php?id=57&year=2025,age_missing;project_na
IChO,2025,Murad Khalilzade,,,Azerbaijan,,Silver,96,true,https://www.icho-official.org/results/results.php?id=57&year=2025,age_missing;project_na
IChO,2025,Seyed Amirhossein Taheri Tari,,,"Iran, Islamic Republic of",,Silver,97,true,https://www.icho-official.org/results/results.php?id=57&year=2025,age_missing;project_na
IChO,2025,Artúr Biró,,,Hungary,,Silver,98,true,https://www.icho-official.org/results/results.php?id=57&year=2025,age_missing;project_na
IChO,2025,Markiian Slotskyi,,,Ukraine,,Silver,99,true,https://www.icho-official.org/results/results.php?id=57&year=2025,age_missing;project_na
IChO,2025,Pun Saejang,,,Thailand,,Silver,100,true,https://www.icho-official.org/results/results.php?id=57&year=2025,age_missing;project_na
IChO,2025,Ansar Zhaksylykov,,,Kazakhstan,,Silver,101,true,https://www.icho-official.org/results/results.php?id=57&year=2025,age_missing;project_na
IChO,2025,Efe Ok,,,Türkiye,,Silver,102,true,https://www.icho-official.org/results/results.php?id=57&year=2025,age_missing;project_na
IChO,2025,Yehonadav Marienberg,,,Israel,,Silver,103,true,https://www.icho-official.org/results/results.php?id=57&year=2025,age_missing;project_na
IChO,2025,Mario Vanchoski,,,"Macedonia, North",,Silver,104,true,https://www.icho-official.org/results/results.php?id=57&year=2025,age_missing;project_na
IChO,2025,Victor Heethem,,,Belgium,,Silver,105,true,https://www.icho-official.org/results/results.php?id=57&year=2025,age_missing;project_na
IChO,2025,Lucas Kenji Fujibayashi,,,Brazil,,Silver,106,true,https://www.icho-official.org/results/results.php?id=57&year=2025,age_missing;project_na
IChO,2025,Hugo Letavay,,,Slovakia,,Silver,107,true,https://www.icho-official.org/results/results.php?id=57&year=2025,age_missing;project_na
IChO,2025,Victor Angelov,,,Bulgaria,,Silver,108,true,https://www.icho-official.org/results/results.php?id=57&year=2025,age_missing;project_na
IChO,2025,Sebastian Sommerlund,,,Denmark,,Silver,109,true,https://www.icho-official.org/results/results.php?id=57&year=2025,age_missing;project_na
IChO,2025,Ondrej Michal,,,Czech Republic,,Silver,110,true,https://www.icho-official.org/results/results.php?id=57&year=2025,age_missing;project_na
IChO,2025,Juan Carlos Yepe Muñiz,,,Cuba,,Silver,111,true,https://www.icho-official.org/results/results.php?id=57&year=2025,age_missing;project_na
IChO,2025,Andrii Sukhanov,,,Ukraine,,Silver,112,true,https://www.icho-official.org/results/results.php?id=57&year=2025,age_missing;project_na
IChO,2025,Odgerel Munkhbaatar,,,Mongolia,,Silver,113,true,https://www.icho-official.org/results/results.php?id=57&year=2025,age_missing;project_na
IChO,2025,Bramantyo Abimanyu,,,Indonesia,,Bronze,114,true,https://www.icho-official.org/results/results.php?id=57&year=2025,age_missing;project_na
IChO,2025,Julian Ho,,,United Kingdom,,Bronze,115,true,https://www.icho-official.org/results/results.php?id=57&year=2025,age_missing;project_na
IChO,2025,Ilia Dokadze,,,Georgia,,Bronze,116,true,https://www.icho-official.org/results/results.php?id=57&year=2025,age_missing;project_na
IChO,2025,Alison Wang,,,Canada,,Bronze,117,true,https://www.icho-official.org/results/results.php?id=57&year=2025,age_missing;project_na
IChO,2025,Katherine Lu,,,Australia,,Bronze,118,true,https://www.icho-official.org/results/results.php?id=57&year=2025,age_missing;project_na
IChO,2025,Piotr Burak,,,Individual 1,,Bronze,119,true,https://www.icho-official.org/results/results.php?id=57&year=2025,age_missing;project_na
IChO,2025,Liva Eglite,,,Latvia,,Bronze,120,true,https://www.icho-official.org/results/results.php?id=57&year=2025,age_missing;project_na
IChO,2025,Ali Bawazeer,,,Saudi Arabia,,Bronze,121,true,https://www.icho-official.org/results/results.php?id=57&year=2025,age_missing;project_na
IChO,2025,Daniel Suda Hatushikano,,,Brazil,,Bronze,122,true,https://www.icho-official.org/results/results.php?id=57&year=2025,age_missing;project_na
IChO,2025,Tisa Lombar,,,Slovenia,,Bronze,123,true,https://www.icho-official.org/results/results.php?id=57&year=2025,age_missing;project_na
IChO,2025,Valentín Ferrería Codermatz,,,Argentina,,Bronze,124,true,https://www.icho-official.org/results/results.php?id=57&year=2025,age_missing;project_na
IChO,2025,Petar Mirchevski,,,"Macedonia, North",,Bronze,125,true,https://www.icho-official.org/results/results.php?id=57&year=2025,age_missing;project_na
IChO,2025,Élise Delcoigne,,,France,,Bronze,126,true,https://www.icho-official.org/results/results.php?id=57&year=2025,age_missing;project_na
IChO,2025,Daniel Behrendt,,,Australia,,Bronze,127,true,https://www.icho-official.org/results/results.php?id=57&year=2025,age_missing;project_na
IChO,2025,Ole Ahrenhold,,,Germany,,Bronze,128,true,https://www.icho-official.org/results/results.php?id=57&year=2025,age_missing;project_na
IChO,2025,Jan Pavić,,,Croatia,,Bronze,129,true,https://www.icho-official.org/results/results.php?id=57&year=2025,age_missing;project_na
IChO,2025,Daniel Lin,,,Australia,,Bronze,130,true,https://www.icho-official.org/results/results.php?id=57&year=2025,age_missing;project_na
IChO,2025,János Elek,,,Hungary,,Bronze,131,true,https://www.icho-official.org/results/results.php?id=57&year=2025,age_missing;project_na
IChO,2025,Alex Zhao,,,New Zealand,,Bronze,132,true,https://www.icho-official.org/results/results.php?id=57&year=2025,age_missing;project_na
IChO,2025,Uroš Mladenović,,,Serbia,,Bronze,133,true,https://www.icho-official.org/results/results.php?id=57&year=2025,age_missing;project_na
IChO,2025,Samuele Rozzoni,,,Italy,,Bronze,134,true,https://www.icho-official.org/results/results.php?id=57&year=2025,age_missing;project_na
IChO,2025,Luca Marchioni Giovanelli,,,Argentina,,Bronze,135,true,https://www.icho-official.org/results/results.php?id=57&year=2025,age_missing;project_na
IChO,2025,Adam Horak,,,Czech Republic,,Bronze,136,true,https://www.icho-official.org/results/results.php?id=57&year=2025,age_missing;project_na
IChO,2025,Oana Furculiță,,,Moldova,,Bronze,137,true,https://www.icho-official.org/results/results.php?id=57&year=2025,age_missing;project_na
IChO,2025,Ian Barreto Tavares M Vasconcelos,,,Brazil,,Bronze,138,true,https://www.icho-official.org/results/results.php?id=57&year=2025,age_missing;project_na
IChO,2025,Ariel Grillo,,,Argentina,,Bronze,139,true,https://www.icho-official.org/results/results.php?id=57&year=2025,age_missing;project_na
IChO,2025,Yiren Zhang,,,United Kingdom,,Bronze,140,true,https://www.icho-official.org/results/results.php?id=57&year=2025,age_missing;project_na
IChO,2025,Tomas Razbadauskas,,,Lithuania,,Bronze,141,true,https://www.icho-official.org/results/results.php?id=57&year=2025,age_missing;project_na
IChO,2025,Palvan Ilmammedov,,,Turkmenistan,,Bronze,142,true,https://www.icho-official.org/results/results.php?id=57&year=2025,age_missing;project_na
IChO,2025,Finn Köll,,,Austria,,Bronze,143,true,https://www.icho-official.org/results/results.php?id=57&year=2025,age_missing;project_na
IChO,2025,Stepan Andrei,,,Moldova,,Bronze,144,true,https://www.icho-official.org/results/results.php?id=57&year=2025,age_missing;project_na
IChO,2025,Dran Mankosol,,,Thailand,,Bronze,145,true,https://www.icho-official.org/results/results.php?id=57&year=2025,age_missing;project_na
IChO,2025,Uladzislau Karatkou,,,Individual 1,,Bronze,146,true,https://www.icho-official.org/results/results.php?id=57&year=2025,age_missing;project_na
IChO,2025,Luka Švraka,,,Serbia,,Bronze,147,true,https://www.icho-official.org/results/results.php?id=57&year=2025,age_missing;project_na
IChO,2025,Emre Aslan,,,Türkiye,,Bronze,148,true,https://www.icho-official.org/results/results.php?id=57&year=2025,age_missing;project_na
IChO,2025,Ruben Locher,,,Switzerland,,Bronze,149,true,https://www.icho-official.org/results/results.php?id=57&year=2025,age_missing;project_na
IChO,2025,Carlos Calderon Alba,,,Spain,,Bronze,150,true,https://www.icho-official.org/results/results.php?id=57&year=2025,age_missing;project_na
IChO,2025,Kim Radešić,,,Croatia,,Bronze,151,true,https://www.icho-official.org/results/results.php?id=57&year=2025,age_missing;project_na
IChO,2025,Kei Kazazic,,,Austria,,Bronze,152,true,https://www.icho-official.org/results/results.php?id=57&year=2025,age_missing;project_na
IChO,2025,Mikołaj Sobczak,,,Poland,,Bronze,153,true,https://www.icho-official.org/results/results.php?id=57&year=2025,age_missing;project_na
IChO,2025,Michael Javier Ogden,,,Philippines,,Bronze,154,true,https://www.icho-official.org/results/results.php?id=57&year=2025,age_missing;project_na
IChO,2025,Ivan Vnukov,,,Estonia,,Bronze,155,true,https://www.icho-official.org/results/results.php?id=57&year=2025,age_missing;project_na
IChO,2025,Alexander Kovacsovics Ledin,,,Sweden,,Bronze,156,true,https://www.icho-official.org/results/results.php?id=57&year=2025,age_missing;project_na
IChO,2025,Rizvan Asadov,,,Azerbaijan,,Bronze,157,true,https://www.icho-official.org/results/results.php?id=57&year=2025,age_missing;project_na
IChO,2025,Haidar Aldubaisy,,,Saudi Arabia,,Bronze,158,true,https://www.icho-official.org/results/results.php?id=57&year=2025,age_missing;project_na
IChO,2025,Jad Ahmad,,,Syria,,Bronze,159,true,https://www.icho-official.org/results/results.php?id=57&year=2025,age_missing;project_na
IChO,2025,Darren Mikael Chauhari,,,Indonesia,,Bronze,160,true,https://www.icho-official.org/results/results.php?id=57&year=2025,age_missing;project_na
IChO,2025,Michał Trochimiuk-Szczepkowski,,,Poland,,Bronze,161,true,https://www.icho-official.org/results/results.php?id=57&year=2025,age_missing;project_na
IChO,2025,Karlis Suvi,,,Estonia,,Bronze,162,true,https://www.icho-official.org/results/results.php?id=57&year=2025,age_missing;project_na
IChO,2025,Aleksa Damjanovic,,,Montenegro,,Bronze,163,true,https://www.icho-official.org/results/results.php?id=57&year=2025,age_missing;project_na
IChO,2025,Cristian Levi De Souza Silveira,,,Brazil,,Bronze,164,true,https://www.icho-official.org/results/results.php?id=57&year=2025,age_missing;project_na
IChO,2025,Justas Miliauskas,,,Lithuania,,Bronze,165,true,https://www.icho-official.org/results/results.php?id=57&year=2025,age_missing;project_na
IChO,2025,Nurkhan Torekhanov,,,Estonia,,Bronze,166,true,https://www.icho-official.org/results/results.php?id=57&year=2025,age_missing;project_na
IChO,2025,Methmaka Jayasena,,,Sri Lanka,,Bronze,167,true,https://www.icho-official.org/results/results.php?id=57&year=2025,age_missing;project_na
IChO,2025,Topi Tukeva,,,Finland,,Bronze,168,true,https://www.icho-official.org/results/results.php?id=57&year=2025,age_missing;project_na
IChO,2025,Antonios Skias,,,Greece,,Bronze,169,true,https://www.icho-official.org/results/results.php?id=57&year=2025,age_missing;project_na
IChO,2025,Maksatbek Kahramanov,,,Kyrgyzstan,,Bronze,170,true,https://www.icho-official.org/results/results.php?id=57&year=2025,age_missing;project_na
IChO,2025,Andrej Drobnjaković,,,Serbia,,Bronze,171,true,https://www.icho-official.org/results/results.php?id=57&year=2025,age_missing;project_na
IChO,2025,Cael Sia,,,New Zealand,,Bronze,172,true,https://www.icho-official.org/results/results.php?id=57&year=2025,age_missing;project_na
IChO,2025,Robertas Juknevičius,,,Lithuania,,Bronze,173,true,https://www.icho-official.org/results/results.php?id=57&year=2025,age_missing;project_na
IChO,2025,Eemeli Myllymäki,,,Finland,,Bronze,174,true,https://www.icho-official.org/results/results.php?id=57&year=2025,age_missing;project_na
IChO,2025,Nikola Ninkov,,,Bulgaria,,Bronze,175,true,https://www.icho-official.org/results/results.php?id=57&year=2025,age_missing;project_na
IChO,2025,Nazrin Hasanova,,,Azerbaijan,,Bronze,176,true,https://www.icho-official.org/results/results.php?id=57&year=2025,age_missing;project_na
IChO,2025,Umid Mustafazada,,,Azerbaijan,,Bronze,177,true,https://www.icho-official.org/results/results.php?id=57&year=2025,age_missing;project_na
IChO,2025,Elio Mashreki,,,Syria,,Bronze,178,true,https://www.icho-official.org/results/results.php?id=57&year=2025,age_missing;project_na
IChO,2025,Rex Alphonse Reventar,,,Philippines,,Bronze,179,true,https://www.icho-official.org/results/results.php?id=57&year=2025,age_missing;project_na
IChO,2025,Joris Unikas,,,Lithuania,,Bronze,180,true,https://www.icho-official.org/results/results.php?id=57&year=2025,age_missing;project_na
IChO,2025,Stanisław Bektaş,,,Switzerland,,Bronze,181,true,https://www.icho-official.org/results/results.php?id=57&year=2025,age_missing;project_na
IChO,2025,Jose Martin Daries,,,Spain,,Bronze,182,true,https://www.icho-official.org/results/results.php?id=57&year=2025,age_missing;project_na
IChO,2025,Leonardo Correia Pereira De Aguiar Aires,,,Portugal,,Bronze,183,true,https://www.icho-official.org/results/results.php?id=57&year=2025,age_missing;project_na
IChO,2025,Erzhan Zhaparov,,,Kyrgyzstan,,Bronze,184,true,https://www.icho-official.org/results/results.php?id=57&year=2025,age_missing;project_na
IChO,2025,Nico Gartner,,,Austria,,Bronze,185,true,https://www.icho-official.org/results/results.php?id=57&year=2025,age_missing;project_na
IChO,2025,Leticia María Merlo Alfonso,,,Cuba,,Bronze,186,true,https://www.icho-official.org/results/results.php?id=57&year=2025,age_missing;project_na
IChO,2025,Archil Zabakhidze,,,Georgia,,Bronze,187,true,https://www.icho-official.org/results/results.php?id=57&year=2025,age_missing;project_na
IChO,2025,Santiago Caussi,,,Uruguay,,Bronze,188,true,https://www.icho-official.org/results/results.php?id=57&year=2025,age_missing;project_na
IChO,2025,Maha Alobaid,,,Syria,,Bronze,189,true,https://www.icho-official.org/results/results.php?id=57&year=2025,age_missing;project_na
IChO,2025,Vid Kodrič,,,Slovenia,,Bronze,190,true,https://www.icho-official.org/results/results.php?id=57&year=2025,age_missing;project_na
IChO,2025,Carl-Philipp Cachej,,,Switzerland,,Bronze,191,true,https://www.icho-official.org/results/results.php?id=57&year=2025,age_missing;project_na
IChO,2025,Haiyue Luo,,,Canada,,Bronze,192,true,https://www.icho-official.org/results/results.php?id=57&year=2025,age_missing;project_na
IChO,2025,Himaru Abeygunarathne,,,Sri Lanka,,Bronze,193,true,https://www.icho-official.org/results/results.php?id=57&year=2025,age_missing;project_na
IChO,2025,Ammar Alturkistani,,,Saudi Arabia,,Bronze,194,true,https://www.icho-official.org/results/results.php?id=57&year=2025,age_missing;project_na
IChO,2025,Anna Hois,,,Austria,,Bronze,195,true,https://www.icho-official.org/results/results.php?id=57&year=2025,age_missing;project_na
IChO,2025,Isaï Bekkering,,,Netherlands,,Bronze,196,true,https://www.icho-official.org/results/results.php?id=57&year=2025,age_missing;project_na
IChO,2025,Alexandru Cristian Băgăianu,,,Romania,,Bronze,197,true,https://www.icho-official.org/results/results.php?id=57&year=2025,age_missing;project_na
IChO,2025,Joseph Guo,,,New Zealand,,Bronze,198,true,https://www.icho-official.org/results/results.php?id=57&year=2025,age_missing;project_na
IChO,2025,Maria Sole Fiorino,,,Italy,,Bronze,199,true,https://www.icho-official.org/results/results.php?id=57&year=2025,age_missing;project_na
IChO,2025,Yusuf El-Shahhat,,,Qatar,,Bronze,200,true,https://www.icho-official.org/results/results.php?id=57&year=2025,age_missing;project_na
IChO,2025,Moritz Rohner,,,Luxembourg,,Bronze,201,true,https://www.icho-official.org/results/results.php?id=57&year=2025,age_missing;project_na
IChO,2025,Emerson Ernesto Sarmiento Juárez,,,El Salvador,,Bronze,202,true,https://www.icho-official.org/results/results.php?id=57&year=2025,age_missing;project_na
IChO,2025,Samuel Dudek,,,Slovakia,,Bronze,203,true,https://www.icho-official.org/results/results.php?id=57&year=2025,age_missing;project_na
IChO,2025,Crina Mogorean,,,Moldova,,Bronze,204,true,https://www.icho-official.org/results/results.php?id=57&year=2025,age_missing;project_na
IChO,2025,Filip Čutura,,,Croatia,,Bronze,205,true,https://www.icho-official.org/results/results.php?id=57&year=2025,age_missing;project_na
IChO,2025,Matiss Gercans,,,Latvia,,Bronze,206,true,https://www.icho-official.org/results/results.php?id=57&year=2025,age_missing;project_na
IChO,2025,Teodor Kussev,,,Bulgaria,,Bronze,207,true,https://www.icho-official.org/results/results.php?id=57&year=2025,age_missing;project_na
IChO,2025,Gašper Čadež,,,Slovenia,,Bronze,208,true,https://www.icho-official.org/results/results.php?id=57&year=2025,age_missing;project_na
IChO,2025,Aldo Vega Chancas,,,Peru,,Bronze,209,true,https://www.icho-official.org/results/results.php?id=57&year=2025,age_missing;project_na
IChO,2025,Bárbaro Eriel Rodríguez Gil,,,Cuba,,Bronze,210,true,https://www.icho-official.org/results/results.php?id=57&year=2025,age_missing;project_na
IChO,2025,Alejandro Ferreyra,,,Argentina,,Bronze,211,true,https://www.icho-official.org/results/results.php?id=57&year=2025,age_missing;project_na
IChO,2025,Rand Aodah,,,Saudi Arabia,,Bronze,212,true,https://www.icho-official.org/results/results.php?id=57&year=2025,age_missing;project_na
IChO,2025,Léon Fèvre Darot,,,France,,Bronze,213,true,https://www.icho-official.org/results/results.php?id=57&year=2025,age_missing;project_na
IChO,2025,Jingwen Fu,,,Cyprus,,Bronze,214,true,https://www.icho-official.org/results/results.php?id=57&year=2025,age_missing;project_na
IChO,2025,Pau Alarcon Barbera,,,Spain,,Bronze,215,true,https://www.icho-official.org/results/results.php?id=57&year=2025,age_missing;project_na
IChO,2025,Rithmini Weerakkody,,,Sri Lanka,,Bronze,216,true,https://www.icho-official.org/results/results.php?id=57&year=2025,age_missing;project_na
IChO,2025,Kyush Cian Cabilino,,,Philippines,,Bronze,217,true,https://www.icho-official.org/results/results.php?id=57&year=2025,age_missing;project_na
IChO,2025,Alberto Alejandro Pérez Gutierrez,,,Mexico,,Bronze,218,true,https://www.icho-official.org/results/results.php?id=57&year=2025,age_missing;project_na
IChO,2025,Gerardo Yahel Ángeles Reyes,,,Mexico,,Bronze,219,true,https://www.icho-official.org/results/results.php?id=57&year=2025,age_missing;project_na
IChO,2025,Anano Abuladze,,,Georgia,,Bronze,220,true,https://www.icho-official.org/results/results.php?id=57&year=2025,age_missing;project_na
IBO,2023,USA-04 Yufei Chen,,,,,Gold,1,true,https://www.ibo-info.org/files/downloads/results-reports/results/IBO2023.pdf,ibo_pdf;age_missing;project_na
IBO,2023,CHN-01 MAO Shangqing,,,,,Gold,2,true,https://www.ibo-info.org/files/downloads/results-reports/results/IBO2023.pdf,ibo_pdf;age_missing;project_na
IBO,2023,CHN-03 LIAO Yiyan,,,,,Gold,3,true,https://www.ibo-info.org/files/downloads/results-reports/results/IBO2023.pdf,ibo_pdf;age_missing;project_na
IBO,2023,SGP-02 Lai Le Hao Jerome,,,,,Gold,4,true,https://www.ibo-info.org/files/downloads/results-reports/results/IBO2023.pdf,ibo_pdf;age_missing;project_na
IBO,2023,IRN-03 Arman Forghani,,,,,Gold,5,true,https://www.ibo-info.org/files/downloads/results-reports/results/IBO2023.pdf,ibo_pdf;age_missing;project_na
IBO,2023,IOD2-04 Popov Petr,,,,,Gold,6,true,https://www.ibo-info.org/files/downloads/results-reports/results/IBO2023.pdf,ibo_pdf;age_missing;project_na
IBO,2023,CHN-04 ZHAO Yuhan,,,,,Gold,7,true,https://www.ibo-info.org/files/downloads/results-reports/results/IBO2023.pdf,ibo_pdf;age_missing;project_na
IBO,2023,SGP-01 Debraath Pahari,,,,,Gold,8,true,https://www.ibo-info.org/files/downloads/results-reports/results/IBO2023.pdf,ibo_pdf;age_missing;project_na
IBO,2023,"SGP-04 Soh Sze Hian, Lionel",,,,,Gold,9,true,https://www.ibo-info.org/files/downloads/results-reports/results/IBO2023.pdf,ibo_pdf;age_missing;project_na
IBO,2023,"KOR-04 Jeong, Yechan",,,,,Gold,10,true,https://www.ibo-info.org/files/downloads/results-reports/results/IBO2023.pdf,ibo_pdf;age_missing;project_na
IBO,2023,"TWN-03 Wang, Po-Hsiang",,,,,Gold,11,true,https://www.ibo-info.org/files/downloads/results-reports/results/IBO2023.pdf,ibo_pdf;age_missing;project_na
IBO,2023,BGR-01 Petar Stoilov Zhotev,,,,,Gold,12,true,https://www.ibo-info.org/files/downloads/results-reports/results/IBO2023.pdf,ibo_pdf;age_missing;project_na
IBO,2023,IND-02 Ishan Satish Pednekar,,,,,Gold,13,true,https://www.ibo-info.org/files/downloads/results-reports/results/IBO2023.pdf,ibo_pdf;age_missing;project_na
IBO,2023,SGP-03 Lim Le Xuan,,,,,Gold,14,true,https://www.ibo-info.org/files/downloads/results-reports/results/IBO2023.pdf,ibo_pdf;age_missing;project_na
IBO,2023,DEU-04 Konrad Jannes Koehler,,,,,Gold,15,true,https://www.ibo-info.org/files/downloads/results-reports/results/IBO2023.pdf,ibo_pdf;age_missing;project_na
IBO,2023,JPN-02 Miyako Takahashi,,,,,Gold,16,true,https://www.ibo-info.org/files/downloads/results-reports/results/IBO2023.pdf,ibo_pdf;age_missing;project_na
IBO,2023,IOD2-02 Demidov Ivan,,,,,Gold,17,true,https://www.ibo-info.org/files/downloads/results-reports/results/IBO2023.pdf,ibo_pdf;age_missing;project_na
IBO,2023,"TWN-02 Lin, Hsuan-Ming",,,,,Gold,18,true,https://www.ibo-info.org/files/downloads/results-reports/results/IBO2023.pdf,ibo_pdf;age_missing;project_na
IBO,2023,USA-02 Kaiden Zida Wu,,,,,Gold,19,true,https://www.ibo-info.org/files/downloads/results-reports/results/IBO2023.pdf,ibo_pdf;age_missing;project_na
IBO,2023,IOD2-01 Timonina Alisa,,,,,Gold,20,true,https://www.ibo-info.org/files/downloads/results-reports/results/IBO2023.pdf,ibo_pdf;age_missing;project_na
IBO,2023,"TWN-01 Guo, Chen-Jhang",,,,,Gold,21,true,https://www.ibo-info.org/files/downloads/results-reports/results/IBO2023.pdf,ibo_pdf;age_missing;project_na
IBO,2023,IND-04 Rohit Panda,,,,,Gold,22,true,https://www.ibo-info.org/files/downloads/results-reports/results/IBO2023.pdf,ibo_pdf;age_missing;project_na
IBO,2023,GBR-02 Robert John Halliday,,,,,Gold,23,true,https://www.ibo-info.org/files/downloads/results-reports/results/IBO2023.pdf,ibo_pdf;age_missing;project_na
IBO,2023,IRN-02 Ali Ghasemlooy,,,,,Gold,24,true,https://www.ibo-info.org/files/downloads/results-reports/results/IBO2023.pdf,ibo_pdf;age_missing;project_na
IBO,2023,DEU-02 Elora Marx,,,,,Gold,25,true,https://www.ibo-info.org/files/downloads/results-reports/results/IBO2023.pdf,ibo_pdf;age_missing;project_na
IBO,2023,AUS-02 James David Johnson,,,,,Gold,26,true,https://www.ibo-info.org/files/downloads/results-reports/results/IBO2023.pdf,ibo_pdf;age_missing;project_na
IBO,2023,IND-01 Dhruv Advani,,,,,Gold,27,true,https://www.ibo-info.org/files/downloads/results-reports/results/IBO2023.pdf,ibo_pdf;age_missing;project_na
IBO,2023,JPN-03 Saki Inoue,,,,,Gold,28,true,https://www.ibo-info.org/files/downloads/results-reports/results/IBO2023.pdf,ibo_pdf;age_missing;project_na
IBO,2023,IND-03 Megh Dhiraj Chhabda,,,,,Gold,29,true,https://www.ibo-info.org/files/downloads/results-reports/results/IBO2023.pdf,ibo_pdf;age_missing;project_na
IBO,2023,IRN-01 Aidin Nazirifard,,,,,Silver,30,true,https://www.ibo-info.org/files/downloads/results-reports/results/IBO2023.pdf,ibo_pdf;age_missing;project_na
IBO,2023,CHN-02 LIU Tonghang,,,,,Silver,31,true,https://www.ibo-info.org/files/downloads/results-reports/results/IBO2023.pdf,ibo_pdf;age_missing;project_na
IBO,2023,IRN-04 Kiyarash Behboodi,,,,,Silver,32,true,https://www.ibo-info.org/files/downloads/results-reports/results/IBO2023.pdf,ibo_pdf;age_missing;project_na
IBO,2023,HKG-04 Zhang Yixuan,,,,,Silver,33,true,https://www.ibo-info.org/files/downloads/results-reports/results/IBO2023.pdf,ibo_pdf;age_missing;project_na
IBO,2023,AUS-04 Jonghyeon (Alex) Park,,,,,Silver,34,true,https://www.ibo-info.org/files/downloads/results-reports/results/IBO2023.pdf,ibo_pdf;age_missing;project_na
IBO,2023,VNM-02 Nguyen Tien Loc,,,,,Silver,35,true,https://www.ibo-info.org/files/downloads/results-reports/results/IBO2023.pdf,ibo_pdf;age_missing;project_na
IBO,2023,"TWN-04 Lee, Yen-Wei",,,,,Silver,36,true,https://www.ibo-info.org/files/downloads/results-reports/results/IBO2023.pdf,ibo_pdf;age_missing;project_na
IBO,2023,HKG-03 Hui Sze Man,,,,,Silver,37,true,https://www.ibo-info.org/files/downloads/results-reports/results/IBO2023.pdf,ibo_pdf;age_missing;project_na
IBO,2023,LTU-03 Jorūnė Budriūnaitė,,,,,Silver,38,true,https://www.ibo-info.org/files/downloads/results-reports/results/IBO2023.pdf,ibo_pdf;age_missing;project_na
IBO,2023,POL-01,,,,,Silver,39,true,https://www.ibo-info.org/files/downloads/results-reports/results/IBO2023.pdf,ibo_pdf;age_missing;project_na
IBO,2023,IOD2-03 Vorobev Nikita,,,,,Silver,40,true,https://www.ibo-info.org/files/downloads/results-reports/results/IBO2023.pdf,ibo_pdf;age_missing;project_na
IBO,2023,SAU-04,,,,,Silver,41,true,https://www.ibo-info.org/files/downloads/results-reports/results/IBO2023.pdf,ibo_pdf;age_missing;project_na
IBO,2023,"KOR-02 Lee, Fine",,,,,Silver,42,true,https://www.ibo-info.org/files/downloads/results-reports/results/IBO2023.pdf,ibo_pdf;age_missing;project_na
IBO,2023,IDN-01 Calvin Shevchenko,,,,,Silver,43,true,https://www.ibo-info.org/files/downloads/results-reports/results/IBO2023.pdf,ibo_pdf;age_missing;project_na
IBO,2023,BGR-02 Victor Delyanov Lilov,,,,,Silver,44,true,https://www.ibo-info.org/files/downloads/results-reports/results/IBO2023.pdf,ibo_pdf;age_missing;project_na
IBO,2023,CAN-04 Steven Luo,,,,,Silver,45,true,https://www.ibo-info.org/files/downloads/results-reports/results/IBO2023.pdf,ibo_pdf;age_missing;project_na
IBO,2023,JPN-04 Yuma Osugi,,,,,Silver,46,true,https://www.ibo-info.org/files/downloads/results-reports/results/IBO2023.pdf,ibo_pdf;age_missing;project_na
IBO,2023,NZL-03 Jacob Liam Miller,,,,,Silver,47,true,https://www.ibo-info.org/files/downloads/results-reports/results/IBO2023.pdf,ibo_pdf;age_missing;project_na
IBO,2023,THA-04 Wipu Setthawong,,,,,Silver,48,true,https://www.ibo-info.org/files/downloads/results-reports/results/IBO2023.pdf,ibo_pdf;age_missing;project_na
IBO,2023,USA-03 Richard Tianqi Zhu,,,,,Silver,49,true,https://www.ibo-info.org/files/downloads/results-reports/results/IBO2023.pdf,ibo_pdf;age_missing;project_na
IBO,2023,TUR-02 Halil Eren Uyar,,,,,Silver,50,true,https://www.ibo-info.org/files/downloads/results-reports/results/IBO2023.pdf,ibo_pdf;age_missing;project_na
IBO,2023,USA-01 Damon Vincent Gurvich,,,,,Silver,51,true,https://www.ibo-info.org/files/downloads/results-reports/results/IBO2023.pdf,ibo_pdf;age_missing;project_na
IBO,2023,CHE-02 Davide Petraglio,,,,,Silver,52,true,https://www.ibo-info.org/files/downloads/results-reports/results/IBO2023.pdf,ibo_pdf;age_missing;project_na
IBO,2023,"KOR-01 Kim, Boran",,,,,Silver,53,true,https://www.ibo-info.org/files/downloads/results-reports/results/IBO2023.pdf,ibo_pdf;age_missing;project_na
IBO,2023,NZL-01 Allan Han,,,,,Silver,54,true,https://www.ibo-info.org/files/downloads/results-reports/results/IBO2023.pdf,ibo_pdf;age_missing;project_na
IBO,2023,KAZ-02 Omar Dinmukhammed,,,,,Silver,55,true,https://www.ibo-info.org/files/downloads/results-reports/results/IBO2023.pdf,ibo_pdf;age_missing;project_na
IBO,2023,THA-03 Tanakrit Tanasansakorn,,,,,Silver,56,true,https://www.ibo-info.org/files/downloads/results-reports/results/IBO2023.pdf,ibo_pdf;age_missing;project_na
IBO,2023,IDN-04 Nicholas Sidik,,,,,Silver,57,true,https://www.ibo-info.org/files/downloads/results-reports/results/IBO2023.pdf,ibo_pdf;age_missing;project_na
IBO,2023,HKG-01 Tse Kin Long,,,,,Silver,58,true,https://www.ibo-info.org/files/downloads/results-reports/results/IBO2023.pdf,ibo_pdf;age_missing;project_na
IBO,2023,LVA-04 Nauris Prikšāns,,,,,Silver,59,true,https://www.ibo-info.org/files/downloads/results-reports/results/IBO2023.pdf,ibo_pdf;age_missing;project_na
IBO,2023,"KOR-03 Kim, Heewon",,,,,Silver,60,true,https://www.ibo-info.org/files/downloads/results-reports/results/IBO2023.pdf,ibo_pdf;age_missing;project_na
IBO,2023,HUN-02 Marton Szabo,,,,,Silver,61,true,https://www.ibo-info.org/files/downloads/results-reports/results/IBO2023.pdf,ibo_pdf;age_missing;project_na
IBO,2023,DEU-03 Jieoh Ahn,,,,,Silver,62,true,https://www.ibo-info.org/files/downloads/results-reports/results/IBO2023.pdf,ibo_pdf;age_missing;project_na
IBO,2023,POL-04,,,,,Silver,63,true,https://www.ibo-info.org/files/downloads/results-reports/results/IBO2023.pdf,ibo_pdf;age_missing;project_na
IBO,2023,CHE-03 Kilian Ayden Sintic,,,,,Silver,64,true,https://www.ibo-info.org/files/downloads/results-reports/results/IBO2023.pdf,ibo_pdf;age_missing;project_na
IBO,2023,THA-01 Napat Tantipraphat,,,,,Silver,65,true,https://www.ibo-info.org/files/downloads/results-reports/results/IBO2023.pdf,ibo_pdf;age_missing;project_na
IBO,2023,POL-03,,,,,Silver,66,true,https://www.ibo-info.org/files/downloads/results-reports/results/IBO2023.pdf,ibo_pdf;age_missing;project_na
IBO,2023,DEU-01 Anya Zhu,,,,,Silver,67,true,https://www.ibo-info.org/files/downloads/results-reports/results/IBO2023.pdf,ibo_pdf;age_missing;project_na
IBO,2023,THA-02 Siravit Sriboonjareanchai,,,,,Silver,68,true,https://www.ibo-info.org/files/downloads/results-reports/results/IBO2023.pdf,ibo_pdf;age_missing;project_na
IBO,2023,HUN-03 Nandor Szombat,,,,,Silver,69,true,https://www.ibo-info.org/files/downloads/results-reports/results/IBO2023.pdf,ibo_pdf;age_missing;project_na
IBO,2023,CAN-02 Gabriel Tian,,,,,Silver,70,true,https://www.ibo-info.org/files/downloads/results-reports/results/IBO2023.pdf,ibo_pdf;age_missing;project_na
IBO,2023,ISR-02 Nadav Qvit,,,,,Silver,71,true,https://www.ibo-info.org/files/downloads/results-reports/results/IBO2023.pdf,ibo_pdf;age_missing;project_na
IBO,2023,JPN-01 Kei Sasaki,,,,,Silver,72,true,https://www.ibo-info.org/files/downloads/results-reports/results/IBO2023.pdf,ibo_pdf;age_missing;project_na
IBO,2023,TUR-01 Erdem Yamalıoğlu,,,,,Silver,73,true,https://www.ibo-info.org/files/downloads/results-reports/results/IBO2023.pdf,ibo_pdf;age_missing;project_na
IBO,2023,ROU-03 Dumitrescu Ștefan-Ionel,,,,,Silver,74,true,https://www.ibo-info.org/files/downloads/results-reports/results/IBO2023.pdf,ibo_pdf;age_missing;project_na
IBO,2023,ROU-01 Vlad David Andrei,,,,,Silver,75,true,https://www.ibo-info.org/files/downloads/results-reports/results/IBO2023.pdf,ibo_pdf;age_missing;project_na
IBO,2023,NLD-02 Farah May,,,,,Silver,76,true,https://www.ibo-info.org/files/downloads/results-reports/results/IBO2023.pdf,ibo_pdf;age_missing;project_na
IBO,2023,LTU-02 Bernadeta Savicka,,,,,Silver,77,true,https://www.ibo-info.org/files/downloads/results-reports/results/IBO2023.pdf,ibo_pdf;age_missing;project_na
IBO,2023,CZE-04 Šimon Vlach,,,,,Silver,78,true,https://www.ibo-info.org/files/downloads/results-reports/results/IBO2023.pdf,ibo_pdf;age_missing;project_na
IBO,2023,GBR-01 Matilda Mary Littlemore,,,,,Silver,79,true,https://www.ibo-info.org/files/downloads/results-reports/results/IBO2023.pdf,ibo_pdf;age_missing;project_na
IBO,2023,GBR-04,,,,,Silver,80,true,https://www.ibo-info.org/files/downloads/results-reports/results/IBO2023.pdf,ibo_pdf;age_missing;project_na
IBO,2023,HRV-01 Lovro Mirković,,,,,Silver,81,true,https://www.ibo-info.org/files/downloads/results-reports/results/IBO2023.pdf,ibo_pdf;age_missing;project_na
IBO,2023,CZE-03 Matěj Pokorný,,,,,Silver,82,true,https://www.ibo-info.org/files/downloads/results-reports/results/IBO2023.pdf,ibo_pdf;age_missing;project_na
IBO,2023,LUX-04 Siena Jade Ootes,,,,,Silver,83,true,https://www.ibo-info.org/files/downloads/results-reports/results/IBO2023.pdf,ibo_pdf;age_missing;project_na
IBO,2023,LUX-03,,,,,Silver,84,true,https://www.ibo-info.org/files/downloads/results-reports/results/IBO2023.pdf,ibo_pdf;age_missing;project_na
IBO,2023,ISR-03 Shalev Wachsman,,,,,Silver,85,true,https://www.ibo-info.org/files/downloads/results-reports/results/IBO2023.pdf,ibo_pdf;age_missing;project_na
IBO,2023,TUR-04 Tabanlı Tolga,,,,,Silver,86,true,https://www.ibo-info.org/files/downloads/results-reports/results/IBO2023.pdf,ibo_pdf;age_missing;project_na
IBO,2023,HUN-04 Tamas Zsoldos,,,,,Silver,87,true,https://www.ibo-info.org/files/downloads/results-reports/results/IBO2023.pdf,ibo_pdf;age_missing;project_na
IBO,2023,KAZ-01 Bakdaulet Yernazarov,,,,,Silver,88,true,https://www.ibo-info.org/files/downloads/results-reports/results/IBO2023.pdf,ibo_pdf;age_missing;project_na
IBO,2023,TUR-03 Kerem Aydın,,,,,Bronze,89,true,https://www.ibo-info.org/files/downloads/results-reports/results/IBO2023.pdf,ibo_pdf;age_missing;project_na
IBO,2023,EST-01 Ellen Marigold Roper,,,,,Bronze,90,true,https://www.ibo-info.org/files/downloads/results-reports/results/IBO2023.pdf,ibo_pdf;age_missing;project_na
IBO,2023,AUS-03 Jason Dunn,,,,,Bronze,91,true,https://www.ibo-info.org/files/downloads/results-reports/results/IBO2023.pdf,ibo_pdf;age_missing;project_na
IBO,2023,HUN-01 Anna Barna-Lazar,,,,,Bronze,92,true,https://www.ibo-info.org/files/downloads/results-reports/results/IBO2023.pdf,ibo_pdf;age_missing;project_na
IBO,2023,NLD-04 Thomas van Loon,,,,,Bronze,93,true,https://www.ibo-info.org/files/downloads/results-reports/results/IBO2023.pdf,ibo_pdf;age_missing;project_na
IBO,2023,GBR-03 Rui-Lin Wang,,,,,Bronze,94,true,https://www.ibo-info.org/files/downloads/results-reports/results/IBO2023.pdf,ibo_pdf;age_missing;project_na
IBO,2023,VNM-03 Tran Pham Manh,,,,,Bronze,95,true,https://www.ibo-info.org/files/downloads/results-reports/results/IBO2023.pdf,ibo_pdf;age_missing;project_na
IBO,2023,LVA-02 Elza Strumpe,,,,,Bronze,96,true,https://www.ibo-info.org/files/downloads/results-reports/results/IBO2023.pdf,ibo_pdf;age_missing;project_na
IBO,2023,SVN-03 Urban Bauk,,,,,Bronze,97,true,https://www.ibo-info.org/files/downloads/results-reports/results/IBO2023.pdf,ibo_pdf;age_missing;project_na
IBO,2023,SWE-02 Isak Lövdén Ewerhard,,,,,Bronze,98,true,https://www.ibo-info.org/files/downloads/results-reports/results/IBO2023.pdf,ibo_pdf;age_missing;project_na
IBO,2023,SVK-03 Šimon Kirňak,,,,,Bronze,99,true,https://www.ibo-info.org/files/downloads/results-reports/results/IBO2023.pdf,ibo_pdf;age_missing;project_na
IBO,2023,HKG-02 Cheang Man Hin,,,,,Bronze,100,true,https://www.ibo-info.org/files/downloads/results-reports/results/IBO2023.pdf,ibo_pdf;age_missing;project_na
IBO,2023,LTU-01 Ainis Lukša,,,,,Bronze,101,true,https://www.ibo-info.org/files/downloads/results-reports/results/IBO2023.pdf,ibo_pdf;age_missing;project_na
IBO,2023,PHL-01 Andre Gerard Chan Aw,,,,,Bronze,102,true,https://www.ibo-info.org/files/downloads/results-reports/results/IBO2023.pdf,ibo_pdf;age_missing;project_na
IBO,2023,BGR-03,,,,,Bronze,103,true,https://www.ibo-info.org/files/downloads/results-reports/results/IBO2023.pdf,ibo_pdf;age_missing;project_na
IBO,2023,ISR-01 Daniel Zak,,,,,Bronze,104,true,https://www.ibo-info.org/files/downloads/results-reports/results/IBO2023.pdf,ibo_pdf;age_missing;project_na
IBO,2023,POL-02 Aleksandra Sznel,,,,,Bronze,105,true,https://www.ibo-info.org/files/downloads/results-reports/results/IBO2023.pdf,ibo_pdf;age_missing;project_na
IBO,2023,NZL-04 Jifei Shao,,,,,Bronze,106,true,https://www.ibo-info.org/files/downloads/results-reports/results/IBO2023.pdf,ibo_pdf;age_missing;project_na
IBO,2023,VNM-04 Vu The Anh,,,,,Bronze,107,true,https://www.ibo-info.org/files/downloads/results-reports/results/IBO2023.pdf,ibo_pdf;age_missing;project_na
IBO,2023,SAU-03 Tulbah Raed Faisal M,,,,,Bronze,108,true,https://www.ibo-info.org/files/downloads/results-reports/results/IBO2023.pdf,ibo_pdf;age_missing;project_na
IBO,2023,PHL-04,,,,,Bronze,109,true,https://www.ibo-info.org/files/downloads/results-reports/results/IBO2023.pdf,ibo_pdf;age_missing;project_na
IBO,2023,KGZ-04,,,,,Bronze,110,true,https://www.ibo-info.org/files/downloads/results-reports/results/IBO2023.pdf,ibo_pdf;age_missing;project_na
IBO,2023,ESP-03 Luis Sánchez García,,,,,Bronze,111,true,https://www.ibo-info.org/files/downloads/results-reports/results/IBO2023.pdf,ibo_pdf;age_missing;project_na
IBO,2023,ISR-04 Sivan Levin,,,,,Bronze,112,true,https://www.ibo-info.org/files/downloads/results-reports/results/IBO2023.pdf,ibo_pdf;age_missing;project_na
IBO,2023,MNG-03 Galsanchimed Misheel,,,,,Bronze,113,true,https://www.ibo-info.org/files/downloads/results-reports/results/IBO2023.pdf,ibo_pdf;age_missing;project_na
IBO,2023,UZB-01,,,,,Bronze,114,true,https://www.ibo-info.org/files/downloads/results-reports/results/IBO2023.pdf,ibo_pdf;age_missing;project_na
IBO,2023,NLD-01 Demian Brantjes,,,,,Bronze,115,true,https://www.ibo-info.org/files/downloads/results-reports/results/IBO2023.pdf,ibo_pdf;age_missing;project_na
IBO,2023,IDN-03 Nakeisha Jovita Purnomo,,,,,Bronze,116,true,https://www.ibo-info.org/files/downloads/results-reports/results/IBO2023.pdf,ibo_pdf;age_missing;project_na
IBO,2023,ITA-02 Enrico Peter Grande,,,,,Bronze,117,true,https://www.ibo-info.org/files/downloads/results-reports/results/IBO2023.pdf,ibo_pdf;age_missing;project_na
IBO,2023,BRA-04 Nailton Gama de Castro,,,,,Bronze,118,true,https://www.ibo-info.org/files/downloads/results-reports/results/IBO2023.pdf,ibo_pdf;age_missing;project_na
IBO,2023,NZL-02 Ashleigh Paige Bernacchi,,,,,Bronze,119,true,https://www.ibo-info.org/files/downloads/results-reports/results/IBO2023.pdf,ibo_pdf;age_missing;project_na
IBO,2023,CZE-02 Martin Kubeš,,,,,Bronze,120,true,https://www.ibo-info.org/files/downloads/results-reports/results/IBO2023.pdf,ibo_pdf;age_missing;project_na
IBO,2023,MDA-04 Chiosa Nikita,,,,,Bronze,121,true,https://www.ibo-info.org/files/downloads/results-reports/results/IBO2023.pdf,ibo_pdf;age_missing;project_na
IBO,2023,BRA-03,,,,,Bronze,122,true,https://www.ibo-info.org/files/downloads/results-reports/results/IBO2023.pdf,ibo_pdf;age_missing;project_na
IBO,2023,BGD-04 Fayyad Ahmmed,,,,,Bronze,123,true,https://www.ibo-info.org/files/downloads/results-reports/results/IBO2023.pdf,ibo_pdf;age_missing;project_na
IBO,2023,LVA-03 Kristians Lelis,,,,,Bronze,124,true,https://www.ibo-info.org/files/downloads/results-reports/results/IBO2023.pdf,ibo_pdf;age_missing;project_na
IBO,2023,PHL-02,,,,,Bronze,125,true,https://www.ibo-info.org/files/downloads/results-reports/results/IBO2023.pdf,ibo_pdf;age_missing;project_na
IBO,2023,DNK-03 Simon Stenhøj Larsen,,,,,Bronze,126,true,https://www.ibo-info.org/files/downloads/results-reports/results/IBO2023.pdf,ibo_pdf;age_missing;project_na
IBO,2023,LUX-02,,,,,Bronze,127,true,https://www.ibo-info.org/files/downloads/results-reports/results/IBO2023.pdf,ibo_pdf;age_missing;project_na
IBO,2023,AUS-01 Angus Lachlan Kiang,,,,,Bronze,128,true,https://www.ibo-info.org/files/downloads/results-reports/results/IBO2023.pdf,ibo_pdf;age_missing;project_na
IBO,2023,IDN-02,,,,,Bronze,129,true,https://www.ibo-info.org/files/downloads/results-reports/results/IBO2023.pdf,ibo_pdf;age_missing;project_na
IBO,2023,FIN-01 Aaro Nikolai Oksanen,,,,,Bronze,130,true,https://www.ibo-info.org/files/downloads/results-reports/results/IBO2023.pdf,ibo_pdf;age_missing;project_na
IBO,2023,ITA-03 Francesco Pieracciani,,,,,Bronze,131,true,https://www.ibo-info.org/files/downloads/results-reports/results/IBO2023.pdf,ibo_pdf;age_missing;project_na
IBO,2023,EST-02 Emma Goos,,,,,Bronze,132,true,https://www.ibo-info.org/files/downloads/results-reports/results/IBO2023.pdf,ibo_pdf;age_missing;project_na
IBO,2023,SWE-03 Philipp León Rudolph,,,,,Bronze,133,true,https://www.ibo-info.org/files/downloads/results-reports/results/IBO2023.pdf,ibo_pdf;age_missing;project_na
IBO,2023,SYR-03 Kenan Hasan Alkanjo,,,,,Bronze,134,true,https://www.ibo-info.org/files/downloads/results-reports/results/IBO2023.pdf,ibo_pdf;age_missing;project_na
IBO,2023,ARE-04 Reem Rashid Alnaqbi,,,,,Bronze,135,true,https://www.ibo-info.org/files/downloads/results-reports/results/IBO2023.pdf,ibo_pdf;age_missing;project_na
IBO,2023,PAK-03 soban Safdar,,,,,Bronze,136,true,https://www.ibo-info.org/files/downloads/results-reports/results/IBO2023.pdf,ibo_pdf;age_missing;project_na
IBO,2023,CHE-01 Anthony Gillioz,,,,,Bronze,137,true,https://www.ibo-info.org/files/downloads/results-reports/results/IBO2023.pdf,ibo_pdf;age_missing;project_na
IBO,2023,NOR-04 Karoline Ravlo-Losvik,,,,,Bronze,138,true,https://www.ibo-info.org/files/downloads/results-reports/results/IBO2023.pdf,ibo_pdf;age_missing;project_na
IBO,2023,SAU-02 Almutair Nawaf Raed S,,,,,Bronze,139,true,https://www.ibo-info.org/files/downloads/results-reports/results/IBO2023.pdf,ibo_pdf;age_missing;project_na
IBO,2023,PRT-01,,,,,Bronze,140,true,https://www.ibo-info.org/files/downloads/results-reports/results/IBO2023.pdf,ibo_pdf;age_missing;project_na
IBO,2023,GRC-01 Aikaterini Karpouzi,,,,,Bronze,141,true,https://www.ibo-info.org/files/downloads/results-reports/results/IBO2023.pdf,ibo_pdf;age_missing;project_na
IBO,2023,LTU-04 Urtė Pangonytė,,,,,Bronze,142,true,https://www.ibo-info.org/files/downloads/results-reports/results/IBO2023.pdf,ibo_pdf;age_missing;project_na
IBO,2023,KAZ-04 Islam Amangeldi,,,,,Bronze,143,true,https://www.ibo-info.org/files/downloads/results-reports/results/IBO2023.pdf,ibo_pdf;age_missing;project_na
IBO,2023,SYR-04,,,,,Bronze,144,true,https://www.ibo-info.org/files/downloads/results-reports/results/IBO2023.pdf,ibo_pdf;age_missing;project_na
IBO,2023,SVN-01 Eliza Felc,,,,,Bronze,145,true,https://www.ibo-info.org/files/downloads/results-reports/results/IBO2023.pdf,ibo_pdf;age_missing;project_na
IBO,2023,DNK-01,,,,,Bronze,146,true,https://www.ibo-info.org/files/downloads/results-reports/results/IBO2023.pdf,ibo_pdf;age_missing;project_na
IBO,2023,CAN-01 Antian Jiang,,,,,Bronze,147,true,https://www.ibo-info.org/files/downloads/results-reports/results/IBO2023.pdf,ibo_pdf;age_missing;project_na
IBO,2023,FIN-04 Taavetti Juhani Ihantola,,,,,Bronze,148,true,https://www.ibo-info.org/files/downloads/results-reports/results/IBO2023.pdf,ibo_pdf;age_missing;project_na
IBO,2023,HRV-02 Mario Vrdoljak,,,,,Bronze,149,true,https://www.ibo-info.org/files/downloads/results-reports/results/IBO2023.pdf,ibo_pdf;age_missing;project_na
IBO,2023,NLD-03 Jochem Kistemaker,,,,,Bronze,150,true,https://www.ibo-info.org/files/downloads/results-reports/results/IBO2023.pdf,ibo_pdf;age_missing;project_na
IBO,2023,AZE-04 Zahrabayim Abdullayeva,,,,,Bronze,151,true,https://www.ibo-info.org/files/downloads/results-reports/results/IBO2023.pdf,ibo_pdf;age_missing;project_na
IBO,2023,GRC-02,,,,,Bronze,152,true,https://www.ibo-info.org/files/downloads/results-reports/results/IBO2023.pdf,ibo_pdf;age_missing;project_na
IBO,2023,SWE-01 Fredrik Olle Christensson,,,,,Bronze,153,true,https://www.ibo-info.org/files/downloads/results-reports/results/IBO2023.pdf,ibo_pdf;age_missing;project_na
IBO,2023,EST-04 Liisa Pata,,,,,Bronze,154,true,https://www.ibo-info.org/files/downloads/results-reports/results/IBO2023.pdf,ibo_pdf;age_missing;project_na
IBO,2023,BGD-02 Ahammad Naim,,,,,Bronze,155,true,https://www.ibo-info.org/files/downloads/results-reports/results/IBO2023.pdf,ibo_pdf;age_missing;project_na
IBO,2023,FIN-03,,,,,Bronze,156,true,https://www.ibo-info.org/files/downloads/results-reports/results/IBO2023.pdf,ibo_pdf;age_missing;project_na
IBO,2023,UZB-02,,,,,Bronze,157,true,https://www.ibo-info.org/files/downloads/results-reports/results/IBO2023.pdf,ibo_pdf;age_missing;project_na
IBO,2023,SAU-01 Alkhalifa Ali Mahmud A,,,,,Bronze,158,true,https://www.ibo-info.org/files/downloads/results-reports/results/IBO2023.pdf,ibo_pdf;age_missing;project_na
IBO,2023,DNK-04 Yuejun Yu,,,,,Bronze,159,true,https://www.ibo-info.org/files/downloads/results-reports/results/IBO2023.pdf,ibo_pdf;age_missing;project_na
IBO,2023,UZB-04 Muhammadibrohim,,,,,Bronze,160,true,https://www.ibo-info.org/files/downloads/results-reports/results/IBO2023.pdf,ibo_pdf;age_missing;project_na
IBO,2023,BGD-03 Fayez Ahmad,,,,,Bronze,161,true,https://www.ibo-info.org/files/downloads/results-reports/results/IBO2023.pdf,ibo_pdf;age_missing;project_na
IBO,2023,SVK-04 Zuzana Rybárová,,,,,Bronze,162,true,https://www.ibo-info.org/files/downloads/results-reports/results/IBO2023.pdf,ibo_pdf;age_missing;project_na
IBO,2023,QAT-03 Moomena Ahmed Gulzar,,,,,Bronze,163,true,https://www.ibo-info.org/files/downloads/results-reports/results/IBO2023.pdf,ibo_pdf;age_missing;project_na
IBO,2023,COL-03,,,,,Bronze,164,true,https://www.ibo-info.org/files/downloads/results-reports/results/IBO2023.pdf,ibo_pdf;age_missing;project_na
IBO,2023,LVA-01 Arnolds Pīrāgs,,,,,Bronze,165,true,https://www.ibo-info.org/files/downloads/results-reports/results/IBO2023.pdf,ibo_pdf;age_missing;project_na
IBO,2023,CZE-01 Anežka Zamouřilová,,,,,Bronze,166,true,https://www.ibo-info.org/files/downloads/results-reports/results/IBO2023.pdf,ibo_pdf;age_missing;project_na
IBO,2023,MNG-04 Turbat Namuun,,,,,Bronze,167,true,https://www.ibo-info.org/files/downloads/results-reports/results/IBO2023.pdf,ibo_pdf;age_missing;project_na
IBO,2023,NOR-03 Jaesung Shin,,,,,Bronze,168,true,https://www.ibo-info.org/files/downloads/results-reports/results/IBO2023.pdf,ibo_pdf;age_missing;project_na
IBO,2023,IRQ-01 Bakr Amjed Ramadhan,,,,,Bronze,169,true,https://www.ibo-info.org/files/downloads/results-reports/results/IBO2023.pdf,ibo_pdf;age_missing;project_na
IBO,2023,CHE-04 Nathan Tobias Böhler,,,,,Bronze,170,true,https://www.ibo-info.org/files/downloads/results-reports/results/IBO2023.pdf,ibo_pdf;age_missing;project_na
IBO,2023,ESP-01 Carlos Albuixech Bonet,,,,,Bronze,171,true,https://www.ibo-info.org/files/downloads/results-reports/results/IBO2023.pdf,ibo_pdf;age_missing;project_na
IBO,2023,FRA-03 Esteban Liegois,,,,,Bronze,172,true,https://www.ibo-info.org/files/downloads/results-reports/results/IBO2023.pdf,ibo_pdf;age_missing;project_na
IBO,2023,AZE-03 Nurlan Mammadov,,,,,Bronze,173,true,https://www.ibo-info.org/files/downloads/results-reports/results/IBO2023.pdf,ibo_pdf;age_missing;project_na
IBO,2023,GRC-04 Kalliopi Margoni,,,,,Bronze,174,true,https://www.ibo-info.org/files/downloads/results-reports/results/IBO2023.pdf,ibo_pdf;age_missing;project_na
IBO,2023,TKM-02 Mamanova Guljahan,,,,,Bronze,175,true,https://www.ibo-info.org/files/downloads/results-reports/results/IBO2023.pdf,ibo_pdf;age_missing;project_na
IBO,2023,KAZ-03 Galymzhan Baktybay,,,,,Bronze,176,true,https://www.ibo-info.org/files/downloads/results-reports/results/IBO2023.pdf,ibo_pdf;age_missing;project_na
IBO,2024,China Peiyu Wang,,,,,Gold,1,true,https://www.ibo-info.org/files/downloads/results-reports/results/IBO2024%20results%20-%20amended%20version%20January%202025.pdf,ibo_pdf;age_missing;project_na
IBO,2024,China Pengbo Li,,,,,Gold,2,true,https://www.ibo-info.org/files/downloads/results-reports/results/IBO2024%20results%20-%20amended%20version%20January%202025.pdf,ibo_pdf;age_missing;project_na
IBO,2024,Jason Wang,,,,,Gold,3,true,https://www.ibo-info.org/files/downloads/results-reports/results/IBO2024%20results%20-%20amended%20version%20January%202025.pdf,ibo_pdf;age_missing;project_na
IBO,2024,Suzuko Ohshima,,,,,Gold,4,true,https://www.ibo-info.org/files/downloads/results-reports/results/IBO2024%20results%20-%20amended%20version%20January%202025.pdf,ibo_pdf;age_missing;project_na
IBO,2024,China Simo Yu,,,,,Gold,5,true,https://www.ibo-info.org/files/downloads/results-reports/results/IBO2024%20results%20-%20amended%20version%20January%202025.pdf,ibo_pdf;age_missing;project_na
IBO,2024,Bill Sun,,,,,Gold,6,true,https://www.ibo-info.org/files/downloads/results-reports/results/IBO2024%20results%20-%20amended%20version%20January%202025.pdf,ibo_pdf;age_missing;project_na
IBO,2024,China Guoxuan Shui,,,,,Gold,7,true,https://www.ibo-info.org/files/downloads/results-reports/results/IBO2024%20results%20-%20amended%20version%20January%202025.pdf,ibo_pdf;age_missing;project_na
IBO,2024,Frederick Song,,,,,Gold,8,true,https://www.ibo-info.org/files/downloads/results-reports/results/IBO2024%20results%20-%20amended%20version%20January%202025.pdf,ibo_pdf;age_missing;project_na
IBO,2024,Vitalii Gagarochkin,,,,,Gold,9,true,https://www.ibo-info.org/files/downloads/results-reports/results/IBO2024%20results%20-%20amended%20version%20January%202025.pdf,ibo_pdf;age_missing;project_na
IBO,2024,Bulgaria Victor Lilov,,,,,Gold,10,true,https://www.ibo-info.org/files/downloads/results-reports/results/IBO2024%20results%20-%20amended%20version%20January%202025.pdf,ibo_pdf;age_missing;project_na
IBO,2024,Chinese Taipei Wei-Le Lin,,,,,Gold,11,true,https://www.ibo-info.org/files/downloads/results-reports/results/IBO2024%20results%20-%20amended%20version%20January%202025.pdf,ibo_pdf;age_missing;project_na
IBO,2024,Chinese Taipei Jyue-Shi Yang,,,,,Gold,12,true,https://www.ibo-info.org/files/downloads/results-reports/results/IBO2024%20results%20-%20amended%20version%20January%202025.pdf,ibo_pdf;age_missing;project_na
IBO,2024,Singapore Jared Sheng Zuo Ng,,,,,Gold,13,true,https://www.ibo-info.org/files/downloads/results-reports/results/IBO2024%20results%20-%20amended%20version%20January%202025.pdf,ibo_pdf;age_missing;project_na
IBO,2024,Thailand Krit Chotiwannaporn,,,,,Gold,14,true,https://www.ibo-info.org/files/downloads/results-reports/results/IBO2024%20results%20-%20amended%20version%20January%202025.pdf,ibo_pdf;age_missing;project_na
IBO,2024,Hong Kong Sze Man Hui,,,,,Gold,15,true,https://www.ibo-info.org/files/downloads/results-reports/results/IBO2024%20results%20-%20amended%20version%20January%202025.pdf,ibo_pdf;age_missing;project_na
IBO,2024,Chinese Taipei Hao-Hsun Lee,,,,,Gold,16,true,https://www.ibo-info.org/files/downloads/results-reports/results/IBO2024%20results%20-%20amended%20version%20January%202025.pdf,ibo_pdf;age_missing;project_na
IBO,2024,Vietnam Dang Tuan Anh,,,,,Gold,17,true,https://www.ibo-info.org/files/downloads/results-reports/results/IBO2024%20results%20-%20amended%20version%20January%202025.pdf,ibo_pdf;age_missing;project_na
IBO,2024,South Korea Mugyeom Cha,,,,,Gold,18,true,https://www.ibo-info.org/files/downloads/results-reports/results/IBO2024%20results%20-%20amended%20version%20January%202025.pdf,ibo_pdf;age_missing;project_na
IBO,2024,Hong Kong Yixuan Zhang,,,,,Gold,19,true,https://www.ibo-info.org/files/downloads/results-reports/results/IBO2024%20results%20-%20amended%20version%20January%202025.pdf,ibo_pdf;age_missing;project_na
IBO,2024,Chinese Taipei Shao-Chi Tsai,,,,,Gold,20,true,https://www.ibo-info.org/files/downloads/results-reports/results/IBO2024%20results%20-%20amended%20version%20January%202025.pdf,ibo_pdf;age_missing;project_na
IBO,2024,Türkiye Yusuf Arda Vardar,,,,,Gold,21,true,https://www.ibo-info.org/files/downloads/results-reports/results/IBO2024%20results%20-%20amended%20version%20January%202025.pdf,ibo_pdf;age_missing;project_na
IBO,2024,Iran Pooria Noori Niaraki,,,,,Gold,22,true,https://www.ibo-info.org/files/downloads/results-reports/results/IBO2024%20results%20-%20amended%20version%20January%202025.pdf,ibo_pdf;age_missing;project_na
IBO,2024,South Korea Jinju Seok,,,,,Gold,23,true,https://www.ibo-info.org/files/downloads/results-reports/results/IBO2024%20results%20-%20amended%20version%20January%202025.pdf,ibo_pdf;age_missing;project_na
IBO,2024,Vsevolod Maslenikov,,,,,Gold,24,true,https://www.ibo-info.org/files/downloads/results-reports/results/IBO2024%20results%20-%20amended%20version%20January%202025.pdf,ibo_pdf;age_missing;project_na
IBO,2024,Iran Arash Samadi,,,,,Gold,25,true,https://www.ibo-info.org/files/downloads/results-reports/results/IBO2024%20results%20-%20amended%20version%20January%202025.pdf,ibo_pdf;age_missing;project_na
IBO,2024,Vietnam Nguyen Tien Loc,,,,,Gold,26,true,https://www.ibo-info.org/files/downloads/results-reports/results/IBO2024%20results%20-%20amended%20version%20January%202025.pdf,ibo_pdf;age_missing;project_na
IBO,2024,Vietnam Nguyen Si Hieu,,,,,Gold,27,true,https://www.ibo-info.org/files/downloads/results-reports/results/IBO2024%20results%20-%20amended%20version%20January%202025.pdf,ibo_pdf;age_missing;project_na
IBO,2024,Australia Kathryn Petersen,,,,,Gold,28,true,https://www.ibo-info.org/files/downloads/results-reports/results/IBO2024%20results%20-%20amended%20version%20January%202025.pdf,ibo_pdf;age_missing;project_na
IBO,2024,Singapore Anselmo Klement Chua,,,,,Gold,29,true,https://www.ibo-info.org/files/downloads/results-reports/results/IBO2024%20results%20-%20amended%20version%20January%202025.pdf,ibo_pdf;age_missing;project_na
IBO,2024,India Vedant Sakre,,,,,Gold,30,true,https://www.ibo-info.org/files/downloads/results-reports/results/IBO2024%20results%20-%20amended%20version%20January%202025.pdf,ibo_pdf;age_missing;project_na
IBO,2024,Iran Sepehr Chachi,,,,,Gold,31,true,https://www.ibo-info.org/files/downloads/results-reports/results/IBO2024%20results%20-%20amended%20version%20January%202025.pdf,ibo_pdf;age_missing;project_na
IBO,2024,Japan Taisei Sakurai,,,,,Silver,32,true,https://www.ibo-info.org/files/downloads/results-reports/results/IBO2024%20results%20-%20amended%20version%20January%202025.pdf,ibo_pdf;age_missing;project_na
IBO,2024,Poland Michał Kuźmiński,,,,,Silver,33,true,https://www.ibo-info.org/files/downloads/results-reports/results/IBO2024%20results%20-%20amended%20version%20January%202025.pdf,ibo_pdf;age_missing;project_na
IBO,2024,South Korea Minchan Kwon,,,,,Silver,34,true,https://www.ibo-info.org/files/downloads/results-reports/results/IBO2024%20results%20-%20amended%20version%20January%202025.pdf,ibo_pdf;age_missing;project_na
IBO,2024,Singapore Zi Xuan Ng,,,,,Silver,35,true,https://www.ibo-info.org/files/downloads/results-reports/results/IBO2024%20results%20-%20amended%20version%20January%202025.pdf,ibo_pdf;age_missing;project_na
IBO,2024,Vietnam Ho Duc Trung,,,,,Silver,36,true,https://www.ibo-info.org/files/downloads/results-reports/results/IBO2024%20results%20-%20amended%20version%20January%202025.pdf,ibo_pdf;age_missing;project_na
IBO,2024,Moldova Constantin Babuc,,,,,Silver,37,true,https://www.ibo-info.org/files/downloads/results-reports/results/IBO2024%20results%20-%20amended%20version%20January%202025.pdf,ibo_pdf;age_missing;project_na
IBO,2024,South Korea Mideum Shin,,,,,Silver,38,true,https://www.ibo-info.org/files/downloads/results-reports/results/IBO2024%20results%20-%20amended%20version%20January%202025.pdf,ibo_pdf;age_missing;project_na
IBO,2024,Netherlands Allie Zong,,,,,Silver,39,true,https://www.ibo-info.org/files/downloads/results-reports/results/IBO2024%20results%20-%20amended%20version%20January%202025.pdf,ibo_pdf;age_missing;project_na
IBO,2024,Thailand Suppakorn Lengwehasatit,,,,,Silver,40,true,https://www.ibo-info.org/files/downloads/results-reports/results/IBO2024%20results%20-%20amended%20version%20January%202025.pdf,ibo_pdf;age_missing;project_na
IBO,2024,Mariia Iaryshkina,,,,,Silver,41,true,https://www.ibo-info.org/files/downloads/results-reports/results/IBO2024%20results%20-%20amended%20version%20January%202025.pdf,ibo_pdf;age_missing;project_na
IBO,2024,Singapore Xiao Wei Quah,,,,,Silver,42,true,https://www.ibo-info.org/files/downloads/results-reports/results/IBO2024%20results%20-%20amended%20version%20January%202025.pdf,ibo_pdf;age_missing;project_na
IBO,2024,Australia Joel Cheok,,,,,Silver,43,true,https://www.ibo-info.org/files/downloads/results-reports/results/IBO2024%20results%20-%20amended%20version%20January%202025.pdf,ibo_pdf;age_missing;project_na
IBO,2024,United Kingdom Emily Wong,,,,,Silver,44,true,https://www.ibo-info.org/files/downloads/results-reports/results/IBO2024%20results%20-%20amended%20version%20January%202025.pdf,ibo_pdf;age_missing;project_na
IBO,2024,Poland Geyderowicz Olaf,,,,,Silver,45,true,https://www.ibo-info.org/files/downloads/results-reports/results/IBO2024%20results%20-%20amended%20version%20January%202025.pdf,ibo_pdf;age_missing;project_na
IBO,2024,India Ishan Pednekar,,,,,Silver,46,true,https://www.ibo-info.org/files/downloads/results-reports/results/IBO2024%20results%20-%20amended%20version%20January%202025.pdf,ibo_pdf;age_missing;project_na
IBO,2024,India Shrijith Sivakumar,,,,,Silver,47,true,https://www.ibo-info.org/files/downloads/results-reports/results/IBO2024%20results%20-%20amended%20version%20January%202025.pdf,ibo_pdf;age_missing;project_na
IBO,2024,Saudi Arabia Raed Tulbah,,,,,Silver,48,true,https://www.ibo-info.org/files/downloads/results-reports/results/IBO2024%20results%20-%20amended%20version%20January%202025.pdf,ibo_pdf;age_missing;project_na
IBO,2024,India Yashashwi Kumar,,,,,Silver,49,true,https://www.ibo-info.org/files/downloads/results-reports/results/IBO2024%20results%20-%20amended%20version%20January%202025.pdf,ibo_pdf;age_missing;project_na
IBO,2024,Canada Lukas Li,,,,,Silver,50,true,https://www.ibo-info.org/files/downloads/results-reports/results/IBO2024%20results%20-%20amended%20version%20January%202025.pdf,ibo_pdf;age_missing;project_na
IBO,2024,Canada Andy Shi,,,,,Silver,51,true,https://www.ibo-info.org/files/downloads/results-reports/results/IBO2024%20results%20-%20amended%20version%20January%202025.pdf,ibo_pdf;age_missing;project_na
IBO,2024,Indonesia Aaron Christian Endrij,,,,,Silver,52,true,https://www.ibo-info.org/files/downloads/results-reports/results/IBO2024%20results%20-%20amended%20version%20January%202025.pdf,ibo_pdf;age_missing;project_na
IBO,2024,Japan Yukino Hiyoshi,,,,,Silver,53,true,https://www.ibo-info.org/files/downloads/results-reports/results/IBO2024%20results%20-%20amended%20version%20January%202025.pdf,ibo_pdf;age_missing;project_na
IBO,2024,Türkiye Ahmet Emir Şaşmazlar,,,,,Silver,54,true,https://www.ibo-info.org/files/downloads/results-reports/results/IBO2024%20results%20-%20amended%20version%20January%202025.pdf,ibo_pdf;age_missing;project_na
IBO,2024,Lithuania Justas Miliauskas,,,,,Silver,55,true,https://www.ibo-info.org/files/downloads/results-reports/results/IBO2024%20results%20-%20amended%20version%20January%202025.pdf,ibo_pdf;age_missing;project_na
IBO,2024,Israel Shalev Wachsman,,,,,Silver,56,true,https://www.ibo-info.org/files/downloads/results-reports/results/IBO2024%20results%20-%20amended%20version%20January%202025.pdf,ibo_pdf;age_missing;project_na
IBO,2024,Japan Daiki Matsui,,,,,Silver,57,true,https://www.ibo-info.org/files/downloads/results-reports/results/IBO2024%20results%20-%20amended%20version%20January%202025.pdf,ibo_pdf;age_missing;project_na
IBO,2024,Iran Mohammadreza Yazdkhasti,,,,,Silver,58,true,https://www.ibo-info.org/files/downloads/results-reports/results/IBO2024%20results%20-%20amended%20version%20January%202025.pdf,ibo_pdf;age_missing;project_na
IBO,2024,Slovakia Zuzana Rybárová,,,,,Silver,59,true,https://www.ibo-info.org/files/downloads/results-reports/results/IBO2024%20results%20-%20amended%20version%20January%202025.pdf,ibo_pdf;age_missing;project_na
IBO,2024,Hungary Illes Csonka,,,,,Silver,60,true,https://www.ibo-info.org/files/downloads/results-reports/results/IBO2024%20results%20-%20amended%20version%20January%202025.pdf,ibo_pdf;age_missing;project_na
IBO,2024,Italy Nicola Costantino,,,,,Silver,61,true,https://www.ibo-info.org/files/downloads/results-reports/results/IBO2024%20results%20-%20amended%20version%20January%202025.pdf,ibo_pdf;age_missing;project_na
IBO,2024,New Zealand Jifei Shao,,,,,Silver,62,true,https://www.ibo-info.org/files/downloads/results-reports/results/IBO2024%20results%20-%20amended%20version%20January%202025.pdf,ibo_pdf;age_missing;project_na
IBO,2024,Latvia Elza Strumpe,,,,,Silver,63,true,https://www.ibo-info.org/files/downloads/results-reports/results/IBO2024%20results%20-%20amended%20version%20January%202025.pdf,ibo_pdf;age_missing;project_na
IBO,2024,Syria Kenan Alkanjo,,,,,Silver,64,true,https://www.ibo-info.org/files/downloads/results-reports/results/IBO2024%20results%20-%20amended%20version%20January%202025.pdf,ibo_pdf;age_missing;project_na
IBO,2024,Brazil,,,,,Silver,65,true,https://www.ibo-info.org/files/downloads/results-reports/results/IBO2024%20results%20-%20amended%20version%20January%202025.pdf,ibo_pdf;age_missing;project_na
IBO,2024,Türkiye Erdem Yamalıoğlu,,,,,Silver,66,true,https://www.ibo-info.org/files/downloads/results-reports/results/IBO2024%20results%20-%20amended%20version%20January%202025.pdf,ibo_pdf;age_missing;project_na
IBO,2024,Netherlands Demian Brantjes,,,,,Silver,67,true,https://www.ibo-info.org/files/downloads/results-reports/results/IBO2024%20results%20-%20amended%20version%20January%202025.pdf,ibo_pdf;age_missing;project_na
IBO,2024,Japan Shumpei Nagata,,,,,Silver,68,true,https://www.ibo-info.org/files/downloads/results-reports/results/IBO2024%20results%20-%20amended%20version%20January%202025.pdf,ibo_pdf;age_missing;project_na
IBO,2024,Thailand Saran Yuruamjai,,,,,Silver,69,true,https://www.ibo-info.org/files/downloads/results-reports/results/IBO2024%20results%20-%20amended%20version%20January%202025.pdf,ibo_pdf;age_missing;project_na
IBO,2024,United Kingdom Poppy Pendergast,,,,,Silver,70,true,https://www.ibo-info.org/files/downloads/results-reports/results/IBO2024%20results%20-%20amended%20version%20January%202025.pdf,ibo_pdf;age_missing;project_na
IBO,2024,Slovenia Matej Nastran,,,,,Silver,71,true,https://www.ibo-info.org/files/downloads/results-reports/results/IBO2024%20results%20-%20amended%20version%20January%202025.pdf,ibo_pdf;age_missing;project_na
IBO,2024,Boris Mikhailov,,,,,Silver,72,true,https://www.ibo-info.org/files/downloads/results-reports/results/IBO2024%20results%20-%20amended%20version%20January%202025.pdf,ibo_pdf;age_missing;project_na
IBO,2024,Germany Elias Fischer,,,,,Silver,73,true,https://www.ibo-info.org/files/downloads/results-reports/results/IBO2024%20results%20-%20amended%20version%20January%202025.pdf,ibo_pdf;age_missing;project_na
IBO,2024,Indonesia Keisha Rochelline Simorangkir,,,,,Silver,74,true,https://www.ibo-info.org/files/downloads/results-reports/results/IBO2024%20results%20-%20amended%20version%20January%202025.pdf,ibo_pdf;age_missing;project_na
IBO,2024,Israel Amit Gasul,,,,,Silver,75,true,https://www.ibo-info.org/files/downloads/results-reports/results/IBO2024%20results%20-%20amended%20version%20January%202025.pdf,ibo_pdf;age_missing;project_na
IBO,2024,Netherlands Casper Heimel,,,,,Silver,76,true,https://www.ibo-info.org/files/downloads/results-reports/results/IBO2024%20results%20-%20amended%20version%20January%202025.pdf,ibo_pdf;age_missing;project_na
IBO,2024,Türkiye Kerem Aydın,,,,,Silver,77,true,https://www.ibo-info.org/files/downloads/results-reports/results/IBO2024%20results%20-%20amended%20version%20January%202025.pdf,ibo_pdf;age_missing;project_na
IBO,2024,Slovenia Miha Ferlinc,,,,,Silver,78,true,https://www.ibo-info.org/files/downloads/results-reports/results/IBO2024%20results%20-%20amended%20version%20January%202025.pdf,ibo_pdf;age_missing;project_na
IBO,2024,Latvia Karlis Driba,,,,,Silver,79,true,https://www.ibo-info.org/files/downloads/results-reports/results/IBO2024%20results%20-%20amended%20version%20January%202025.pdf,ibo_pdf;age_missing;project_na
IBO,2024,Switzerland Nayin Bao,,,,,Silver,80,true,https://www.ibo-info.org/files/downloads/results-reports/results/IBO2024%20results%20-%20amended%20version%20January%202025.pdf,ibo_pdf;age_missing;project_na
IBO,2024,Indonesia Erlangga Dief Putra Hamam,,,,,Silver,81,true,https://www.ibo-info.org/files/downloads/results-reports/results/IBO2024%20results%20-%20amended%20version%20January%202025.pdf,ibo_pdf;age_missing;project_na
IBO,2024,Bulgaria Momchil Petkov,,,,,Silver,82,true,https://www.ibo-info.org/files/downloads/results-reports/results/IBO2024%20results%20-%20amended%20version%20January%202025.pdf,ibo_pdf;age_missing;project_na
IBO,2024,Brazil Iara Vieira Vitarelli,,,,,Silver,83,true,https://www.ibo-info.org/files/downloads/results-reports/results/IBO2024%20results%20-%20amended%20version%20January%202025.pdf,ibo_pdf;age_missing;project_na
IBO,2024,Czech Republic Adrian Svoboda,,,,,Silver,84,true,https://www.ibo-info.org/files/downloads/results-reports/results/IBO2024%20results%20-%20amended%20version%20January%202025.pdf,ibo_pdf;age_missing;project_na
IBO,2024,United Kingdom Joaquin Anjarwalla,,,,,Silver,85,true,https://www.ibo-info.org/files/downloads/results-reports/results/IBO2024%20results%20-%20amended%20version%20January%202025.pdf,ibo_pdf;age_missing;project_na
IBO,2024,Switzerland Nico Amstutz,,,,,Silver,86,true,https://www.ibo-info.org/files/downloads/results-reports/results/IBO2024%20results%20-%20amended%20version%20January%202025.pdf,ibo_pdf;age_missing;project_na
IBO,2024,Hungary Boldizsar Bosze,,,,,Silver,87,true,https://www.ibo-info.org/files/downloads/results-reports/results/IBO2024%20results%20-%20amended%20version%20January%202025.pdf,ibo_pdf;age_missing;project_na
IBO,2024,New Zealand Anika Hayes,,,,,Silver,88,true,https://www.ibo-info.org/files/downloads/results-reports/results/IBO2024%20results%20-%20amended%20version%20January%202025.pdf,ibo_pdf;age_missing;project_na
IBO,2024,Lithuania Artūras Makselis,,,,,Bronze,89,true,https://www.ibo-info.org/files/downloads/results-reports/results/IBO2024%20results%20-%20amended%20version%20January%202025.pdf,ibo_pdf;age_missing;project_na
IBO,2024,Kazakhstan Baktybai Galymzhan,,,,,Bronze,90,true,https://www.ibo-info.org/files/downloads/results-reports/results/IBO2024%20results%20-%20amended%20version%20January%202025.pdf,ibo_pdf;age_missing;project_na
IBO,2024,Poland Marta Koźmińczuk,,,,,Bronze,91,true,https://www.ibo-info.org/files/downloads/results-reports/results/IBO2024%20results%20-%20amended%20version%20January%202025.pdf,ibo_pdf;age_missing;project_na
IBO,2024,Moldova Bianca-Sofia Leahu,,,,,Bronze,92,true,https://www.ibo-info.org/files/downloads/results-reports/results/IBO2024%20results%20-%20amended%20version%20January%202025.pdf,ibo_pdf;age_missing;project_na
IBO,2024,Luxemburg Massimo Comparetto,,,,,Bronze,93,true,https://www.ibo-info.org/files/downloads/results-reports/results/IBO2024%20results%20-%20amended%20version%20January%202025.pdf,ibo_pdf;age_missing;project_na
IBO,2024,Israel Sagie Axelrad,,,,,Bronze,94,true,https://www.ibo-info.org/files/downloads/results-reports/results/IBO2024%20results%20-%20amended%20version%20January%202025.pdf,ibo_pdf;age_missing;project_na
IBO,2024,Italy Francesco Zucca,,,,,Bronze,95,true,https://www.ibo-info.org/files/downloads/results-reports/results/IBO2024%20results%20-%20amended%20version%20January%202025.pdf,ibo_pdf;age_missing;project_na
IBO,2024,Hong Kong Pui Yan Sham,,,,,Bronze,96,true,https://www.ibo-info.org/files/downloads/results-reports/results/IBO2024%20results%20-%20amended%20version%20January%202025.pdf,ibo_pdf;age_missing;project_na
IBO,2024,Kazakhstan Dias Suleimenov,,,,,Bronze,97,true,https://www.ibo-info.org/files/downloads/results-reports/results/IBO2024%20results%20-%20amended%20version%20January%202025.pdf,ibo_pdf;age_missing;project_na
IBO,2024,Switzerland Raphael Burgener,,,,,Bronze,98,true,https://www.ibo-info.org/files/downloads/results-reports/results/IBO2024%20results%20-%20amended%20version%20January%202025.pdf,ibo_pdf;age_missing;project_na
IBO,2024,Finland Aaro Oksanen,,,,,Bronze,99,true,https://www.ibo-info.org/files/downloads/results-reports/results/IBO2024%20results%20-%20amended%20version%20January%202025.pdf,ibo_pdf;age_missing;project_na
IBO,2024,Artsiom Sialiava,,,,,Bronze,128,true,https://www.ibo-info.org/files/downloads/results-reports/results/IBO2024%20results%20-%20amended%20version%20January%202025.pdf,ibo_pdf;age_missing;project_na
IBO,2024,Valeryia Katovich,,,,,Bronze,169,true,https://www.ibo-info.org/files/downloads/results-reports/results/IBO2024%20results%20-%20amended%20version%20January%202025.pdf,ibo_pdf;age_missing;project_na
IBO,2025,Tianran Ma,,,CHINA,,Gold,1,true,https://www.ibo-info.org/files/downloads/results-reports/results/IBO2025%20Ranking.pdf,ibo_pdf;age_missing;project_na
IBO,2025,Keyu Su,,,CHINA,,Gold,2,true,https://www.ibo-info.org/files/downloads/results-reports/results/IBO2025%20Ranking.pdf,ibo_pdf;age_missing;project_na
IBO,2025,Zhiyuan Wu,,,CHINA,,Gold,3,true,https://www.ibo-info.org/files/downloads/results-reports/results/IBO2025%20Ranking.pdf,ibo_pdf;age_missing;project_na
IBO,2025,Nicholas Eng Siong Ng,,,SINGAPORE,,Gold,4,true,https://www.ibo-info.org/files/downloads/results-reports/results/IBO2025%20Ranking.pdf,ibo_pdf;age_missing;project_na
IBO,2025,Mun Yew Mak,,,SINGAPORE,,Gold,5,true,https://www.ibo-info.org/files/downloads/results-reports/results/IBO2025%20Ranking.pdf,ibo_pdf;age_missing;project_na
IBO,2025,Yukun Lin,,,CHINA,,Gold,6,true,https://www.ibo-info.org/files/downloads/results-reports/results/IBO2025%20Ranking.pdf,ibo_pdf;age_missing;project_na
IBO,2025,Kian Dhawan,,,USA,,Gold,7,true,https://www.ibo-info.org/files/downloads/results-reports/results/IBO2025%20Ranking.pdf,ibo_pdf;age_missing;project_na
IBO,2025,Lương Thái Duy Nguyễn,,,VIETNAM,,Gold,8,true,https://www.ibo-info.org/files/downloads/results-reports/results/IBO2025%20Ranking.pdf,ibo_pdf;age_missing;project_na
IBO,2025,IOD2 Makar Roshchin,,,,,Gold,9,true,https://www.ibo-info.org/files/downloads/results-reports/results/IBO2025%20Ranking.pdf,ibo_pdf;age_missing;project_na
IBO,2025,Rudra Pethani,,,INDIA,,Gold,10,true,https://www.ibo-info.org/files/downloads/results-reports/results/IBO2025%20Ranking.pdf,ibo_pdf;age_missing;project_na
IBO,2025,Hengzhou Li,,,USA,,Gold,11,true,https://www.ibo-info.org/files/downloads/results-reports/results/IBO2025%20Ranking.pdf,ibo_pdf;age_missing;project_na
IBO,2025,TAIPEI Tsun-Wing Chan,,,CHINESE,,Gold,12,true,https://www.ibo-info.org/files/downloads/results-reports/results/IBO2025%20Ranking.pdf,ibo_pdf;age_missing;project_na
IBO,2025,Ali-Akbar Nourollahi,,,IRAN,,Gold,13,true,https://www.ibo-info.org/files/downloads/results-reports/results/IBO2025%20Ranking.pdf,ibo_pdf;age_missing;project_na
IBO,2025,Yunxi Wang,,,SINGAPORE,,Gold,14,true,https://www.ibo-info.org/files/downloads/results-reports/results/IBO2025%20Ranking.pdf,ibo_pdf;age_missing;project_na
IBO,2025,KOREA Yeongmin An,,,SOUTH,,Gold,15,true,https://www.ibo-info.org/files/downloads/results-reports/results/IBO2025%20Ranking.pdf,ibo_pdf;age_missing;project_na
IBO,2025,Franziska Maier,,,GERMANY,,Gold,16,true,https://www.ibo-info.org/files/downloads/results-reports/results/IBO2025%20Ranking.pdf,ibo_pdf;age_missing;project_na
IBO,2025,Raghav Kumar,,,SINGAPORE,,Gold,17,true,https://www.ibo-info.org/files/downloads/results-reports/results/IBO2025%20Ranking.pdf,ibo_pdf;age_missing;project_na
IBO,2025,Abdul Rafay Paracha,,,PAKISTAN,,Gold,18,true,https://www.ibo-info.org/files/downloads/results-reports/results/IBO2025%20Ranking.pdf,ibo_pdf;age_missing;project_na
IBO,2025,Sagie Axelrad,,,ISRAEL,,Gold,19,true,https://www.ibo-info.org/files/downloads/results-reports/results/IBO2025%20Ranking.pdf,ibo_pdf;age_missing;project_na
IBO,2025,Cloris Fu Shi,,,USA,,Gold,20,true,https://www.ibo-info.org/files/downloads/results-reports/results/IBO2025%20Ranking.pdf,ibo_pdf;age_missing;project_na
IBO,2025,Siavash Pezeshpour,,,IRAN,,Gold,21,true,https://www.ibo-info.org/files/downloads/results-reports/results/IBO2025%20Ranking.pdf,ibo_pdf;age_missing;project_na
IBO,2025,Ali Soleimanzadeh Kalahroudi,,,IRAN,,Gold,22,true,https://www.ibo-info.org/files/downloads/results-reports/results/IBO2025%20Ranking.pdf,ibo_pdf;age_missing;project_na
IBO,2025,Michał Kuźmiński,,,POLAND,,Gold,23,true,https://www.ibo-info.org/files/downloads/results-reports/results/IBO2025%20Ranking.pdf,ibo_pdf;age_missing;project_na
IBO,2025,Chayachon Jiemwetwittayaporn,,,THAILAND,,Gold,24,true,https://www.ibo-info.org/files/downloads/results-reports/results/IBO2025%20Ranking.pdf,ibo_pdf;age_missing;project_na
IBO,2025,Yusuf Arda Vardar,,,TÜRKIYE,,Gold,25,true,https://www.ibo-info.org/files/downloads/results-reports/results/IBO2025%20Ranking.pdf,ibo_pdf;age_missing;project_na
IBO,2025,Vedant Sakre,,,INDIA,,Gold,26,true,https://www.ibo-info.org/files/downloads/results-reports/results/IBO2025%20Ranking.pdf,ibo_pdf;age_missing;project_na
IBO,2025,Matthew Wu,,,AUSTRALIA,,Gold,27,true,https://www.ibo-info.org/files/downloads/results-reports/results/IBO2025%20Ranking.pdf,ibo_pdf;age_missing;project_na
IBO,2025,Tatev Simonyan,,,ARMENIA,,Gold,28,true,https://www.ibo-info.org/files/downloads/results-reports/results/IBO2025%20Ranking.pdf,ibo_pdf;age_missing;project_na
IBO,2025,IOD2 Vera Krasnoperova,,,,,Gold,29,true,https://www.ibo-info.org/files/downloads/results-reports/results/IBO2025%20Ranking.pdf,ibo_pdf;age_missing;project_na
IBO,2025,Mehmet Nadir Berberoğlu,,,TÜRKIYE,,Gold,30,true,https://www.ibo-info.org/files/downloads/results-reports/results/IBO2025%20Ranking.pdf,ibo_pdf;age_missing;project_na
IBO,2025,Miha Ferlinc,,,SLOVENIA,,Silver,31,true,https://www.ibo-info.org/files/downloads/results-reports/results/IBO2025%20Ranking.pdf,ibo_pdf;age_missing;project_na
IBO,2025,Bhavyaa Gunwal,,,INDIA,,Silver,32,true,https://www.ibo-info.org/files/downloads/results-reports/results/IBO2025%20Ranking.pdf,ibo_pdf;age_missing;project_na
IBO,2025,KOREA Seongjun Park,,,SOUTH,,Silver,33,true,https://www.ibo-info.org/files/downloads/results-reports/results/IBO2025%20Ranking.pdf,ibo_pdf;age_missing;project_na
IBO,2025,Tomasz Wojciech Kasprzyk,,,POLAND,,Silver,34,true,https://www.ibo-info.org/files/downloads/results-reports/results/IBO2025%20Ranking.pdf,ibo_pdf;age_missing;project_na
IBO,2025,REPUBLIC Jan Beranek,,,CZECH,,Silver,35,true,https://www.ibo-info.org/files/downloads/results-reports/results/IBO2025%20Ranking.pdf,ibo_pdf;age_missing;project_na
IBO,2025,TAIPEI Po-Chen Lin,,,CHINESE,,Silver,36,true,https://www.ibo-info.org/files/downloads/results-reports/results/IBO2025%20Ranking.pdf,ibo_pdf;age_missing;project_na
IBO,2025,Nguyễn Hũu Thành,,,VIETNAM,,Silver,37,true,https://www.ibo-info.org/files/downloads/results-reports/results/IBO2025%20Ranking.pdf,ibo_pdf;age_missing;project_na
IBO,2025,Çağan Gürel,,,TÜRKIYE,,Silver,38,true,https://www.ibo-info.org/files/downloads/results-reports/results/IBO2025%20Ranking.pdf,ibo_pdf;age_missing;project_na
IBO,2025,KOREA Hyunwoong Kim,,,SOUTH,,Silver,39,true,https://www.ibo-info.org/files/downloads/results-reports/results/IBO2025%20Ranking.pdf,ibo_pdf;age_missing;project_na
IBO,2025,KINGDOM Aryan Chandel,,,UNITED,,Silver,40,true,https://www.ibo-info.org/files/downloads/results-reports/results/IBO2025%20Ranking.pdf,ibo_pdf;age_missing;project_na
IBO,2025,Kaho Takayama,,,JAPAN,,Silver,41,true,https://www.ibo-info.org/files/downloads/results-reports/results/IBO2025%20Ranking.pdf,ibo_pdf;age_missing;project_na
IBO,2025,TAIPEI Tzu-Chin Hung,,,CHINESE,,Silver,42,true,https://www.ibo-info.org/files/downloads/results-reports/results/IBO2025%20Ranking.pdf,ibo_pdf;age_missing;project_na
IBO,2025,Hoàng Ðại Dương Bùi,,,VIETNAM,,Silver,43,true,https://www.ibo-info.org/files/downloads/results-reports/results/IBO2025%20Ranking.pdf,ibo_pdf;age_missing;project_na
IBO,2025,Ruben Winter,,,NETHERLANDS,,Silver,44,true,https://www.ibo-info.org/files/downloads/results-reports/results/IBO2025%20Ranking.pdf,ibo_pdf;age_missing;project_na
IBO,2025,Eric King Liu,,,USA,,Silver,45,true,https://www.ibo-info.org/files/downloads/results-reports/results/IBO2025%20Ranking.pdf,ibo_pdf;age_missing;project_na
IBO,2025,Subhrojit Paul,,,INDIA,,Silver,46,true,https://www.ibo-info.org/files/downloads/results-reports/results/IBO2025%20Ranking.pdf,ibo_pdf;age_missing;project_na
IBO,2025,Radin Bayani,,,IRAN,,Silver,47,true,https://www.ibo-info.org/files/downloads/results-reports/results/IBO2025%20Ranking.pdf,ibo_pdf;age_missing;project_na
IBO,2025,TAIPEI Che-Yu Kuo,,,CHINESE,,Silver,48,true,https://www.ibo-info.org/files/downloads/results-reports/results/IBO2025%20Ranking.pdf,ibo_pdf;age_missing;project_na
IBO,2025,KINGDOM Ching Yin Joseph Wong,,,UNITED,,Silver,49,true,https://www.ibo-info.org/files/downloads/results-reports/results/IBO2025%20Ranking.pdf,ibo_pdf;age_missing;project_na
IBO,2025,Justas Miliauskas,,,LITHUANIA,,Silver,50,true,https://www.ibo-info.org/files/downloads/results-reports/results/IBO2025%20Ranking.pdf,ibo_pdf;age_missing;project_na
IBO,2025,Liga Blumfelde,,,LATVIA,,Silver,51,true,https://www.ibo-info.org/files/downloads/results-reports/results/IBO2025%20Ranking.pdf,ibo_pdf;age_missing;project_na
IBO,2025,Henrique Pongelupp Oliveira,,,BRAZIL,,Silver,52,true,https://www.ibo-info.org/files/downloads/results-reports/results/IBO2025%20Ranking.pdf,ibo_pdf;age_missing;project_na
IBO,2025,Amanda Mosane,,,LATVIA,,Silver,53,true,https://www.ibo-info.org/files/downloads/results-reports/results/IBO2025%20Ranking.pdf,ibo_pdf;age_missing;project_na
IBO,2025,Benedek Pinter,,,HUNGARY,,Silver,54,true,https://www.ibo-info.org/files/downloads/results-reports/results/IBO2025%20Ranking.pdf,ibo_pdf;age_missing;project_na
IBO,2025,Ryosuke Takenouchi,,,JAPAN,,Silver,55,true,https://www.ibo-info.org/files/downloads/results-reports/results/IBO2025%20Ranking.pdf,ibo_pdf;age_missing;project_na
IBO,2025,IOD2 Zakhar Degterenko,,,,,Silver,56,true,https://www.ibo-info.org/files/downloads/results-reports/results/IBO2025%20Ranking.pdf,ibo_pdf;age_missing;project_na
IBO,2025,Juliusz Szczeszek-Bistuła,,,POLAND,,Silver,57,true,https://www.ibo-info.org/files/downloads/results-reports/results/IBO2025%20Ranking.pdf,ibo_pdf;age_missing;project_na
IBO,2025,Okko Varpasuo,,,FINLAND,,Silver,58,true,https://www.ibo-info.org/files/downloads/results-reports/results/IBO2025%20Ranking.pdf,ibo_pdf;age_missing;project_na
IBO,2025,Fruzsina Kaldy,,,HUNGARY,,Silver,59,true,https://www.ibo-info.org/files/downloads/results-reports/results/IBO2025%20Ranking.pdf,ibo_pdf;age_missing;project_na
IBO,2025,"KONG, CHINA Minze He",,,HONG,,Silver,60,true,https://www.ibo-info.org/files/downloads/results-reports/results/IBO2025%20Ranking.pdf,ibo_pdf;age_missing;project_na
IBO,2025,Stoyan Dobrev,,,BULGARIA,,Silver,61,true,https://www.ibo-info.org/files/downloads/results-reports/results/IBO2025%20Ranking.pdf,ibo_pdf;age_missing;project_na
IBO,2025,Nophirun Satiraprapakul,,,THAILAND,,Silver,62,true,https://www.ibo-info.org/files/downloads/results-reports/results/IBO2025%20Ranking.pdf,ibo_pdf;age_missing;project_na
IBO,2025,Dave Vicco Youki,,,INDONESIA,,Silver,63,true,https://www.ibo-info.org/files/downloads/results-reports/results/IBO2025%20Ranking.pdf,ibo_pdf;age_missing;project_na
IBO,2025,Theera Yanyongchaikij,,,THAILAND,,Silver,64,true,https://www.ibo-info.org/files/downloads/results-reports/results/IBO2025%20Ranking.pdf,ibo_pdf;age_missing;project_na
IBO,2025,Ruben Kastelic,,,SWITZERLAND,,Silver,65,true,https://www.ibo-info.org/files/downloads/results-reports/results/IBO2025%20Ranking.pdf,ibo_pdf;age_missing;project_na
IBO,2025,Keisya Dhiandra Prabowo,,,INDONESIA,,Silver,66,true,https://www.ibo-info.org/files/downloads/results-reports/results/IBO2025%20Ranking.pdf,ibo_pdf;age_missing;project_na
IBO,2025,"KONG, CHINA Yik Cheung Chan",,,HONG,,Silver,67,true,https://www.ibo-info.org/files/downloads/results-reports/results/IBO2025%20Ranking.pdf,ibo_pdf;age_missing;project_na
IBO,2025,Karl-Erik Volberg,,,ESTONIA,,Silver,68,true,https://www.ibo-info.org/files/downloads/results-reports/results/IBO2025%20Ranking.pdf,ibo_pdf;age_missing;project_na
IBO,2025,Hadar Caesar,,,ISRAEL,,Silver,69,true,https://www.ibo-info.org/files/downloads/results-reports/results/IBO2025%20Ranking.pdf,ibo_pdf;age_missing;project_na
IBO,2025,Aiya Kanjananapanich,,,THAILAND,,Silver,70,true,https://www.ibo-info.org/files/downloads/results-reports/results/IBO2025%20Ranking.pdf,ibo_pdf;age_missing;project_na
IBO,2025,Marijn Ruben Vrolijk,,,NETHERLANDS,,Silver,71,true,https://www.ibo-info.org/files/downloads/results-reports/results/IBO2025%20Ranking.pdf,ibo_pdf;age_missing;project_na
IBO,2025,Itaru Marutani,,,JAPAN,,Silver,72,true,https://www.ibo-info.org/files/downloads/results-reports/results/IBO2025%20Ranking.pdf,ibo_pdf;age_missing;project_na
IBO,2025,ZEALAND Oren Wu Dabbach,,,NEW,,Silver,73,true,https://www.ibo-info.org/files/downloads/results-reports/results/IBO2025%20Ranking.pdf,ibo_pdf;age_missing;project_na
IBO,2025,Oliver Downing,,,AUSTRALIA,,Silver,74,true,https://www.ibo-info.org/files/downloads/results-reports/results/IBO2025%20Ranking.pdf,ibo_pdf;age_missing;project_na
IBO,2025,Oliver Novysedlák,,,SLOVAKIA,,Silver,75,true,https://www.ibo-info.org/files/downloads/results-reports/results/IBO2025%20Ranking.pdf,ibo_pdf;age_missing;project_na
IBO,2025,Leon Chen,,,GERMANY,,Silver,76,true,https://www.ibo-info.org/files/downloads/results-reports/results/IBO2025%20Ranking.pdf,ibo_pdf;age_missing;project_na
IBO,2025,Emilijus Latakas,,,LITHUANIA,,Silver,77,true,https://www.ibo-info.org/files/downloads/results-reports/results/IBO2025%20Ranking.pdf,ibo_pdf;age_missing;project_na
IBO,2025,Hiroki Oshima,,,JAPAN,,Silver,78,true,https://www.ibo-info.org/files/downloads/results-reports/results/IBO2025%20Ranking.pdf,ibo_pdf;age_missing;project_na
IBO,2025,KINGDOM Alexia Saw Yuanching Brazil,,,UNITED,,Silver,79,true,https://www.ibo-info.org/files/downloads/results-reports/results/IBO2025%20Ranking.pdf,ibo_pdf;age_missing;project_na
IBO,2025,Harsh Mutupuri,,,CANADA,,Silver,80,true,https://www.ibo-info.org/files/downloads/results-reports/results/IBO2025%20Ranking.pdf,ibo_pdf;age_missing;project_na
IBO,2025,Oleksandr Porovskyy,,,UKRAINE,,Silver,81,true,https://www.ibo-info.org/files/downloads/results-reports/results/IBO2025%20Ranking.pdf,ibo_pdf;age_missing;project_na
IBO,2025,Leonore Fischer,,,GERMANY,,Silver,82,true,https://www.ibo-info.org/files/downloads/results-reports/results/IBO2025%20Ranking.pdf,ibo_pdf;age_missing;project_na
IBO,2025,Wen Kai Hee,,,MALAYSIA,,Silver,83,true,https://www.ibo-info.org/files/downloads/results-reports/results/IBO2025%20Ranking.pdf,ibo_pdf;age_missing;project_na
IBO,2025,REPUBLIC Michal Stanek,,,CZECH,,Silver,84,true,https://www.ibo-info.org/files/downloads/results-reports/results/IBO2025%20Ranking.pdf,ibo_pdf;age_missing;project_na
IBO,2025,Dimitar Oronov,,,BULGARIA,,Silver,85,true,https://www.ibo-info.org/files/downloads/results-reports/results/IBO2025%20Ranking.pdf,ibo_pdf;age_missing;project_na
IBO,2025,Arnolds Pīrāgs,,,LATVIA,,Silver,86,true,https://www.ibo-info.org/files/downloads/results-reports/results/IBO2025%20Ranking.pdf,ibo_pdf;age_missing;project_na
IBO,2025,Shira Gros,,,ISRAEL,,Silver,87,true,https://www.ibo-info.org/files/downloads/results-reports/results/IBO2025%20Ranking.pdf,ibo_pdf;age_missing;project_na
IBO,2025,Hilye Rana Eser,,,TÜRKIYE,,Silver,88,true,https://www.ibo-info.org/files/downloads/results-reports/results/IBO2025%20Ranking.pdf,ibo_pdf;age_missing;project_na
IBO,2025,ARABIA Abdullah Hajid A Alsubai,,,SAUDI,,Silver,89,true,https://www.ibo-info.org/files/downloads/results-reports/results/IBO2025%20Ranking.pdf,ibo_pdf;age_missing;project_na
IBO,2025,Juliane Lundsgaard,,,DENMARK,,Silver,90,true,https://www.ibo-info.org/files/downloads/results-reports/results/IBO2025%20Ranking.pdf,ibo_pdf;age_missing;project_na
IBO,2025,Emīls Gerhards Bērziņš,,,LATVIA,,Bronze,91,true,https://www.ibo-info.org/files/downloads/results-reports/results/IBO2025%20Ranking.pdf,ibo_pdf;age_missing;project_na
IBO,2025,Alikhan Ashirkhanov,,,KAZAKHSTAN,,Bronze,92,true,https://www.ibo-info.org/files/downloads/results-reports/results/IBO2025%20Ranking.pdf,ibo_pdf;age_missing;project_na
IBO,2025,Marcos Paulo Gonçalves Santos,,,BRAZIL,,Bronze,93,true,https://www.ibo-info.org/files/downloads/results-reports/results/IBO2025%20Ranking.pdf,ibo_pdf;age_missing;project_na
IBO,2025,Lukas Matthias Müller,,,SWITZERLAND,,Bronze,94,true,https://www.ibo-info.org/files/downloads/results-reports/results/IBO2025%20Ranking.pdf,ibo_pdf;age_missing;project_na
IBO,2025,Boyan Tsenov,,,BULGARIA,,Bronze,95,true,https://www.ibo-info.org/files/downloads/results-reports/results/IBO2025%20Ranking.pdf,ibo_pdf;age_missing;project_na
IBO,2025,Min Sung Lee,,,PHILIPPINES,,Bronze,96,true,https://www.ibo-info.org/files/downloads/results-reports/results/IBO2025%20Ranking.pdf,ibo_pdf;age_missing;project_na
IBO,2025,Jonas Kirk,,,DENMARK,,Bronze,97,true,https://www.ibo-info.org/files/downloads/results-reports/results/IBO2025%20Ranking.pdf,ibo_pdf;age_missing;project_na
IBO,2025,Simon Renčko,,,SLOVAKIA,,Bronze,98,true,https://www.ibo-info.org/files/downloads/results-reports/results/IBO2025%20Ranking.pdf,ibo_pdf;age_missing;project_na
IBO,2025,Aidan Chan,,,AUSTRALIA,,Bronze,99,true,https://www.ibo-info.org/files/downloads/results-reports/results/IBO2025%20Ranking.pdf,ibo_pdf;age_missing;project_na
